Aprilia RSV4 1100 Factory,2021,Sport,217.0,0,122.0,1099.0,220.0,199.0,25499.0
Aprilia RSV4 RR 1000,2021,Sport,201.0,0,115.0,999.6,220.0,204.0,17499.0
Aprilia RSV4 RR 1000,2021,Sport,201.0,0,115.0,999.6,220.0,204.0,17499.0
Aprilia SR 50 MT,2021,Scooter,2.0,45.0,3.0,49.0,140.0,0,2120.0
Aprilia Tuono V4 1100 Factory,2021,Naked bike,175.0,0,121.0,1077.0,220.0,209.0,18999.0
Aprilia Tuono V4 1100 RR,2021,Naked bike,175.0,0,121.0,1077.0,220.0,209.0,15499.0
Arch 1s,2021,Sport,120.0,0,163.0,2032.0,266.0,0,120000.0
Arch KRGT-1,2021,Sport,120.0,0,164.1,2032.0,266.0,0,89000.0
BMW F 750 GS,2021,Enduro / offroad,77.0,190.0,83.0,853.0,265.0,224.0,10995.0
BMW F 850 GS,2021,Enduro / offroad,90.0,201.2,86.0,853.0,265.0,229.0,13545.0
BMW G 310 R,2021,Sport,33.5,143.0,28.0,313.0,240.0,0,4945.0
BMW K 1600 B,2021,Touring,158.2,201.2,175.0,1649.0,320.0,336.0,23195.0
BMW K 1600 B,2021,Touring,158.2,201.2,175.0,1649.0,320.0,336.0,23195.0
BMW K 1600 GT,2021,Touring,158.2,201.2,175.0,1649.0,320.0,334.0,24045.0
BMW K 1600 GT,2021,Touring,158.2,201.2,175.0,1649.0,320.0,334.0,24045.0
BMW K 1600 GTL,2021,Touring,158.2,201.2,175.0,1649.0,320.0,350.0,26995.0
BMW K 1600 GTL,2021,Touring,158.2,201.2,175.0,1649.0,320.0,350.0,26995.0
BMW K 1600 Grand America,2021,Touring,158.2,162.5,175.0,1649.0,320.0,364.0,26295.0
BMW K 1600 Grand America,2021,Touring,158.2,162.5,175.0,1649.0,320.0,364.0,26295.0
BMW R 1250 R,2021,Naked bike,136.0,201.2,143.0,1254.0,276.0,239.0,14195.0
BMW R 1250 RS,2021,Enduro / offroad,136.0,201.2,143.0,1254.0,276.0,243.0,15659.0
BMW R 18,2021,Custom / cruiser,91.0,178.6,157.3,1802.0,300.0,0,17495.0
BMW S 1000 R,2021,Naked bike,165.0,201.2,114.0,999.0,220.0,205.0,14995.0
BMW S 1000 RR,2021,Sport,205.0,201.2,112.6,999.0,220.0,197.0,16995.0
BMW S 1000 XR,2021,Sport,165.0,200.0,114.0,999.0,265.0,226.0,17945.0
CSC Motorcycles City Slicker,2021,Naked bike,4.3,75.0,0,0,191.0,0,2495.0
CSC Motorcycles TT250,2021,Enduro / offroad,16.1,0,0,229.5,0,0,2295.0
CSC Motorcycles TT250,2021,Enduro / offroad,16.1,0,0,229.5,0,0,2295.0
Cleveland Ace 250,2021,Classic,16.9,0,0,229.0,220.0,0,3995.0
Cleveland Ace 400,2021,Classic,42.0,0,34.0,397.0,220.0,0,3995.0
Cleveland District First Edition,2021,Allround,2.0,104.6,39.3,0,200.0,0,8000.0
Cleveland District Founders Edition,2021,Allround,17.4,136.8,39.3,0,200.0,0,15000.0
Cobra CX50SRX FWE,2021,Minibike-cross,0,0,0,50.0,140.0,0,5499.0
Confederate F-117 Fighter,2021,Sport,120.0,0,162.7,1917.0,230.0,254.0,75000.0
Confederate FA-13 Combat Bomber,2021,Sport,145.0,257.5,217.0,2163.0,230.0,254.0,125000.0
Confederate P-51 Combat Fighter,2021,Sport,145.0,257.5,217.0,2163.0,230.0,254.0,100000.0
Confederate Wraith,2021,Naked bike,145.0,257.5,160.0,2163.0,220.0,254.0,155000.0
GAS GAS EX 250F,2021,Enduro / offroad,0,0,0,249.9,220.0,0,9099.0
GAS GAS EX 300,2021,Enduro / offroad,0,0,0,299.3,220.0,0,9599.0
GAS GAS EX 350F,2021,Enduro / offroad,0,0,0,349.7,220.0,0,9999.0
GAS GAS EX 450F,2021,Enduro / offroad,0,0,0,449.9,220.0,0,10099.0
Harley-Davidson CVO Limited,2021,Touring,105.0,0,169.5,1923.0,0,428.2,44099.0
Harley-Davidson CVO Road Glide,2021,Touring,105.0,0,171.0,1923.0,0,405.1,41399.0
Harley-Davidson CVO Street Glide,2021,Touring,105.0,0,170.9,1923.0,0,392.8,40599.0
Harley-Davidson CVO Tri Glide,2021,Touring,105.0,0,169.5,1917.4,0,575.6,48999.0
Harley-Davidson Electra Glide Standard,2021,Touring,90.0,0,150.0,1746.0,0,372.0,1899.0
Harley-Davidson Fat Bob 114,2021,Custom / cruiser,94.0,0,160.0,1868.0,0,306.6,18799.0
Harley-Davidson Fat Boy 114,2021,Custom / cruiser,100.0,0,161.4,1868.0,0,317.1,19999.0
Harley-Davidson Forty-Eight,2021,Custom / cruiser,65.0,0,99.0,1202.0,0,252.0,11250.0
Harley-Davidson Freewheeler,2021,Custom / cruiser,100.0,0,165.4,1868.0,0,507.1,27999.0
Harley-Davidson Heritage Classic,2021,Custom / cruiser,86.0,0,147.8,1746.0,0,330.2,18999.0
Harley-Davidson Heritage Classic 114,2021,Custom / cruiser,0,0,161.4,1868.2,0,330.2,20449.0
Harley-Davidson Iron 1200,2021,Custom / cruiser,0,0,99.0,1202.0,0,255.8,9999.0
Harley-Davidson Iron 883,2021,Custom / cruiser,51.0,0,73.0,883.0,300.0,256.0,9499.0
Harley-Davidson LiveWire,2021,Sport,105.0,154.5,116.6,0,0,249.0,29799.0
Harley-Davidson Low Rider S,2021,Custom / cruiser,0,0,161.4,1868.2,0,308.0,17999.0
Harley-Davidson Road Glide,2021,Touring,89.0,0,150.5,1746.0,0,388.0,21699.0
Harley-Davidson Road Glide Limited,2021,Touring,89.0,0,165.4,1868.0,0,422.8,28299.0
Harley-Davidson Road Glide Special,2021,Touring,100.0,0,160.0,1868.0,0,386.9,26699.0
Harley-Davidson Road King,2021,Touring,89.0,0,150.5,1746.0,0,375.6,19499.0
Harley-Davidson Road King Special,2021,Touring,100.0,0,160.0,1868.0,0,366.1,22999.0
Harley-Davidson Softail Slim,2021,Custom / cruiser,86.0,0,149.2,1746.0,0,304.4,15999.0
Harley-Davidson Softail Standard,2021,Custom / cruiser,0,170.0,149.2,1753.5,292.0,297.1,13599.0
Harley-Davidson Sport Glide,2021,Custom / cruiser,86.0,0,146.5,1746.0,0,317.0,18599.0
Harley-Davidson Street Bob 114,2021,Custom / cruiser,0,0,161.4,1868.2,0,298.9,14999.0
Harley-Davidson Street Glide,2021,Touring,89.0,0,150.5,1746.0,0,376.0,21999.0
Harley-Davidson Street Glide Special,2021,Touring,100.0,0,160.0,1868.0,0,375.1,27099.0
Harley-Davidson Tri Glide Ultra,2021,Touring,100.0,0,164.1,1868.0,0,563.8,34999.0
Harley-Davidson Ultra Limited,2021,Touring,100.0,0,165.4,1868.0,0,415.9,28699.0
Honda ADV150,2021,Scooter,0,0,0,149.0,130.0,0,4299.0
Honda CB500X,2021,Sport,46.4,0,41.3,471.0,240.0,196.9,6999.0
Honda CBR1000RR,2021,Sport,143.5,0,104.0,998.0,256.0,194.1,16499.0
Honda CBR500R,2021,Sport,46.9,0,43.0,471.0,240.0,190.1,6699.0
Honda CBR600RR,2021,Sport,118.0,0,66.0,599.0,220.0,186.0,11899.0
Honda CRF150R,2021,Cross / motocross,23.5,0,14.1,149.0,190.0,83.9,5199.0
Honda CRF250F,2021,Cross / motocross,0,0,0,249.0,220.0,120.2,4699.0
Honda CRF250RX,2021,Enduro / offroad,0,0,0,249.0,240.0,110.7,8399.0
Honda CRF450R,2021,Cross / motocross,53.0,170.0,48.0,449.7,240.0,110.7,9599.0
Honda CRF450RL,2021,Cross / motocross,53.0,170.0,48.0,449.0,240.0,131.1,9999.0
Honda CRF450RX,2021,Enduro / offroad,0,0,0,449.0,240.0,113.9,989.0
Honda Monkey,2021,Allround,0,0,0,124.9,190.0,105.0,3999.0
Honda TRX90X,2021,ATV,0,0,0,86.0,140.0,118.8,3199.0
Honda Trail 125,2021,Allround,0,0,0,124.9,190.0,0,3899.0
Honda XR650L,2021,Enduro / offroad,0,0,0,644.0,0,156.9,6999.0
Husqvarna FE 350s,2021,Enduro / offroad,0,0,0,349.7,220.0,0,11299.0
Husqvarna FE 501s,2021,Enduro / offroad,0,0,0,510.4,220.0,0,11699.0
Indian Challenger Dark Horse,2021,Custom / cruiser,122.0,0,173.6,1769.9,298.0,377.0,27999.0
Indian Challenger Limited,2021,Custom / cruiser,122.0,0,173.6,1769.9,298.0,381.0,28745.0
Indian Chieftain ,2021,Custom / cruiser,0,0,161.6,1811.0,300.0,372.0,21999.0
Indian Chieftain Dark Horse,2021,Custom / cruiser,0,0,168.0,1890.0,300.0,376.0,29745.0
Indian Chieftain Elite,2021,Custom / cruiser,0,0,168.0,1890.0,300.0,379.0,34999.0
Indian Chieftain Limited,2021,Custom / cruiser,92.0,0,170.9,1901.0,300.0,376.0,27999.0
Indian FTR 1200,2021,Custom / cruiser,123.0,0,117.9,1203.0,265.0,230.0,11490.0
Indian FTR 1200 S,2021,Custom / cruiser,123.0,0,117.9,1203.0,265.0,235.0,13999.0
Indian FTR Rally,2021,Custom / cruiser,123.0,0,120.0,1203.0,265.0,239.0,13499.0
Indian Roadmaster,2021,Touring,92.0,0,170.9,1901.0,300.0,420.0,29999.0
Indian Roadmaster Dark Horse,2021,Touring,92.0,0,170.9,1901.0,300.0,408.0,2999.0
Indian Roadmaster Elite,2021,Touring,92.0,0,170.9,1901.0,300.0,420.0,38999.0
Indian Roadmaster Limited,2021,Touring,92.0,0,170.9,1901.0,300.0,403.0,30749.0
Indian Scout ,2021,Custom / cruiser,100.0,0,97.6,1133.0,298.0,254.0,11499.0
Indian Scout Bobber,2021,Custom / cruiser,100.0,0,97.6,1133.0,298.0,251.0,10999.0
Indian Scout Bobber Sixty,2021,Custom / cruiser,78.0,0,88.8,999.0,298.0,249.0,8999.0
Indian Scout Bobber Twenty,2021,Custom / cruiser,100.0,0,97.7,1133.0,298.0,264.0,11999.0
Indian Scout Sixty,2021,Custom / cruiser,78.0,0,88.8,999.0,298.0,247.0,10299.0
Indian Springfield,2021,Touring,92.0,0,161.6,1811.0,300.0,376.0,21999.0
Indian Springfield Dark Horse,2021,Touring,92.0,0,168.0,1890.0,300.0,358.0,22499.0
Indian Vintage,2021,Custom / cruiser,92.0,0,161.6,1811.0,300.0,379.0,20499.0
Indian Vintage Dark Horse,2021,Custom / cruiser,92.0,0,161.6,1811.0,300.0,357.0,19499.0
KTM 125 SX,2021,Enduro / offroad,15.0,0,0,124.8,220.0,0,7399.0
KTM 125 XC,2021,Enduro / offroad,15.0,0,0,124.8,220.0,0,7599.0
KTM 150 EXC TPI,2021,Enduro / offroad,0,0,0,143.7,220.0,0,8999.0
KTM 150 SX,2021,Cross / motocross,0,0,0,144.0,220.0,0,7599.0
KTM 150 XC-W TPI,2021,Enduro / offroad,0,0,0,144.0,220.0,0,8999.0
KTM 250 SX,2021,Cross / motocross,0,0,0,249.0,220.0,0,8399.0
KTM 250 XC TPI,2021,Enduro / offroad,0,0,0,249.0,220.0,0,9999.0
KTM 250 XC-F,2021,Enduro / offroad,0,0,0,249.9,220.0,0,9699.0
KTM 250 XC-W TPI,2021,Enduro / offroad,0,0,0,249.0,220.0,0,9999.0
KTM 300 XC TPI,2021,Enduro / offroad,0,0,0,293.2,220.0,0,10199.0
KTM 300 XC-W TPI,2021,Enduro / offroad,0,0,0,293.2,220.0,0,10199.0
KTM 300 XC-W TPI Erzbergrodeo,2021,Enduro / offroad,0,0,0,293.2,220.0,0,11499.0
KTM 350 EXC-F,2021,Enduro / offroad,0,0,0,349.7,220.0,0,11190.0
KTM 350 XC-F,2021,Enduro / offroad,0,0,0,349.7,220.0,0,10699.0
KTM 450 SMR,2021,Super motard,0,0,0,449.3,220.0,0,11299.0
KTM 450 SX-F,2021,Cross / motocross,63.0,0,0,449.3,220.0,0,10199.0
KTM 450 XC-F,2021,Enduro / offroad,0,0,0,449.3,220.0,0,10799.0
KTM 50 SX,2021,Minibike-cross,0,0,0,124.8,160.0,0,4399.0
KTM 50 SX Factory,2021,Minibike-cross,0,0,0,124.8,160.0,0,5199.0
KTM 500 EXC-F,2021,Enduro / offroad,0,0,0,510.9,220.0,0,11590.0
KTM 500 XCF-W,2021,Enduro / offroad,0,0,0,510.9,220.0,0,11190.0
KTM 65 SX,2021,Minibike-cross,0,0,0,64.9,160.0,0,5099.0
KTM 85 SX 17-14,2021,Cross / motocross,0,0,0,84.9,220.0,0,6099.0
KTM 85 SX 19-16,2021,Cross / motocross,0,0,0,84.9,210.0,0,6299.0
KTM SX-E 5,2021,Sport,6.7,0,13.8,0,160.0,0,5099.0
Kawasaki KFX50,2021,ATV,0,0,0,49.5,0,111.0,1999.0
Kawasaki KFX90,2021,ATV,0,0,0,90.0,0,121.0,2599.0
Kawasaki KLX 110R,2021,Enduro / offroad,0,0,0,112.0,110.0,76.0,2349.0
Kawasaki KLX 110R L,2021,Enduro / offroad,0,0,0,112.0,110.0,76.2,2549.0
Kawasaki KLX 140R,2021,Enduro / offroad,0,0,0,144.0,186.0,93.0,3149.0
Kawasaki KLX 140R F,2021,Enduro / offroad,0,0,0,144.0,186.0,99.0,3749.0
Kawasaki KLX 140R L,2021,Enduro / offroad,0,0,0,144.0,186.0,95.0,3449.0
Kawasaki KLX 230R,2021,Enduro / offroad,0,0,0,233.0,220.0,133.0,4599.0
Kawasaki KLX230,2021,Enduro / offroad,0,0,0,233.0,220.0,133.0,4599.0
Kawasaki KLX250,2021,Super motard,0,0,20.6,249.0,240.0,138.0,5399.0
Kawasaki KLX300R,2021,Enduro / offroad,0,0,0,292.0,240.0,0,5499.0
Kawasaki KX100,2021,Cross / motocross,0,0,0,99.0,184.0,77.0,4649.0
Kawasaki KX250,2021,Cross / motocross,0,0,0,249.0,240.0,107.3,8299.0
Kawasaki KX250X,2021,Cross / motocross,0,0,0,249.0,240.0,0,8399.0
Kawasaki KX450,2021,Cross / motocross,0,0,0,449.0,250.0,110.0,9399.0
Kawasaki KX450X,2021,Cross / motocross,0,0,0,449.0,250.0,0,9599.0
Kawasaki KX65,2021,Cross / motocross,0,0,0,64.7,180.0,60.0,3749.0
Kawasaki KX85,2021,Cross / motocross,0,0,0,84.0,184.0,75.0,4399.0
Kawasaki Ninja 1000SX,2021,Sport,200.0,0,113.5,1043.0,250.0,233.1,12599.0
Kawasaki Ninja 400,2021,Sport,0,0,0,399.0,220.0,0,4999.0
Kawasaki Ninja 650,2021,Sport,52.3,0,56.0,649.0,220.0,192.1,7599.0
Kawasaki Ninja H2,2021,Sport,228.0,0,141.7,998.0,250.0,238.1,29500.0
Kawasaki Ninja H2 Carbon,2021,Sport,228.0,0,142.2,998.0,250.0,237.7,33000.0
Kawasaki Ninja H2 SX SE Plus,2021,Sport,228.0,0,141.7,998.0,250.0,261.7,25000.0
Kawasaki Ninja H2R,2021,Sport,228.0,0,141.7,998.0,250.0,215.9,55000.0
Kawasaki Ninja ZX-14R,2021,Sport,0,0,158.0,1441.0,250.0,269.0,15199.0
Kawasaki Ninja ZX-6R,2021,Sport,126.2,0,70.8,636.0,210.0,195.0,10199.0
Kawasaki Versys 1000 SE LT Plus,2021,Sport touring,120.0,0,102.0,1043.0,250.0,257.1,18199.0
Kawasaki Versys 650,2021,Allround,69.0,0,64.0,649.0,250.0,0,9299.0
Kawasaki Versys 650 LT,2021,Allround,52.3,0,57.0,649.0,250.0,0,9299.0
Kawasaki Versys-X 300,2021,Allround,0,0,26.0,296.0,0,0,5899.0
Kawasaki Vulcan 1700 Vaquero,2021,Touring,0,0,145.9,1700.0,300.0,406.1,16999.0
Kawasaki Vulcan 1700 Voyager,2021,Touring,73.0,0,145.9,1700.0,300.0,406.1,17699.0
Kawasaki Vulcan 900 Classic,2021,Custom / cruiser,49.6,0,78.0,903.0,270.0,298.1,8199.0
Kawasaki Vulcan 900 Classic LT,2021,Custom / cruiser,49.6,0,78.0,903.0,270.0,298.1,9199.0
Kawasaki Vulcan 900 Custom,2021,Custom / cruiser,49.6,0,78.0,903.0,270.0,276.7,8699.0
Kawasaki Vulcan S ,2021,Custom / cruiser,60.4,0,63.0,649.0,250.0,226.0,7199.0
Kawasaki Vulcan S  Cafe,2021,Custom / cruiser,48.0,0,62.8,649.0,250.0,228.0,8199.0
Kawasaki Z H2,2021,Naked bike,0,0,137.0,998.0,250.0,239.0,17500.0
Kawasaki Z125 Pro,2021,Naked bike,14.8,0,11.7,125.0,184.0,102.0,3299.0
Kawasaki Z400,2021,Classic,27.0,147.0,38.0,399.0,220.0,165.0,4999.0
Kawasaki Z650,2021,Naked bike,67.3,0,65.7,649.0,220.0,187.0,7249.0
Kawasaki Z900,2021,Naked bike,0,0,99.1,948.0,250.0,212.1,8999.0
Kawasaki Z900RS,2021,Classic,110.0,0,98.5,948.0,250.0,215.1,11299.0
Kawasaki Z900RS Cafe,2021,Classic,110.0,0,98.5,948.0,250.0,216.1,11899.0
Soriano Giaguaro V1 Gara,2021,Sport,40.2,0,77.6,0,0,0,39000.0
Soriano Giaguaro V1R,2021,Sport,80.0,0,144.8,0,0,0,36500.0
Soriano Giaguaro V1S,2021,Naked bike,80.0,0,144.8,0,0,0,36600.0
Suzuki DR-Z125L,2021,Enduro / offroad,0,0,0,124.0,0,89.0,3349.0
Suzuki DR-Z400S,2021,Enduro / offroad,0,0,0,398.0,220.0,144.0,6899.0
Suzuki DR-Z400SM,2021,Super motard,0,0,0,398.0,240.0,146.0,7499.0
Suzuki DR-Z50,2021,Minibike-cross,0,0,0,49.0,0,54.0,1799.0
Suzuki GSX-R1000R Anniversary,2021,Sport,185.0,0,117.0,999.0,220.0,202.0,17999.0
Suzuki GSX-R600 Anniversary,2021,Sport,0,0,0,599.0,310.0,187.0,11599.0
Suzuki GSX-R750 Anniversary,2021,Sport,150.0,0,86.2,750.0,220.0,190.0,12699.0
Suzuki QuadSport Z50,2021,ATV,0,0,0,49.0,0,79.0,2149.0
Suzuki QuadSport Z90,2021,ATV,0,0,0,90.0,0,127.0,2999.0
Suzuki RM-Z250,2021,Cross / motocross,0,0,0,249.0,270.0,106.0,7899.0
Suzuki RM-Z450,2021,Cross / motocross,0,0,0,449.0,270.0,112.0,8999.0
Suzuki RM85,2021,Cross / motocross,0,0,0,84.7,200.0,73.0,4299.0
Triumph Trident 660,2021,Naked bike,891.0,0,63.7,660.0,255.0,0,7995.0
Ural Gear Up,2021,Classic,41.0,112.7,52.0,749.0,256.0,0,17549.0
Vespa Primavera Sean Wotherspoon 150,2021,Scooter,12.9,95.0,12.8,155.0,140.0,0,5749.0
Vespa Primavera Sean Wotherspoon 50,2021,Scooter,3.2,0,0,49.9,140.0,0,4399.0
Yamaha MT-07,2021,Sport,74.0,0,68.0,689.0,245.0,184.2,7699.0
Yamaha MT-09,2021,Naked bike,0,0,0,890.0,245.0,189.2,9399.0
Yamaha MT-09 SP,2021,Naked bike,0,0,0,890.0,245.0,190.1,10999.0
Yamaha NMAX 155,2021,Scooter,12.1,0,14.4,155.0,230.0,127.0,2195.0
Yamaha Tenere 700,2021,Sport touring,73.8,0,68.0,689.0,245.0,205.0,9999.0
Yamaha WR450F,2021,Enduro / offroad,0,0,0,450.0,245.0,118.8,9799.0
Yamaha YZF-R1,2021,Sport,200.0,0,112.4,998.0,220.0,203.2,17399.0
Yamaha YZF-R1M,2021,Sport,200.0,0,112.0,998.0,220.0,204.1,26099.0
Yamaha YZF-R3,2021,Sport,42.0,0,29.6,321.0,220.0,166.9,5299.0
Yamaha YZF-R3 Monster Energy,2021,Sport,42.0,0,29.6,321.0,220.0,166.9,5599.0
Yamaha Zuma 125,2021,Scooter,0,0,0,125.0,200.0,118.8,3599.0
BMW C 650 GT,2020,Scooter,60.0,180.0,63.0,647.0,270.0,261.0,10995.0
BMW C 650 GT,2020,Scooter,60.0,180.0,63.0,647.0,270.0,261.0,10995.0
BMW F 750 GS,2020,Enduro / offroad,77.0,190.0,83.0,853.0,265.0,224.0,10395.0
BMW F 750 GS,2020,Enduro / offroad,77.0,190.0,83.0,853.0,265.0,224.0,10395.0
BMW R 1250 R,2020,Naked bike,136.0,0,143.0,1254.0,276.0,239.0,14999.0
BMW R 1250 R,2020,Naked bike,136.0,0,143.0,1254.0,276.0,239.0,14999.0
BMW R 1250 RS,2020,Enduro / offroad,136.0,201.2,143.0,1254.0,276.0,243.0,15695.0
BMW R 1250 RS,2020,Enduro / offroad,136.0,201.2,143.0,1254.0,276.0,243.0,15695.0
BMW R 1250 RT,2020,Enduro / offroad,134.1,201.0,143.0,1254.0,276.0,0,15695.0
BMW R 1250 RT,2020,Enduro / offroad,134.1,201.0,143.0,1254.0,276.0,0,15695.0
BMW S 1000 RR,2020,Sport,205.0,200.0,112.6,999.0,220.0,197.0,16995.0
BMW S 1000 RR,2020,Sport,205.0,200.0,112.6,999.0,220.0,197.0,16995.0
Benelli 302 S,2020,Naked bike,37.6,0,25.6,300.0,240.0,185.0,4299.0
Benelli 302 S,2020,Naked bike,37.6,0,25.6,300.0,240.0,185.0,4299.0
Benelli Caffenero 150,2020,Scooter,13.1,0,9.8,150.1,0,0,2499.0
Benelli Caffenero 150,2020,Scooter,13.1,0,9.8,150.1,0,0,2499.0
Benelli Caffenero 150,2020,Scooter,13.1,0,9.8,150.1,0,0,2499.0
Benelli Caffenero 150,2020,Scooter,13.1,0,9.8,150.1,0,0,2499.0
Benelli TNT 135,2020,Minibike-sport,11.3,0,10.0,134.7,190.0,0,2699.0
Benelli TNT 135,2020,Minibike-sport,11.3,0,10.0,134.7,190.0,0,2699.0
Benelli Tornado Naked T 600,2020,Naked bike,67.1,0,48.0,599.6,260.0,0,5999.0
Benelli Tornado Naked T 600,2020,Naked bike,67.1,0,48.0,599.6,260.0,0,5999.0
Benelli Zafferano 250,2020,Scooter,18.1,0,20.0,249.8,0,194.0,3399.0
Benelli Zafferano 250,2020,Scooter,18.1,0,20.0,249.8,0,194.0,3399.0
Brough Superior AMB 001,2020,Sport,180.0,0,0,997.0,0,0,108000.0
Brough Superior AMB 001,2020,Sport,180.0,0,0,997.0,0,0,108000.0
California Scooter RX4,2020,Allround,40.2,152.9,0,450.0,0,0,5395.0
California Scooter RX4,2020,Allround,40.2,152.9,0,450.0,0,0,5395.0
California Scooter SG250 San Gabriel,2020,Allround,0,0,0,223.0,0,0,2295.0
California Scooter SG250 San Gabriel,2020,Allround,0,0,0,223.0,0,0,2295.0
Christini AWD 450 DS,2020,Enduro / offroad,42.0,0,0,450.0,240.0,0,10599.0
Christini AWD 450 Explorer,2020,Enduro / offroad,42.0,0,0,450.0,240.0,0,10995.0
Christini AWD 450 SM,2020,Super motard,42.0,0,0,450.0,240.0,0,9795.0
Damon Hypersport HS,2020,Prototype / concept model,200.0,0,0,0,0,0,24995.0
Damon Hypersport Premier,2020,Prototype / concept model,200.0,0,0,0,300.0,0,39995.0
Genuine Scooter Buddy Kick,2020,Scooter,0,88.5,0,124.5,0,0,3199.0
Genuine Scooter Buddy Kick,2020,Scooter,0,88.5,0,124.5,0,0,3199.0
Harley-Davidson Breakout 114,2020,Custom / cruiser,100.0,0,161.4,1868.0,0,305.0,20499.0
Harley-Davidson Breakout 114,2020,Custom / cruiser,100.0,0,161.4,1868.0,0,305.0,20499.0
Harley-Davidson CVO Limited,2020,Touring,105.0,0,169.5,1923.0,0,428.2,44039.0
Harley-Davidson CVO Limited,2020,Touring,105.0,0,169.5,1923.0,0,428.2,44039.0
Harley-Davidson CVO Street Glide,2020,Touring,105.0,0,169.5,1923.0,0,392.8,40539.0
Harley-Davidson CVO Street Glide,2020,Touring,105.0,0,169.5,1923.0,0,392.8,40539.0
Harley-Davidson CVO Tri Glide,2020,Touring,105.0,0,169.5,1917.4,0,575.6,48999.0
Harley-Davidson CVO Tri Glide,2020,Touring,105.0,0,169.5,1917.4,0,575.6,48999.0
Harley-Davidson Electra Glide Standard,2020,Touring,90.0,0,150.0,1746.0,0,372.0,18999.0
Harley-Davidson Electra Glide Standard,2020,Touring,90.0,0,150.0,1746.0,0,372.0,18999.0
Harley-Davidson FXDR 114,2020,Custom / cruiser,100.0,0,160.0,1868.0,0,303.0,18999.0
Harley-Davidson FXDR 114,2020,Custom / cruiser,100.0,0,160.0,1868.0,0,303.0,18999.0
Harley-Davidson Fat Boy 114,2020,Custom / cruiser,100.0,0,160.0,1868.0,0,306.0,18799.0
Harley-Davidson Fat Boy 114,2020,Custom / cruiser,100.0,0,160.0,1868.0,0,306.0,18799.0
Harley-Davidson Freewheeler,2020,Custom / cruiser,100.0,0,165.4,1868.0,0,507.1,27999.0
Harley-Davidson Freewheeler,2020,Custom / cruiser,100.0,0,165.4,1868.0,0,507.1,27999.0
Harley-Davidson Heritage Classic,2020,Custom / cruiser,86.0,0,147.8,1746.0,0,328.0,18999.0
Harley-Davidson Heritage Classic,2020,Custom / cruiser,86.0,0,147.8,1746.0,0,328.0,18999.0
Harley-Davidson Iron 1200,2020,Custom / cruiser,0,0,99.0,1202.0,0,255.8,9999.0
Harley-Davidson Iron 1200,2020,Custom / cruiser,0,0,99.0,1202.0,0,255.8,9999.0
Harley-Davidson Iron 883,2020,Custom / cruiser,51.0,0,73.0,883.0,300.0,256.0,8999.0
Harley-Davidson Iron 883,2020,Custom / cruiser,51.0,0,73.0,883.0,300.0,256.0,8999.0
Harley-Davidson LiveWire,2020,Sport,105.0,154.5,116.6,0,0,249.0,29799.0
Harley-Davidson LiveWire,2020,Sport,105.0,154.5,116.6,0,0,249.0,29799.0
Harley-Davidson Low Rider,2020,Custom / cruiser,86.0,0,149.2,1746.0,0,300.0,14899.0
Harley-Davidson Low Rider,2020,Custom / cruiser,86.0,0,149.2,1746.0,0,300.0,14899.0
Harley-Davidson Road Glide,2020,Touring,89.0,0,150.0,1746.0,0,388.0,21699.0
Harley-Davidson Road Glide,2020,Touring,89.0,0,150.0,1746.0,0,388.0,21699.0
Harley-Davidson Road Glide Limited,2020,Touring,89.0,0,165.4,1868.0,0,422.8,28299.0
Harley-Davidson Road Glide Limited,2020,Touring,89.0,0,165.4,1868.0,0,422.8,28299.0
Harley-Davidson Road Glide Special,2020,Touring,100.0,0,165.4,1868.0,0,388.0,27299.0
Harley-Davidson Road Glide Special,2020,Touring,100.0,0,165.4,1868.0,0,388.0,27299.0
Harley-Davidson Road King Special,2020,Touring,100.0,0,165.4,1868.0,0,372.0,22999.0
Harley-Davidson Road King Special,2020,Touring,100.0,0,165.4,1868.0,0,372.0,22999.0
Harley-Davidson Roadster,2020,Naked bike,67.0,0,103.1,1202.0,0,259.0,11499.0
Harley-Davidson Roadster,2020,Naked bike,67.0,0,103.1,1202.0,0,259.0,11499.0
Harley-Davidson Softail Heritage Classic 114,2020,Custom / cruiser,94.0,0,161.4,1868.0,0,330.0,20499.0
Harley-Davidson Softail Heritage Classic 114,2020,Custom / cruiser,94.0,0,161.4,1868.0,0,330.0,20499.0
Harley-Davidson Softail Low Rider S,2020,Custom / cruiser,86.0,0,161.4,1868.2,0,308.0,17999.0
Harley-Davidson Softail Low Rider S,2020,Custom / cruiser,86.0,0,161.4,1868.2,0,308.0,17999.0
Harley-Davidson Softail Slim,2020,Custom / cruiser,86.0,0,149.2,1746.0,0,304.4,15999.0
Harley-Davidson Softail Slim,2020,Custom / cruiser,86.0,0,149.2,1746.0,0,304.4,15999.0
Harley-Davidson Sport Glide,2020,Custom / cruiser,86.0,0,145.0,1746.0,0,317.0,18599.0
Harley-Davidson Sport Glide,2020,Custom / cruiser,86.0,0,145.0,1746.0,0,317.0,18599.0
Harley-Davidson Sportster Forty-Eight,2020,Custom / cruiser,65.0,0,99.0,1202.0,0,252.0,11299.0
Harley-Davidson Sportster Forty-Eight,2020,Custom / cruiser,65.0,0,99.0,1202.0,0,252.0,11299.0
Harley-Davidson Street 750,2020,Custom / cruiser,58.0,0,60.3,749.0,0,233.2,7599.0
Harley-Davidson Street 750,2020,Custom / cruiser,58.0,0,60.3,749.0,0,233.2,7599.0
Harley-Davidson Street Bob,2020,Custom / cruiser,86.0,0,149.2,1746.0,0,297.0,14599.0
Harley-Davidson Street Bob,2020,Custom / cruiser,86.0,0,149.2,1746.0,0,297.0,14599.0
Harley-Davidson Street Glide,2020,Touring,89.0,0,150.0,1746.0,0,376.0,21999.0
Harley-Davidson Street Glide,2020,Touring,89.0,0,150.0,1746.0,0,376.0,21999.0
Harley-Davidson Street Glide Special,2020,Touring,100.0,0,165.4,1868.0,0,379.0,27699.0
Harley-Davidson Street Glide Special,2020,Touring,100.0,0,165.4,1868.0,0,379.0,27699.0
Harley-Davidson Street Rod,2020,Custom / cruiser,70.0,0,65.0,749.0,0,238.0,8699.0
Harley-Davidson Street Rod,2020,Custom / cruiser,70.0,0,65.0,749.0,0,238.0,8699.0
Harley-Davidson Tri Glide Ultra,2020,Touring,100.0,0,164.1,1868.0,0,563.8,34999.0
Harley-Davidson Tri Glide Ultra,2020,Touring,100.0,0,164.1,1868.0,0,563.8,34999.0
Harley-Davidson Ultra Limited,2020,Touring,100.0,0,165.4,1868.0,0,413.0,28699.0
Harley-Davidson Ultra Limited,2020,Touring,100.0,0,165.4,1868.0,0,413.0,28699.0
Honda Africa Twin,2020,Enduro / offroad,101.0,0,104.4,1084.0,256.0,227.3,14399.0
Honda Africa Twin,2020,Enduro / offroad,101.0,0,104.4,1084.0,256.0,227.3,14399.0
Honda Africa Twin Adventure Sports,2020,Enduro / offroad,101.0,0,104.4,1084.0,256.0,227.3,17199.0
Honda Africa Twin Adventure Sports,2020,Enduro / offroad,101.0,0,104.4,1084.0,256.0,227.3,17199.0
Honda CB300R,2020,Naked bike,0,0,0,286.0,220.0,143.8,4949.0
Honda CB300R,2020,Naked bike,0,0,0,286.0,220.0,143.8,4949.0
Honda CB500X,2020,Sport,46.4,0,41.3,471.0,240.0,195.0,6699.0
Honda CB500X,2020,Sport,46.4,0,41.3,471.0,240.0,195.0,6699.0
Honda CB650R,2020,Naked bike,93.9,0,64.0,649.0,240.0,202.8,9199.0
Honda CB650R,2020,Naked bike,93.9,0,64.0,649.0,240.0,202.8,9199.0
Honda CBR300R,2020,Sport,34.9,0,22.9,286.0,220.0,161.9,4699.0
Honda CBR300R,2020,Sport,34.9,0,22.9,286.0,220.0,161.9,4699.0
Honda CBR500R,2020,Sport,46.9,0,43.0,471.0,240.0,190.1,6699.0
Honda CBR500R,2020,Sport,46.9,0,43.0,471.0,240.0,190.1,6699.0
Honda CBR650R,2020,Sport,85.8,0,63.0,649.0,240.0,207.8,9699.0
Honda CBR650R,2020,Sport,85.8,0,63.0,649.0,240.0,207.8,9699.0
Honda CRF 50 F,2020,Enduro / offroad,0,0,0,49.0,0,49.9,1549.0
Honda CRF 50 F,2020,Enduro / offroad,0,0,0,49.0,0,49.9,1549.0
Honda CRF110F,2020,Enduro / offroad,7.2,0,8.9,109.0,109.0,77.1,2399.0
Honda CRF110F,2020,Enduro / offroad,7.2,0,8.9,109.0,109.0,77.1,2399.0
Honda CRF125F,2020,Cross / motocross,8.9,0,10.2,124.9,125.0,88.0,3099.0
Honda CRF125F,2020,Cross / motocross,8.9,0,10.2,124.9,125.0,88.0,3099.0
Honda CRF125F Big Wheel,2020,Enduro / offroad,0,0,0,124.9,149.0,90.3,3499.0
Honda CRF125F Big Wheel,2020,Enduro / offroad,0,0,0,124.9,149.0,90.3,3499.0
Honda CRF150R,2020,Cross / motocross,23.5,0,14.1,149.0,190.0,83.9,5099.0
Honda CRF150R,2020,Cross / motocross,23.5,0,14.1,149.0,190.0,83.9,5099.0
Honda CRF230F,2020,Enduro / offroad,0,0,0,249.0,220.0,113.0,4599.0
Honda CRF230F,2020,Enduro / offroad,0,0,0,249.0,220.0,113.0,4599.0
Honda CRF250F,2020,Cross / motocross,0,0,0,249.0,220.0,120.2,5499.0
Honda CRF250F,2020,Cross / motocross,0,0,0,249.0,220.0,120.2,5499.0
Honda CRF250L,2020,Enduro / offroad,22.8,0,22.0,249.6,220.0,146.0,5199.0
Honda CRF250L,2020,Enduro / offroad,22.8,0,22.0,249.6,220.0,146.0,5199.0
Honda CRF250R,2020,Cross / motocross,0,0,0,249.0,240.0,107.5,7999.0
Honda CRF250R,2020,Cross / motocross,0,0,0,249.0,240.0,107.5,7999.0
Honda CRF250RX,2020,Enduro / offroad,0,0,0,249.0,240.0,110.7,8299.0
Honda CRF250RX,2020,Enduro / offroad,0,0,0,249.0,240.0,110.7,8299.0
Honda CRF450L,2020,Cross / motocross,53.0,170.0,48.0,449.0,240.0,131.1,10399.0
Honda CRF450L,2020,Cross / motocross,53.0,170.0,48.0,449.0,240.0,131.1,10399.0
Honda CRF450R,2020,Cross / motocross,53.0,170.0,48.0,449.7,240.0,112.0,9399.0
Honda CRF450R,2020,Cross / motocross,53.0,170.0,48.0,449.7,240.0,112.0,9399.0
Honda CRF450RWE,2020,Cross / motocross,53.0,170.0,48.0,449.7,240.0,112.0,9399.0
Honda CRF450RWE,2020,Cross / motocross,53.0,170.0,48.0,449.7,240.0,112.0,9399.0
Honda CRF450RX,2020,Enduro / offroad,0,0,0,449.0,240.0,115.7,9699.0
Honda CRF450RX,2020,Enduro / offroad,0,0,0,449.0,240.0,115.7,9699.0
Honda CRF450X,2020,Enduro / offroad,44.5,0,41.3,449.0,240.0,124.7,9799.0
Honda CRF450X,2020,Enduro / offroad,44.5,0,41.3,449.0,240.0,124.7,9799.0
Honda CRF50F,2020,Enduro / offroad,0,0,0,49.0,0,0,1549.0
Honda CRF50F,2020,Enduro / offroad,0,0,0,49.0,0,0,1549.0
Honda FourTrax Foreman 4x4,2020,ATV,0,0,0,518.0,160.0,0,7399.0
Honda FourTrax Foreman 4x4,2020,ATV,0,0,0,518.0,160.0,0,7399.0
Honda FourTrax Foreman Rubicon 4x4,2020,ATV,0,0,0,518.0,170.0,0,8699.0
Honda FourTrax Foreman Rubicon 4x4,2020,ATV,0,0,0,518.0,170.0,0,8699.0
Honda FourTrax Rancher,2020,ATV,56.3,0,0,420.0,160.0,263.1,5499.0
Honda FourTrax Rancher,2020,ATV,56.3,0,0,420.0,160.0,263.1,5499.0
Honda FourTrax Recon,2020,ATV,0,0,0,229.0,0,196.9,4299.0
Honda FourTrax Recon,2020,ATV,0,0,0,229.0,0,196.9,4299.0
Honda FourTrax Rincon,2020,ATV,0,0,0,675.0,180.0,0,9399.0
Honda FourTrax Rincon,2020,ATV,0,0,0,675.0,180.0,0,9399.0
Honda Fury,2020,Custom / cruiser,0,0,89.5,1312.0,296.0,300.7,10599.0
Honda Fury,2020,Custom / cruiser,0,0,89.5,1312.0,296.0,300.7,10599.0
Honda Gold Wing Automatic DCT,2020,Touring,118.0,0,167.0,1833.0,316.0,357.0,25000.0
Honda Gold Wing Automatic DCT,2020,Touring,118.0,0,167.0,1833.0,316.0,357.0,25000.0
Honda Gold Wing Tour Automatic DCT,2020,Touring,118.0,0,167.0,1833.0,316.0,362.9,32300.0
Honda Gold Wing Tour Automatic DCT,2020,Touring,118.0,0,167.0,1833.0,316.0,362.9,32300.0
Honda Grom,2020,Sport,0,0,0,124.9,190.0,103.9,3399.0
Honda Grom,2020,Sport,0,0,0,124.9,190.0,103.9,3399.0
Honda Metropolitan,2020,Scooter,0,0,0,49.0,0,81.2,2499.0
Honda Metropolitan,2020,Scooter,0,0,0,49.0,0,81.2,2499.0
Honda Monkey,2020,Allround,0,0,0,124.9,190.0,105.0,3999.0
Honda Monkey,2020,Allround,0,0,0,124.9,190.0,105.0,3999.0
Honda Montesa Cota 301RR,2020,Trial,0,0,0,298.0,150.0,0,11699.0
Honda Montesa Cota 301RR,2020,Trial,0,0,0,298.0,150.0,0,11699.0
Honda Montesa Cota 4RT260,2020,Trial,0,0,0,259.0,150.0,77.2,8099.0
Honda Montesa Cota 4RT260,2020,Trial,0,0,0,259.0,150.0,77.2,8099.0
Honda PCX150,2020,Scooter,0,0,0,149.0,130.0,131.1,3699.0
Honda PCX150,2020,Scooter,0,0,0,149.0,130.0,131.1,3699.0
Honda Rebel 300,2020,Custom / cruiser,0,175.0,0,286.0,0,165.1,4499.0
Honda Rebel 300,2020,Custom / cruiser,0,175.0,0,286.0,0,165.1,4499.0
Honda Ruckus,2020,Scooter,0,0,0,49.0,0,88.0,2749.0
Honda Ruckus,2020,Scooter,0,0,0,49.0,0,88.0,2749.0
Honda Shadow Aero,2020,Custom / cruiser,0,0,0,745.0,180.0,254.0,7699.0
Honda Shadow Aero,2020,Custom / cruiser,0,0,0,745.0,180.0,254.0,7699.0
Honda Shadow Phantom,2020,Custom / cruiser,0,0,0,745.0,296.0,249.0,7899.0
Honda Shadow Phantom,2020,Custom / cruiser,0,0,0,745.0,296.0,249.0,7899.0
Honda Super Cub C125,2020,Scooter,0,0,0,124.9,220.0,108.9,3649.0
Honda Super Cub C125,2020,Scooter,0,0,0,124.9,220.0,108.9,3649.0
Honda TRX250X,2020,ATV,0,0,0,229.0,229.0,174.2,4949.0
Honda TRX250X,2020,ATV,0,0,0,229.0,229.0,174.2,4949.0
Honda TRX90X,2020,ATV,0,0,0,86.0,140.0,118.8,3099.0
Honda TRX90X,2020,ATV,0,0,0,86.0,140.0,118.8,3099.0
Honda XR650L,2020,Enduro / offroad,0,0,0,644.0,0,156.9,6999.0
Honda XR650L,2020,Enduro / offroad,0,0,0,644.0,0,156.9,6999.0
Husqvarna 701 Enduro,2020,Enduro / offroad,73.8,0,67.0,692.7,240.0,0,11999.0
Husqvarna 701 Enduro,2020,Enduro / offroad,73.8,0,67.0,692.7,240.0,0,11999.0
Husqvarna EE 5,2020,Minibike-cross,4.0,0,13.8,0,160.0,0,5149.0
Husqvarna EE 5,2020,Minibike-cross,4.0,0,13.8,0,160.0,0,5149.0
Husqvarna FC 250,2020,Cross / motocross,46.0,0,0,249.9,220.0,0,9199.0
Husqvarna FC 250,2020,Cross / motocross,46.0,0,0,249.9,220.0,0,9199.0
Husqvarna FC 350,2020,Cross / motocross,58.0,0,0,349.7,220.0,0,9899.0
Husqvarna FC 350,2020,Cross / motocross,58.0,0,0,349.7,220.0,0,9899.0
Husqvarna FE 350,2020,Enduro / offroad,0,0,0,349.7,220.0,0,10499.0
Husqvarna FE 350,2020,Enduro / offroad,0,0,0,349.7,220.0,0,10499.0
Husqvarna FE 350s,2020,Enduro / offroad,0,0,0,349.7,220.0,0,11099.0
Husqvarna FE 350s,2020,Enduro / offroad,0,0,0,349.7,220.0,0,11099.0
Husqvarna FE 501,2020,Enduro / offroad,0,0,0,510.9,200.0,0,11099.0
Husqvarna FE 501,2020,Enduro / offroad,0,0,0,510.9,200.0,0,11099.0
Husqvarna FX 350,2020,Enduro / offroad,58.0,0,0,349.7,220.0,0,10499.0
Husqvarna FX 350,2020,Enduro / offroad,58.0,0,0,349.7,220.0,0,10499.0
Husqvarna FX 450,2020,Enduro / offroad,63.0,0,0,449.9,220.0,0,10699.0
Husqvarna FX 450,2020,Enduro / offroad,63.0,0,0,449.9,220.0,0,10699.0
Husqvarna TC 125,2020,Cross / motocross,40.0,0,0,124.8,220.0,0,7399.0
Husqvarna TC 125,2020,Cross / motocross,40.0,0,0,124.8,220.0,0,7399.0
Husqvarna TC 250,2020,Cross / motocross,0,0,0,249.0,220.0,0,8399.0
Husqvarna TC 250,2020,Cross / motocross,0,0,0,249.0,220.0,0,8399.0
Husqvarna TC 50,2020,Cross / motocross,0,0,0,49.0,160.0,0,4349.0
Husqvarna TC 50,2020,Cross / motocross,0,0,0,49.0,160.0,0,4349.0
Husqvarna TX 300i,2020,Enduro / offroad,0,0,0,293.2,220.0,0,10099.0
Husqvarna TX 300i,2020,Enduro / offroad,0,0,0,293.2,220.0,0,10099.0
Indian Chief Vintage,2020,Classic,0,0,161.4,1811.0,300.0,379.0,19999.0
Indian Chief Vintage,2020,Classic,0,0,161.4,1811.0,300.0,379.0,19999.0
Indian FTR 1200,2020,Custom / cruiser,123.0,0,117.9,1203.0,265.0,230.0,13499.0
Indian FTR 1200,2020,Custom / cruiser,123.0,0,117.9,1203.0,265.0,230.0,13499.0
Indian Roadmaster,2020,Touring,0,0,170.9,1901.0,300.0,420.0,29999.0
Indian Roadmaster,2020,Touring,0,0,170.9,1901.0,300.0,420.0,29999.0
Indian Scout ,2020,Custom / cruiser,100.0,0,97.6,1133.0,298.0,249.0,11499.0
Indian Scout ,2020,Custom / cruiser,100.0,0,97.6,1133.0,298.0,249.0,11499.0
Kawasaki Brute Force 750 4x4i EPS,2020,ATV,50.0,0,57.9,749.0,176.0,317.1,9999.0
Kawasaki Brute Force 750 4x4i EPS,2020,ATV,50.0,0,57.9,749.0,176.0,317.1,9999.0
Kawasaki Brute Force 750 4x4i EPS Camo,2020,ATV,50.0,0,57.9,749.0,176.0,0,10599.0
Kawasaki Brute Force 750 4x4i EPS Camo,2020,ATV,50.0,0,57.9,749.0,176.0,0,10599.0
Kawasaki Concours 14 ABS,2020,Sport touring,155.0,0,136.0,1352.0,270.0,313.0,15599.0
Kawasaki Concours 14 ABS,2020,Sport touring,155.0,0,136.0,1352.0,270.0,313.0,15599.0
Kawasaki KLX 250,2020,Enduro / offroad,21.5,0,20.5,249.0,0,138.0,5399.0
Kawasaki KLX 250,2020,Enduro / offroad,21.5,0,20.5,249.0,0,138.0,5399.0
Kawasaki KLX110,2020,Enduro / offroad,7.3,0,8.0,112.0,110.0,76.0,2299.0
Kawasaki KLX110,2020,Enduro / offroad,7.3,0,8.0,112.0,110.0,76.0,2299.0
Kawasaki KLX230,2020,Enduro / offroad,0,0,0,233.0,220.0,115.0,4399.0
Kawasaki KLX230,2020,Enduro / offroad,0,0,0,233.0,220.0,115.0,4399.0
Kawasaki KX100,2020,Cross / motocross,0,0,0,99.0,220.0,77.0,4599.0
Kawasaki KX100,2020,Cross / motocross,0,0,0,99.0,220.0,77.0,4599.0
Kawasaki KX250,2020,Cross / motocross,0,0,0,249.0,240.0,104.8,7799.0
Kawasaki KX250,2020,Cross / motocross,0,0,0,249.0,240.0,104.8,7799.0
Kawasaki KX450,2020,Cross / motocross,0,0,0,449.0,250.0,110.0,9299.0
Kawasaki KX450,2020,Cross / motocross,0,0,0,449.0,250.0,110.0,9299.0
Kawasaki KX65,2020,Cross / motocross,0,0,0,64.7,0,60.0,3699.0
Kawasaki KX65,2020,Cross / motocross,0,0,0,64.7,0,60.0,3699.0
Kawasaki KX85 I,2020,Cross / motocross,0,0,0,84.0,184.0,75.0,4349.0
Kawasaki KX85 I,2020,Cross / motocross,0,0,0,84.0,184.0,75.0,4349.0
Kawasaki Ninja 1000SX,2020,Sport,200.0,0,113.5,1043.0,250.0,233.1,12399.0
Kawasaki Ninja 1000SX,2020,Sport,200.0,0,113.5,1043.0,250.0,233.1,12399.0
Kawasaki Ninja 400 ABS,2020,Sport,0,0,0,399.0,220.0,0,5299.0
Kawasaki Ninja 400 ABS,2020,Sport,0,0,0,399.0,220.0,0,5299.0
Kawasaki Ninja 400 KRT Edition,2020,Sport,44.0,0,37.0,399.0,220.0,166.0,5199.0
Kawasaki Ninja 400 KRT Edition,2020,Sport,44.0,0,37.0,399.0,220.0,166.0,5199.0
Kawasaki Ninja H2,2020,Sport,228.0,0,141.7,998.0,250.0,238.1,29000.0
Kawasaki Ninja H2,2020,Sport,228.0,0,141.7,998.0,250.0,238.1,29000.0
Kawasaki Ninja H2 Carbon,2020,Sport,228.0,0,141.7,998.0,250.0,237.7,32500.0
Kawasaki Ninja H2 Carbon,2020,Sport,228.0,0,141.7,998.0,250.0,237.7,32500.0
Kawasaki Ninja H2 SX,2020,Sport,228.0,0,141.7,998.0,250.0,261.7,25000.0
Kawasaki Ninja H2 SX,2020,Sport,228.0,0,141.7,998.0,250.0,261.7,25000.0
Kawasaki Ninja H2 SX SE Plus,2020,Sport,228.0,0,141.7,998.0,250.0,261.7,25000.0
Kawasaki Ninja H2 SX SE Plus,2020,Sport,228.0,0,141.7,998.0,250.0,261.7,25000.0
Kawasaki Ninja H2R,2020,Sport,228.0,0,141.7,998.0,250.0,215.9,55000.0
Kawasaki Ninja H2R,2020,Sport,228.0,0,141.7,998.0,250.0,215.9,55000.0
Kawasaki Ninja ZX-10R,2020,Sport,200.0,0,113.5,998.0,220.0,206.0,16099.0
Kawasaki Ninja ZX-10R,2020,Sport,200.0,0,113.5,998.0,220.0,206.0,16099.0
Kawasaki Ninja ZX-10R SE,2020,Sport,200.0,0,113.5,998.0,220.0,206.0,15399.0
Kawasaki Ninja ZX-10R SE,2020,Sport,200.0,0,113.5,998.0,220.0,206.0,15399.0
Kawasaki Ninja ZX-6R,2020,Sport,126.2,0,70.8,636.0,210.0,195.0,9999.0
Kawasaki Ninja ZX-6R,2020,Sport,126.2,0,70.8,636.0,210.0,195.0,9999.0
Kawasaki Versys 650,2020,Allround,69.0,0,64.0,649.0,250.0,0,8299.0
Kawasaki Versys 650,2020,Allround,69.0,0,64.0,649.0,250.0,0,8299.0
Kawasaki Versys-X 300,2020,Allround,0,0,26.0,296.0,0,0,5499.0
Kawasaki Versys-X 300,2020,Allround,0,0,26.0,296.0,0,0,5499.0
Kawasaki Vulcan 1700 ABS Voyager,2020,Touring,73.0,0,145.9,1700.0,300.0,406.1,17499.0
Kawasaki Vulcan 1700 ABS Voyager,2020,Touring,73.0,0,145.9,1700.0,300.0,406.1,17499.0
Kawasaki Vulcan 1700 Vaquero ABS,2020,Touring,0,0,145.9,1700.0,300.0,383.1,16799.0
Kawasaki Vulcan 1700 Vaquero ABS,2020,Touring,0,0,145.9,1700.0,300.0,383.1,16799.0
Kawasaki W800,2020,Allround,0,0,62.9,773.0,270.0,225.0,9199.0
Kawasaki W800,2020,Allround,0,0,62.9,773.0,270.0,225.0,9199.0
Kawasaki Z H2,2020,Naked bike,0,0,137.0,998.0,250.0,239.0,17000.0
Kawasaki Z H2,2020,Naked bike,0,0,137.0,998.0,250.0,239.0,17000.0
Kawasaki Z400,2020,Naked bike,27.0,147.0,38.0,399.0,0,165.0,4999.0
Kawasaki Z400,2020,Naked bike,27.0,147.0,38.0,399.0,0,165.0,4999.0
Kawasaki Z650,2020,Naked bike,67.3,0,65.7,649.0,220.0,187.0,7249.0
Kawasaki Z650,2020,Naked bike,67.3,0,65.7,649.0,220.0,187.0,7249.0
Kawasaki Z900,2020,Naked bike,0,0,99.1,948.0,250.0,212.1,8999.0
Kawasaki Z900,2020,Naked bike,0,0,99.1,948.0,250.0,212.1,8999.0
Kawasaki Z900RS,2020,Classic,110.0,0,98.5,948.0,250.0,214.1,11199.0
Kawasaki Z900RS,2020,Classic,110.0,0,98.5,948.0,250.0,214.1,11199.0
Kawasaki Z900RS Black Edition,2020,Allround,110.0,0,98.5,948.0,250.0,214.1,11199.0
Kawasaki Z900RS Black Edition,2020,Allround,110.0,0,98.5,948.0,250.0,214.1,11199.0
Kawasaki Z900RS Cafe,2020,Classic,110.0,0,98.5,948.0,250.0,215.1,11799.0
Kawasaki Z900RS Cafe,2020,Classic,110.0,0,98.5,948.0,250.0,215.1,11799.0
Lightning Strike Carbon,2020,Sport,120.0,241.4,252.2,0,245.0,0,19998.0
Lightning Strike Carbon,2020,Sport,120.0,241.4,252.2,0,245.0,0,19998.0
Motus MSTR,2020,Sport touring,180.0,0,171.0,1650.0,0,256.0,36975.0
Motus MSTR,2020,Sport touring,180.0,0,171.0,1650.0,0,256.0,36975.0
Norton Superlight SS,2020,Classic,170.0,0,0,650.0,245.0,0,46666.0
Norton Superlight SS,2020,Classic,170.0,0,0,650.0,245.0,0,46666.0
Suzuki Boulevard C50,2020,Custom / cruiser,53.0,160.0,69.0,805.0,0,277.0,8299.0
Suzuki Boulevard C50,2020,Custom / cruiser,53.0,160.0,69.0,805.0,0,277.0,8299.0
Suzuki Boulevard C50T,2020,Touring,53.0,0,69.0,805.0,0,292.0,9599.0
Suzuki Boulevard C50T,2020,Touring,53.0,0,69.0,805.0,0,292.0,9599.0
Suzuki Boulevard M109R B O S S,2020,Custom / cruiser,125.0,0,160.0,1783.0,275.0,347.0,15199.0
Suzuki Boulevard M109R B O S S,2020,Custom / cruiser,125.0,0,160.0,1783.0,275.0,347.0,15199.0
Suzuki Burgman 200,2020,Scooter,0,0,0,200.0,240.0,163.0,4999.0
Suzuki Burgman 200,2020,Scooter,0,0,0,200.0,240.0,163.0,4999.0
Suzuki Burgman 400,2020,Scooter,0,0,0,399.0,210.0,215.0,8299.0
Suzuki Burgman 400,2020,Scooter,0,0,0,399.0,210.0,215.0,8299.0
Suzuki DR-Z125L,2020,Enduro / offroad,0,0,0,124.0,0,89.0,3299.0
Suzuki DR-Z125L,2020,Enduro / offroad,0,0,0,124.0,0,89.0,3299.0
Suzuki DR-Z400S,2020,Enduro / offroad,0,0,0,398.0,220.0,144.0,6799.0
Suzuki DR-Z400S,2020,Enduro / offroad,0,0,0,398.0,220.0,144.0,6799.0
Suzuki DR-Z400SM,2020,Super motard,0,0,0,398.0,240.0,146.0,7399.0
Suzuki DR-Z400SM,2020,Super motard,0,0,0,398.0,240.0,146.0,7399.0
Suzuki DR-Z50,2020,Enduro / offroad,0,0,0,49.0,0,54.0,1749.0
Suzuki DR-Z50,2020,Enduro / offroad,0,0,0,49.0,0,54.0,1749.0
Suzuki DR200S,2020,Enduro / offroad,0,0,0,199.0,0,126.0,4649.0
Suzuki DR200S,2020,Enduro / offroad,0,0,0,199.0,0,126.0,4649.0
Suzuki DR650S,2020,Super motard,0,0,0,644.0,240.0,166.0,6699.0
Suzuki DR650S,2020,Super motard,0,0,0,644.0,240.0,166.0,6699.0
Suzuki GSX-R1000,2020,Sport,198.5,0,117.0,999.8,310.0,201.0,15599.0
Suzuki GSX-R1000,2020,Sport,198.5,0,117.0,999.8,310.0,201.0,15599.0
Suzuki GSX-R1000R,2020,Sport,185.0,0,117.0,999.0,220.0,202.0,17699.0
Suzuki GSX-R1000R,2020,Sport,185.0,0,117.0,999.0,220.0,202.0,17699.0
Suzuki GSX-R600,2020,Sport,0,0,0,599.0,310.0,187.0,11399.0
Suzuki GSX-R600,2020,Sport,0,0,0,599.0,310.0,187.0,11399.0
Suzuki GSX-R750,2020,Sport,150.0,0,86.2,750.0,220.0,190.0,12499.0
Suzuki GSX-R750,2020,Sport,150.0,0,86.2,750.0,220.0,190.0,12499.0
Suzuki GSX-S750,2020,Sport,112.7,0,81.0,749.0,220.0,211.0,8499.0
Suzuki GSX-S750,2020,Sport,112.7,0,81.0,749.0,220.0,211.0,8499.0
Suzuki GSX-S750Z,2020,Naked bike,106.0,0,80.0,749.0,220.0,213.0,8899.0
Suzuki GSX-S750Z,2020,Naked bike,106.0,0,80.0,749.0,220.0,213.0,8899.0
Suzuki GSX250R,2020,Sport,24.0,0,22.0,248.0,0,178.0,4599.0
Suzuki GSX250R,2020,Sport,24.0,0,22.0,248.0,0,178.0,4599.0
Suzuki Hayabusa,2020,Sport,197.0,0,155.0,1340.0,260.0,266.0,14799.0
Suzuki Hayabusa,2020,Sport,197.0,0,155.0,1340.0,260.0,266.0,14799.0
Suzuki Katana,2020,Sport,147.5,0,108.0,999.0,240.0,215.0,13499.0
Suzuki Katana,2020,Sport,147.5,0,108.0,999.0,240.0,215.0,13499.0
Suzuki KingQuad 400ASi,2020,ATV,0,0,0,376.0,0,265.0,6549.0
Suzuki KingQuad 400ASi,2020,ATV,0,0,0,376.0,0,265.0,6549.0
Suzuki KingQuad 500AXi,2020,ATV,0,0,0,493.0,0,315.0,7549.0
Suzuki KingQuad 500AXi,2020,ATV,0,0,0,493.0,0,315.0,7549.0
Suzuki KingQuad 750AXi,2020,ATV,0,0,0,722.0,0,320.0,8849.0
Suzuki KingQuad 750AXi,2020,ATV,0,0,0,722.0,0,320.0,8849.0
Suzuki RM-Z250,2020,Cross / motocross,0,0,0,249.0,0,106.0,7899.0
Suzuki RM-Z250,2020,Cross / motocross,0,0,0,249.0,0,106.0,7899.0
Suzuki RM-Z450,2020,Cross / motocross,0,0,0,449.0,270.0,112.0,8999.0
Suzuki RM-Z450,2020,Cross / motocross,0,0,0,449.0,270.0,112.0,8999.0
Suzuki RM85,2020,Cross / motocross,0,0,0,84.7,200.0,73.0,4249.0
Suzuki RM85,2020,Cross / motocross,0,0,0,84.7,200.0,73.0,4249.0
Suzuki SV650,2020,Naked bike,75.0,0,64.0,645.0,240.0,196.0,7099.0
Suzuki SV650,2020,Naked bike,75.0,0,64.0,645.0,240.0,196.0,7099.0
Suzuki SV650 ABS,2020,Sport,0,0,0,645.0,240.0,198.0,7499.0
Suzuki SV650 ABS,2020,Sport,0,0,0,645.0,240.0,198.0,7499.0
Suzuki SV650X,2020,Naked bike,75.0,0,64.0,645.0,240.0,198.0,8399.0
Suzuki SV650X,2020,Naked bike,75.0,0,64.0,645.0,240.0,198.0,8399.0
Suzuki V-Strom 1050XT Adventure,2020,Super motard,100.0,0,103.0,1037.0,260.0,247.0,16999.0
Suzuki V-Strom 1050XT Adventure,2020,Super motard,100.0,0,103.0,1037.0,260.0,247.0,16999.0
Suzuki V-Strom 650,2020,Super motard,69.0,185.0,69.0,645.0,260.0,0,8799.0
Suzuki V-Strom 650,2020,Super motard,69.0,185.0,69.0,645.0,260.0,0,8799.0
Suzuki V-Strom 650XT,2020,Super motard,69.0,185.0,69.0,645.0,260.0,213.0,9299.0
Suzuki V-Strom 650XT,2020,Super motard,69.0,185.0,69.0,645.0,260.0,213.0,9299.0
Suzuki V-Strom 650XT Adventure,2020,Super motard,69.0,185.0,69.0,645.0,260.0,213.0,10399.0
Suzuki V-Strom 650XT Adventure,2020,Super motard,69.0,185.0,69.0,645.0,260.0,213.0,10399.0
TGB Key West 50,2020,Scooter,1.9,0,0,49.3,0,0,1999.0
TGB Key West 50,2020,Scooter,1.9,0,0,49.3,0,0,1999.0
Triumph Scrambler 1200XE,2020,Classic,89.0,0,110.0,1200.0,255.0,0,23990.0
Triumph Scrambler 1200XE,2020,Classic,89.0,0,110.0,1200.0,255.0,0,23990.0
Triumph Speed Triple RS,2020,Naked bike,148.0,0,116.6,1050.0,255.0,0,16500.0
Triumph Speed Triple RS,2020,Naked bike,148.0,0,116.6,1050.0,255.0,0,16500.0
Triumph Speed Triple S,2020,Naked bike,148.0,0,116.6,1050.0,255.0,0,14350.0
Triumph Speed Triple S,2020,Naked bike,148.0,0,116.6,1050.0,255.0,0,14350.0
Triumph Thruxton TFC,2020,Classic,109.0,0,115.3,1200.0,220.0,0,21500.0
Triumph Thruxton TFC,2020,Classic,109.0,0,115.3,1200.0,220.0,0,21500.0
Triumph Tiger 1200 XCA,2020,Allround,141.0,0,122.0,1215.0,282.0,0,22000.0
Triumph Tiger 1200 XCA,2020,Allround,141.0,0,122.0,1215.0,282.0,0,22000.0
Vento Atom 150,2020,Scooter,7.8,0,0,149.0,0,90.0,1799.0
Vento Atom 150,2020,Scooter,7.8,0,0,149.0,0,90.0,1799.0
Vespa Elettrica,2020,Scooter,5.4,0,200.0,0,140.0,130.0,7400.0
Vespa Elettrica,2020,Scooter,5.4,0,200.0,0,140.0,130.0,7400.0
Yamaha Bolt,2020,Custom / cruiser,0,0,0,942.0,298.0,245.9,7999.0
Yamaha Bolt,2020,Custom / cruiser,0,0,0,942.0,298.0,245.9,7999.0
Yamaha Bolt C-Spec,2020,Custom / cruiser,0,0,0,942.0,298.0,245.9,8399.0
Yamaha Bolt C-Spec,2020,Custom / cruiser,0,0,0,942.0,298.0,245.9,8399.0
Yamaha Grizzly EPS SE,2020,ATV,0,0,0,686.0,205.0,320.0,13599.0
Yamaha Grizzly EPS SE,2020,ATV,0,0,0,686.0,205.0,320.0,13599.0
Yamaha Kodiak 450 EPS,2020,ATV,0,0,0,421.0,0,295.0,8999.0
Yamaha Kodiak 450 EPS,2020,ATV,0,0,0,421.0,0,295.0,8999.0
Yamaha Kodiak 450 EPS SE,2020,ATV,0,0,0,421.0,0,295.0,9399.0
Yamaha Kodiak 450 EPS SE,2020,ATV,0,0,0,421.0,0,295.0,9399.0
Yamaha Kodiak 700 EPS SE,2020,ATV,0,0,0,686.0,220.0,311.6,12399.0
Yamaha Kodiak 700 EPS SE,2020,ATV,0,0,0,686.0,220.0,311.6,12399.0
Yamaha MT-07,2020,Sport,74.0,0,68.0,689.0,245.0,182.8,7599.0
Yamaha MT-07,2020,Sport,74.0,0,68.0,689.0,245.0,182.8,7599.0
Yamaha MT-10,2020,Naked bike,160.4,0,111.0,998.0,220.0,210.0,12999.0
Yamaha MT-10,2020,Naked bike,160.4,0,111.0,998.0,220.0,210.0,12999.0
Yamaha MT09TR,2020,Super motard,115.0,0,87.5,847.0,245.0,214.1,10699.0
Yamaha MT09TR,2020,Super motard,115.0,0,87.5,847.0,245.0,214.1,10699.0
Yamaha PW50,2020,Minibike-cross,0,0,0,49.0,0,40.8,1499.0
Yamaha PW50,2020,Minibike-cross,0,0,0,49.0,0,40.8,1499.0
Yamaha Smax,2020,Scooter,0,0,0,155.0,245.0,148.8,3799.0
Yamaha Smax,2020,Scooter,0,0,0,155.0,245.0,148.8,3799.0
Yamaha Star Venture,2020,Touring,0,0,0,1854.0,320.0,0,24999.0
Yamaha Star Venture,2020,Touring,0,0,0,1854.0,320.0,0,24999.0
Yamaha Star Venture TC,2020,Touring,0,0,170.9,1854.0,320.0,0,32299.0
Yamaha Star Venture TC,2020,Touring,0,0,170.9,1854.0,320.0,0,32299.0
Yamaha Super Tenere ES,2020,Super motard,112.0,0,117.0,1199.0,282.0,264.9,16299.0
Yamaha Super Tenere ES,2020,Super motard,112.0,0,117.0,1199.0,282.0,264.9,16299.0
Yamaha TT-R110E,2020,Enduro / offroad,0,0,0,110.0,110.0,72.1,2299.0
Yamaha TT-R110E,2020,Enduro / offroad,0,0,0,110.0,110.0,72.1,2299.0
Yamaha TT-R125LE,2020,Enduro / offroad,0,0,0,124.0,110.0,89.8,3349.0
Yamaha TT-R125LE,2020,Enduro / offroad,0,0,0,124.0,110.0,89.8,3349.0
Yamaha TT-R230,2020,Enduro / offroad,0,0,18.6,223.0,130.0,113.9,4449.0
Yamaha TT-R230,2020,Enduro / offroad,0,0,18.6,223.0,130.0,113.9,4449.0
Yamaha TT-R50E,2020,Enduro / offroad,0,0,0,49.0,80.0,57.2,1699.0
Yamaha TT-R50E,2020,Enduro / offroad,0,0,0,49.0,80.0,57.2,1699.0
Yamaha TW200,2020,Enduro / offroad,0,0,0,196.0,110.0,126.1,4599.0
Yamaha TW200,2020,Enduro / offroad,0,0,0,196.0,110.0,126.1,4599.0
Yamaha Tenere 700,2020,Sport touring,73.8,0,68.0,689.0,245.0,205.0,9999.0
Yamaha Tenere 700,2020,Sport touring,73.8,0,68.0,689.0,245.0,205.0,9999.0
Yamaha Tracer 900 GT,2020,Super motard,115.0,0,87.5,847.0,245.0,215.0,12999.0
Yamaha Tracer 900 GT,2020,Super motard,115.0,0,87.5,847.0,245.0,215.0,12999.0
Yamaha V Star 250,2020,Custom / cruiser,0,0,0,249.0,130.0,147.9,4349.0
Yamaha V Star 250,2020,Custom / cruiser,0,0,0,249.0,130.0,147.9,4349.0
Yamaha VMAX,2020,Custom / cruiser,200.0,0,167.0,1679.0,298.0,289.4,17999.0
Yamaha VMAX,2020,Custom / cruiser,200.0,0,167.0,1679.0,298.0,289.4,17999.0
Yamaha WR250F,2020,Enduro / offroad,0,0,0,250.0,245.0,115.2,8599.0
Yamaha WR250F,2020,Enduro / offroad,0,0,0,250.0,245.0,115.2,8599.0
Yamaha WR250R,2020,Enduro / offroad,30.7,0,23.7,250.0,230.0,133.8,6699.0
Yamaha WR250R,2020,Enduro / offroad,30.7,0,23.7,250.0,230.0,133.8,6699.0
Yamaha WR450F,2020,Enduro / offroad,0,0,0,450.0,245.0,120.2,9699.0
Yamaha WR450F,2020,Enduro / offroad,0,0,0,450.0,245.0,120.2,9699.0
Yamaha XT250,2020,Trial,0,112.0,0,249.0,203.0,132.0,5199.0
Yamaha XT250,2020,Trial,0,112.0,0,249.0,203.0,132.0,5199.0
Yamaha YFZ450R,2020,ATV,0,0,0,449.0,0,184.0,8949.0
Yamaha YFZ450R,2020,ATV,0,0,0,449.0,0,184.0,8949.0
Yamaha YZ 65,2020,Enduro / offroad,0,0,0,65.0,190.0,60.8,4599.0
Yamaha YZ 65,2020,Enduro / offroad,0,0,0,65.0,190.0,60.8,4599.0
Yamaha YZ125,2020,Cross / motocross,0,0,0,125.0,245.0,93.9,6599.0
Yamaha YZ125,2020,Cross / motocross,0,0,0,125.0,245.0,93.9,6599.0
Yamaha YZ125X,2020,Enduro / offroad,0,0,0,125.0,245.0,94.8,6699.0
Yamaha YZ125X,2020,Enduro / offroad,0,0,0,125.0,245.0,94.8,6699.0
Yamaha YZ250,2020,Cross / motocross,0,0,0,249.0,245.0,103.0,7499.0
Yamaha YZ250,2020,Cross / motocross,0,0,0,249.0,245.0,103.0,7499.0
Yamaha YZ250F,2020,Cross / motocross,0,0,0,250.0,245.0,106.1,8199.0
Yamaha YZ250F,2020,Cross / motocross,0,0,0,250.0,245.0,106.1,8199.0
Yamaha YZ250FX,2020,Enduro / offroad,0,0,0,250.0,245.0,111.1,8499.0
Yamaha YZ250FX,2020,Enduro / offroad,0,0,0,250.0,245.0,111.1,8499.0
Yamaha YZ250X,2020,Enduro / offroad,0,0,0,249.0,245.0,103.9,7599.0
Yamaha YZ250X,2020,Enduro / offroad,0,0,0,249.0,245.0,103.9,7599.0
Yamaha YZ450 FX,2020,Enduro / offroad,0,0,0,449.7,245.0,116.1,9599.0
Yamaha YZ450 FX,2020,Enduro / offroad,0,0,0,449.7,245.0,116.1,9599.0
Yamaha YZ85,2020,Cross / motocross,0,0,0,85.0,190.0,73.0,4699.0
Yamaha YZ85,2020,Cross / motocross,0,0,0,85.0,190.0,73.0,4699.0
Yamaha YZF-R1,2020,Sport,200.0,0,112.4,998.0,220.0,203.2,17399.0
Yamaha YZF-R1,2020,Sport,200.0,0,112.4,998.0,220.0,203.2,17399.0
Yamaha YZF-R1M,2020,Sport,200.0,0,112.0,998.0,220.0,204.1,26099.0
Yamaha YZF-R1M,2020,Sport,200.0,0,112.0,998.0,220.0,204.1,26099.0
Yamaha Zuma 125,2020,Scooter,0,0,0,125.0,200.0,118.8,3499.0
Yamaha Zuma 125,2020,Scooter,0,0,0,125.0,200.0,118.8,3499.0
ZEV S15000 LR,2020,Scooter,20.1,125.5,0,0,0,344.3,8990.0
ZEV S15000 LR,2020,Scooter,20.1,125.5,0,0,0,344.3,8990.0
ZEV T-15000,2020,Scooter,20.1,120.7,0,0,260.0,0,8990.0
ZEV T-15000,2020,Scooter,20.1,120.7,0,0,260.0,0,8990.0
BMW C 650 GT,2019,Scooter,60.0,180.0,63.0,647.0,270.0,261.0,10995.0
BMW C 650 Sport,2019,Scooter,60.0,180.0,63.0,647.0,270.0,249.0,10095.0
BMW F 750 GS,2019,Enduro / offroad,77.0,190.0,83.0,853.0,265.0,224.0,10395.0
BMW F 800 GT,2019,Sport touring,90.0,200.0,86.0,798.0,265.0,214.0,14000.0
BMW F 800 R,2019,Allround,90.0,201.2,86.0,798.0,265.0,203.0,10900.0
BMW F 800 R,2019,Allround,90.0,201.2,86.0,798.0,265.0,203.0,10900.0
BMW F 850 GS,2019,Enduro / offroad,90.0,200.0,86.0,853.0,265.0,229.0,13195.0
BMW F 850 GS,2019,Enduro / offroad,90.0,200.0,86.0,853.0,265.0,229.0,13195.0
BMW G 310 GS,2019,Enduro / offroad,34.0,143.0,28.0,313.0,240.0,169.5,5795.0
BMW G 310 GS,2019,Enduro / offroad,34.0,143.0,28.0,313.0,240.0,169.5,5795.0
BMW K 1600 B,2019,Touring,160.0,200.0,175.0,1649.0,320.0,336.0,20095.0
BMW K 1600 GT,2019,Touring,160.0,200.0,175.0,1649.0,320.0,334.0,22995.0
BMW K 1600 Grand America,2019,Touring,160.0,162.0,175.0,1649.0,320.0,364.0,25595.0
BMW R 1250 GS,2019,Enduro / offroad,136.0,201.2,143.0,1254.0,276.0,249.0,17696.0
BMW R 1250 GS Adventure,2019,Enduro / offroad,134.1,200.0,143.0,1254.0,276.0,268.0,17696.0
BMW R 1250 GS HP,2019,Enduro / offroad,134.1,200.0,143.0,1254.0,276.0,268.0,17696.0
BMW R 1250 RS,2019,Enduro / offroad,134.1,201.2,143.0,1254.0,276.0,243.0,18000.0
BMW R 1250 RT,2019,Touring,136.0,0,143.0,1254.0,276.0,279.0,18645.0
BMW R nine T Pure,2019,Sport,110.0,200.0,116.0,1170.0,265.0,219.0,11995.0
BMW R nineT,2019,Naked bike,110.0,200.0,116.0,1170.0,265.0,222.0,15495.0
BMW R nineT Scrambler,2019,Naked bike,110.0,200.0,116.0,1170.0,265.0,0,12995.0
BMW S 1000 R,2019,Naked bike,162.3,0,114.0,999.0,220.0,205.0,13995.0
BMW S 1000 RR,2019,Sport,199.0,200.0,113.0,999.0,220.0,208.0,15995.0
BMW S 1000 XR,2019,Sport,165.0,200.0,114.0,999.0,265.0,228.0,16895.0
Big Bear Choppers Miss Behavin 100 Smooth Carb,2019,Custom / cruiser,95.0,0,0,1638.8,0,0,29900.0
Big Bear Choppers Miss Behavin 100 Smooth Carb,2019,Custom / cruiser,95.0,0,0,1638.8,0,0,29900.0
Big Bear Choppers Miss Behavin 100 Smooth EFI,2019,Custom / cruiser,95.0,0,0,1638.8,0,0,31900.0
Big Bear Choppers Miss Behavin 100 Smooth EFI,2019,Custom / cruiser,95.0,0,0,1638.8,0,0,31900.0
Big Bear Choppers Titanium 111 Carb,2019,Custom / cruiser,115.8,0,166.5,1819.1,0,0,37900.0
Big Bear Choppers Titanium 111 Carb,2019,Custom / cruiser,115.8,0,166.5,1819.1,0,0,37900.0
Cobra CX50 P3,2019,Minibike-cross,0,0,0,50.0,140.0,0,3598.0
Cobra CX65,2019,Minibike-cross,0,0,0,65.0,165.0,0,5298.0
Genuine Scooter G400C,2019,Allround,26.0,128.8,29.8,397.0,0,0,4599.0
Harley-Davidson CVO Limited,2019,Touring,105.0,0,169.5,1923.0,0,425.9,43889.0
Harley-Davidson CVO Road Glide,2019,Touring,105.0,0,169.5,1923.0,0,401.0,42339.0
Harley-Davidson CVO Street Glide,2019,Touring,105.0,0,169.5,1923.0,0,398.0,40889.0
Harley-Davidson Electra Glide Ultra Classic,2019,Touring,90.0,0,150.0,1746.0,0,410.1,24589.0
Harley-Davidson FXDR 114,2019,Custom / cruiser,90.0,0,160.0,1868.0,0,303.0,21349.0
Harley-Davidson Freewheeler,2019,Custom / cruiser,89.0,0,165.4,1868.0,0,507.1,28099.0
Harley-Davidson Road Glide,2019,Touring,89.0,0,150.0,1746.0,0,388.0,21589.0
Harley-Davidson Road Glide Special,2019,Touring,89.0,0,165.4,1868.0,0,388.0,27489.0
Harley-Davidson Road Glide Ultra,2019,Touring,90.0,0,165.4,1868.0,0,425.0,27689.0
Harley-Davidson Road King,2019,Touring,89.0,0,150.5,1746.0,0,379.2,19289.0
Harley-Davidson Road King Special,2019,Touring,87.0,0,165.4,1868.0,0,372.0,23089.0
Harley-Davidson Softail Breakout,2019,Custom / cruiser,86.0,0,147.8,1746.0,0,305.0,19049.0
Harley-Davidson Softail Deluxe,2019,Custom / cruiser,86.0,0,147.8,1746.0,0,316.0,18049.0
Harley-Davidson Softail Fat Bob,2019,Custom / cruiser,86.0,0,145.0,1746.0,0,306.0,17049.0
Harley-Davidson Softail Fat Boy,2019,Custom / cruiser,86.0,0,145.0,1746.0,0,317.0,19049.0
Harley-Davidson Softail Heritage Classic,2019,Custom / cruiser,86.0,0,147.8,1746.0,0,328.0,19049.0
Harley-Davidson Softail Heritage Classic 114,2019,Custom / cruiser,94.0,0,161.4,1868.0,0,330.0,20449.0
Harley-Davidson Softail Low Rider,2019,Custom / cruiser,86.0,0,149.2,1746.0,0,300.0,15049.0
Harley-Davidson Softail Slim,2019,Custom / cruiser,86.0,0,149.2,1746.0,0,304.4,15949.0
Harley-Davidson Softail Street Bob,2019,Custom / cruiser,86.0,0,145.0,1746.0,0,297.0,14549.0
Harley-Davidson Sport Glide,2019,Custom / cruiser,86.0,0,145.0,1746.0,0,317.0,18649.0
Harley-Davidson Sportster 1200 Custom,2019,Custom / cruiser,67.0,0,99.0,1202.0,0,268.0,10999.0
Harley-Davidson Sportster Forty-Eight,2019,Custom / cruiser,65.0,0,99.0,1202.0,0,252.0,11299.0
Harley-Davidson Sportster Forty-Eight Special,2019,Custom / cruiser,65.0,0,99.0,1202.0,0,255.8,11649.0
Harley-Davidson Sportster Iron 1200,2019,Custom / cruiser,0,0,99.0,1202.0,0,255.8,11299.0
Harley-Davidson Sportster Iron 883,2019,Custom / cruiser,51.0,0,73.0,883.0,300.0,256.0,8999.0
Harley-Davidson Sportster Roadster,2019,Naked bike,67.0,0,103.1,1202.0,0,259.0,11299.0
Harley-Davidson Sportster Superlow,2019,Custom / cruiser,52.3,0,74.6,883.0,0,258.0,8699.0
Harley-Davidson Street 500,2019,Custom / cruiser,0,0,40.0,494.0,0,233.2,689.0
Harley-Davidson Street 750,2019,Custom / cruiser,58.0,0,60.3,749.0,0,233.2,7599.0
Harley-Davidson Street Glide,2019,Touring,89.0,0,150.0,1746.0,0,376.0,21289.0
Harley-Davidson Street Glide Special,2019,Touring,89.0,0,165.4,1868.0,0,379.0,27089.0
Harley-Davidson Street Rod,2019,Custom / cruiser,70.0,0,65.0,749.0,0,238.0,8699.0
Harley-Davidson Tri Glide Ultra,2019,Touring,87.0,0,164.1,1868.0,0,563.8,36099.0
Harley-Davidson Ultra Limited,2019,Touring,90.0,0,165.4,1868.0,0,413.0,28089.0
Harley-Davidson Ultra Limited Low,2019,Touring,90.0,0,165.4,1868.0,0,412.0,28089.0
Honda CB1000R,2019,Naked bike,123.4,0,99.0,998.0,256.0,211.8,12999.0
Honda CB1000R ABS,2019,Naked bike,123.4,0,99.0,998.0,256.0,220.0,12999.0
Honda CB300R,2019,Naked bike,0,0,0,286.0,220.0,142.0,4649.0
Honda CB500F ABS,2019,Naked bike,46.9,0,43.0,471.0,240.0,188.2,6199.0
Honda CBR1000RR,2019,Sport,178.4,0,114.0,998.0,220.0,200.0,16499.0
Honda CBR600RR,2019,Sport,120.0,250.0,66.0,599.0,220.0,186.0,11799.0
Honda CRF1000L Africa Twin,2019,Enduro / offroad,95.0,0,98.0,998.0,256.0,229.9,13599.0
Honda CRF125F Big Wheel,2019,Enduro / offroad,0,0,0,124.9,149.0,90.3,3499.0
Honda CRF150R,2019,Cross / motocross,23.5,0,14.1,149.0,190.0,83.9,5099.0
Honda CRF250R,2019,Cross / motocross,0,0,0,249.0,240.0,108.0,7999.0
Honda CRF250R DELETE,2019,Cross / motocross,0,0,0,249.0,240.0,108.0,7999.0
Honda CRF250X,2019,Enduro / offroad,29.4,0,24.2,249.0,240.0,115.2,7599.0
Honda CRF450L,2019,Cross / motocross,53.0,170.0,48.0,449.0,240.0,131.1,10399.0
Honda CRF450R,2019,Cross / motocross,53.0,170.0,48.0,449.7,240.0,110.2,9299.0
Honda CRF450R Slettes,2019,Cross / motocross,53.0,170.0,48.0,449.7,240.0,110.2,9299.0
Honda CRF450RX,2019,Enduro / offroad,0,0,0,449.0,240.0,116.6,9599.0
Honda CRF450RX DELETE,2019,Enduro / offroad,0,0,0,449.0,240.0,116.6,9599.0
Honda CRF450X,2019,Enduro / offroad,44.5,0,41.3,449.0,240.0,122.0,9799.0
Honda FourTrax Rancher,2019,ATV,56.3,0,0,420.0,160.0,259.9,5349.0
Honda FourTrax Recon,2019,ATV,0,0,0,229.0,0,196.9,4199.0
Honda FourTrax Rincon,2019,ATV,0,0,0,675.0,180.0,0,9399.0
Honda Fury,2019,Custom / cruiser,0,0,89.5,1312.0,296.0,300.7,10599.0
Honda Fury ABS,2019,Custom / cruiser,0,0,89.5,1312.0,296.0,308.9,10599.0
Honda Gold Wing,2019,Touring,118.0,0,167.0,1833.0,320.0,357.0,23800.0
Honda Gold Wing Automatic DCT,2019,Touring,118.0,0,167.0,1833.0,316.0,357.0,25000.0
Honda Gold Wing Tour Airbag Automatic DCT,2019,Touring,118.0,0,167.0,1833.0,316.0,362.9,31800.0
Honda Gold Wing Tour Automatic DCT,2019,Touring,118.0,0,167.0,1833.0,316.0,362.9,28000.0
Honda Grom,2019,Sport,0,0,0,124.9,190.0,103.9,3399.0
Honda Monkey,2019,Allround,0,0,0,124.9,190.0,105.0,3999.0
Honda PCX150,2019,Scooter,0,0,0,149.0,130.0,130.0,3699.0
Honda Rebel 300,2019,Custom / cruiser,0,175.0,0,286.0,0,165.1,4499.0
Honda Rebel 500,2019,Sport,46.9,0,43.0,471.0,0,190.0,6199.0
Honda Rebel 500 ABS,2019,Custom / cruiser,48.0,175.0,43.0,471.0,240.0,0,6499.0
Honda Shadow Aero,2019,Custom / cruiser,0,0,0,745.0,180.0,254.0,7699.0
Honda Shadow Phantom,2019,Custom / cruiser,0,0,0,745.0,296.0,249.0,7899.0
Honda TRX250X,2019,ATV,0,0,0,229.0,229.0,174.2,4849.0
Honda TRX90X,2019,ATV,0,0,0,86.0,140.0,118.8,3099.0
Honda XR650L,2019,Enduro / offroad,0,0,0,644.0,0,156.9,6999.0
Indian Chief Vintage,2019,Classic,0,0,161.4,1811.0,300.0,379.0,19999.0
Indian Chieftain,2019,Custom / cruiser,0,0,161.6,1811.0,300.0,373.0,21999.0
Indian Chieftain Classic,2019,Custom / cruiser,0,0,161.6,1811.0,300.0,381.0,26499.0
Indian Chieftain Dark Horse,2019,Custom / cruiser,0,0,150.0,1811.0,300.0,375.0,25999.0
Indian Chieftain Limited,2019,Custom / cruiser,0,0,161.4,1811.0,300.0,390.0,25999.0
Indian Roadmaster,2019,Touring,0,0,161.4,1811.0,300.0,418.0,28999.0
Indian Scout ,2019,Custom / cruiser,0,0,97.6,1133.0,298.0,249.0,11499.0
Indian Scout Bobber,2019,Custom / cruiser,0,0,97.6,1133.0,298.0,251.0,11999.0
Indian Scout Sixty,2019,Custom / cruiser,78.0,0,88.1,1000.0,298.0,256.0,8999.0
Indian Springfield,2019,Touring,0,0,150.0,1811.0,300.0,379.0,20999.0
Indian Springfield Dark Horse,2019,Touring,0,0,161.4,1811.0,300.0,360.0,21499.0
Kawasaki Brute Force 750 4x4i,2019,ATV,50.0,0,57.9,749.0,200.0,312.1,8999.0
Kawasaki Concours 14 ABS,2019,Sport touring,155.0,0,136.0,1352.0,270.0,313.0,15599.0
Kawasaki KLX 110,2019,Enduro / offroad,7.3,0,8.0,112.0,110.0,76.2,2299.0
Kawasaki KLX 110L,2019,Enduro / offroad,0,0,0,111.0,110.0,76.2,2499.0
Kawasaki KLX 140,2019,Enduro / offroad,0,0,0,144.0,186.0,93.0,3099.0
Kawasaki KLX 140G,2019,Enduro / offroad,0,0,0,144.0,0,99.0,3699.0
Kawasaki KLX 140L,2019,Enduro / offroad,0,0,0,144.0,186.0,95.0,3999.0
Kawasaki KLX250,2019,Super motard,21.5,0,20.5,249.0,240.0,138.0,5349.0
Kawasaki KLX250 Camo,2019,Super motard,21.5,0,20.5,249.0,240.0,138.0,5549.0
Kawasaki KX 100,2019,Cross / motocross,0,0,0,99.0,0,77.0,4599.0
Kawasaki Ninja 1000 ABS,2019,Sport,200.0,0,113.5,1043.0,250.0,234.1,12199.0
Kawasaki Ninja H2 R,2019,Sport,310.0,0,165.0,998.0,250.0,216.1,55000.0
Kawasaki Ninja H2 SX SE Plus,2019,Sport touring,200.0,0,137.3,998.0,250.0,262.0,25000.0
Kawasaki Ninja ZX-10R ABS,2019,Sport,200.0,0,113.5,998.0,220.0,206.0,16099.0
Kawasaki Ninja ZX-14R,2019,Sport,0,0,158.0,1441.0,250.0,269.0,14999.0
Kawasaki Versys  650 ABS,2019,Allround,69.0,0,64.0,649.0,250.0,0,8299.0
Kawasaki Versys 1000 SE LT Plus,2019,Sport touring,120.0,0,102.0,1043.0,250.0,257.1,17999.0
Kawasaki Versys 650LT,2019,Sport touring,69.0,0,64.0,649.0,250.0,216.1,9199.0
Kawasaki Versys-X 300 ABS,2019,Allround,0,0,26.0,296.0,0,0,5799.0
Kawasaki Vulcan  900 Classic,2019,Custom / cruiser,48.0,0,77.0,903.0,270.0,281.1,7999.0
Kawasaki Vulcan  900 Classic LT,2019,Touring,48.0,0,78.9,903.0,270.0,298.1,8999.0
Kawasaki Vulcan  S ABS,2019,Custom / cruiser,61.0,0,63.0,649.0,250.0,226.0,7499.0
Kawasaki Vulcan 1700 ABS Voyager,2019,Touring,73.0,0,146.5,1700.0,300.0,406.1,17499.0
Kawasaki Vulcan 1700 Vaquero ABS,2019,Touring,0,0,145.9,1700.0,300.0,383.1,16799.0
Kawasaki Vulcan 900 Custom,2019,Custom / cruiser,48.0,0,78.9,903.0,270.0,277.1,8499.0
Kawasaki Vulcan S ABS Cafe,2019,Custom / cruiser,48.0,0,62.8,649.0,250.0,228.0,8099.0
Kawasaki Z 400 ABS,2019,Classic,27.0,147.0,38.0,399.0,0,165.0,4799.0
Kawasaki Z125 Pro,2019,Naked bike,0,0,9.5,125.0,184.0,102.0,3199.0
Kawasaki Z650 ABS,2019,Naked bike,39.0,0,65.7,649.0,220.0,186.0,7399.0
Kawasaki Z900 (70 kW),2019,Naked bike,0,0,99.0,948.0,250.0,210.1,8399.0
Kawasaki Z900 ABS,2019,Naked bike,0,0,0,948.0,250.0,210.1,8799.0
Piaggio BV 350,2019,Scooter,30.2,0,29.0,330.0,240.0,0,6599.0
Piaggio Typhoon 125,2019,Scooter,9.3,96.6,8.2,124.0,140.0,113.0,2599.0
Rokon Ranger,2019,Enduro / offroad,7.0,56.0,12.4,208.0,0,0,8375.0
Rokon Rokon for Hunters,2019,Sport,7.0,0,9.1,208.0,0,0,7860.0
Rokon Scout,2019,Enduro / offroad,7.0,0,12.4,208.0,0,0,6775.0
Rokon Trail-Breaker,2019,Enduro / offroad,7.0,56.0,12.4,208.0,0,0,7575.0
Sora Signature Series,2019,Sport,0,190.0,90.0,0,250.0,260.0,104000.0
Suzuki Boulevard C50,2019,Custom / cruiser,53.0,160.0,69.0,805.0,0,277.1,8299.0
Suzuki Boulevard C50T,2019,Touring,53.0,0,69.0,805.0,0,292.0,9499.0
Suzuki Boulevard C90T,2019,Touring,58.0,0,131.0,1462.0,275.0,363.0,13049.0
Suzuki Boulevard M109R B O S S,2019,Custom / cruiser,125.0,0,160.0,1783.0,275.0,347.0,15149.0
Suzuki Boulevard M50,2019,Custom / cruiser,53.0,0,69.0,805.0,180.0,269.0,8699.0
Suzuki Boulevard M90,2019,Custom / cruiser,79.0,0,131.0,1462.0,275.0,328.0,11349.0
Suzuki Boulevard S40,2019,Custom / cruiser,0,0,0,652.0,0,173.0,5799.0
Suzuki Burgman 200,2019,Scooter,0,0,0,200.0,240.0,163.0,4999.0
Suzuki Burgman 400,2019,Scooter,0,0,0,399.0,210.0,215.0,8199.0
Suzuki DR-Z125L,2019,Enduro / offroad,0,0,0,124.0,0,89.0,3299.0
Suzuki DR-Z50,2019,Enduro / offroad,0,0,0,49.0,0,54.0,1749.0
Suzuki DR200S,2019,Enduro / offroad,0,0,0,199.0,0,126.0,4649.0
Suzuki DR650S,2019,Super motard,0,0,0,644.0,240.0,166.0,6599.0
Suzuki GSX-R600,2019,Sport,0,0,0,599.0,310.0,187.0,11399.0
Suzuki GSX-R750,2019,Sport,150.0,0,86.2,750.0,220.0,190.0,12499.0
Suzuki GSX-S1000,2019,Sport,0,0,0,999.0,310.0,0,11099.0
Suzuki GSX-S1000FZ,2019,Naked bike,150.0,0,108.0,999.0,0,214.0,11599.0
Suzuki GSX-S750 ABS,2019,Sport,106.0,0,80.0,749.0,220.0,213.0,8899.0
Suzuki GSX-S750 Z,2019,Classic,106.0,0,80.0,749.0,220.0,213.0,8499.0
Suzuki GSX250R,2019,Sport,24.0,0,22.0,248.0,0,178.0,4599.0
Suzuki GSX250R ABS,2019,Sport,25.0,0,22.0,248.0,0,181.0,4899.0
Suzuki Hayabusa,2019,Sport,197.0,0,155.0,1340.0,260.0,266.0,14799.0
Suzuki KingQuad 400ASi,2019,ATV,0,0,0,376.0,0,265.0,6499.0
Suzuki KingQuad 400ASi Camo,2019,ATV,0,0,0,398.0,218.0,265.0,6899.0
Suzuki KingQuad 400FSi,2019,ATV,0,0,0,376.0,0,279.0,6499.0
Suzuki KingQuad 500AXi,2019,ATV,0,0,0,493.0,0,315.0,7499.0
Suzuki KingQuad 500AXi Power Steering,2019,ATV,0,0,0,493.0,0,324.0,8699.0
Suzuki KingQuad 750AXi,2019,ATV,0,0,0,722.0,0,320.0,8799.0
Suzuki QuadSport Z50,2019,ATV,0,0,0,49.0,0,79.0,2099.0
Suzuki QuadSport Z90,2019,ATV,0,0,0,90.0,0,127.0,2999.0
Suzuki RM-Z450,2019,Cross / motocross,0,0,0,449.0,0,112.0,8949.0
Suzuki RM85,2019,Cross / motocross,0,0,0,84.7,0,73.0,4199.0
Suzuki RMX450Z,2019,Enduro / offroad,0,0,0,449.0,0,123.5,8999.0
Suzuki SFV650,2019,Naked bike,0,0,0,645.0,240.0,196.0,7099.0
Suzuki SFV650 ABS,2019,Naked bike,0,0,0,645.0,240.0,196.0,7499.0
Suzuki SV650,2019,Naked bike,75.0,0,64.0,645.0,240.0,196.0,7099.0
Suzuki SV650X,2019,Naked bike,75.0,0,64.0,645.0,240.0,196.0,8399.0
Suzuki TU250X,2019,Allround,24.0,135.0,0,249.0,0,148.0,4649.0
Suzuki V-Strom 1000,2019,Super motard,100.0,0,103.0,1037.0,260.0,232.0,12999.0
Suzuki V-Strom 1000 ABS Adventure,2019,Super motard,100.0,0,103.0,1037.0,260.0,228.0,14599.0
Suzuki V-Strom 650,2019,Super motard,69.0,185.0,69.0,645.0,260.0,0,8799.0
Suzuki V-Strom 650XT,2019,Super motard,69.0,185.0,69.0,645.0,260.0,213.0,9299.0
Suzuki V-Strom 650XT Touring,2019,Super motard,71.0,185.0,62.0,645.0,260.0,0,9999.0
Suzuki VanVan 200,2019,Allround,16.0,0,15.0,199.0,0,128.5,4649.0
Triumph Bonneville T120 Diamond Edition,2019,Classic,80.0,0,105.0,1200.0,255.0,0,12350.0
Triumph Rocket III Roadster,2019,Custom / cruiser,148.0,0,221.0,2294.0,316.0,0,15700.0
Vespa GTS 300 Yacht Club,2019,Scooter,21.2,0,22.0,278.3,220.0,0,7049.0
Vespa Sprint 150,2019,Scooter,12.9,95.0,12.8,154.8,140.0,0,5549.0
Vespa Sprint S 150,2019,Scooter,12.9,95.0,12.8,155.0,140.0,0,5649.0
Yamaha Bolt,2019,Custom / cruiser,0,0,0,942.0,298.0,245.9,7999.0
Yamaha Bolt R-Spec,2019,Custom / cruiser,0,0,0,942.0,298.0,244.9,8399.0
Yamaha FJR1300A,2019,Sport touring,146.2,0,138.0,1298.0,282.0,288.9,16399.0
Yamaha FJR1300ES,2019,Sport touring,146.2,0,138.0,1298.0,282.0,291.2,17999.0
Yamaha Grizzly EPS,2019,ATV,0,0,0,686.0,0,318.0,9899.0
Yamaha Grizzly EPS SE,2019,ATV,0,0,0,686.0,0,353.8,10999.0
Yamaha Kodiak 450,2019,ATV,0,0,0,421.0,0,288.9,5999.0
Yamaha Kodiak 450 EPS,2019,ATV,0,0,0,421.0,0,294.8,6999.0
Yamaha Kodiak 700,2019,ATV,0,0,0,686.0,0,301.2,6999.0
Yamaha Kodiak 700 EPS,2019,ATV,0,0,0,686.0,0,311.2,8599.0
Yamaha Kodiak 700 EPS SE,2019,ATV,0,0,0,686.0,0,311.6,9299.0
Yamaha MT-10,2019,Naked bike,160.4,0,111.0,998.0,220.0,210.0,12199.0
Yamaha Niken,2019,Naked bike,115.0,0,61.5,847.0,298.0,263.1,15999.0
Yamaha Niken GT,2019,Naked bike,115.0,0,87.5,847.0,298.0,263.1,17299.0
Yamaha PW50,2019,Minibike-cross,0,0,0,49.0,0,40.8,1499.0
Yamaha Raptor 700,2019,ATV,0,0,0,686.0,0,191.4,7999.0
Yamaha Raptor 700R,2019,ATV,0,0,0,686.0,0,192.0,8599.0
Yamaha Raptor 700R SE,2019,ATV,0,0,0,686.0,0,192.0,9199.0
Yamaha Raptor 90,2019,ATV,0,0,0,90.0,0,126.6,2899.0
Yamaha Smax,2019,Scooter,0,0,0,155.0,245.0,148.8,3699.0
Yamaha Super Tenere ES,2019,Super motard,112.0,0,117.0,1199.0,282.0,264.9,16199.0
Yamaha TT-R110E,2019,Enduro / offroad,0,0,0,110.0,110.0,72.1,2299.0
Yamaha TT-R125LE,2019,Enduro / offroad,0,0,0,124.0,110.0,89.8,3299.0
Yamaha TT-R230,2019,Enduro / offroad,0,0,18.6,223.0,130.0,113.9,4399.0
Yamaha TT-R50E,2019,Enduro / offroad,0,0,0,49.0,80.0,57.2,1699.0
Yamaha TW200,2019,Enduro / offroad,0,0,0,196.0,110.0,126.1,4599.0
Yamaha Tracer 900,2019,Super motard,115.0,0,87.5,847.0,245.0,214.1,10699.0
Yamaha Tracer 900 GT,2019,Super motard,115.0,0,87.5,847.0,245.0,215.0,12999.0
Yamaha V Star 250,2019,Custom / cruiser,0,0,0,249.0,130.0,147.9,4349.0
Yamaha VMAX,2019,Custom / cruiser,200.0,0,167.0,1679.0,298.0,289.4,17999.0
Yamaha WR250F,2019,Enduro / offroad,0,0,0,250.0,245.0,117.0,8099.0
Yamaha WR250R,2019,Enduro / offroad,30.7,0,23.7,250.0,230.0,133.8,6699.0
Yamaha WR450F,2019,Enduro / offroad,0,0,0,450.0,245.0,118.8,9599.0
Yamaha XT250,2019,Enduro / offroad,0,0,0,249.0,203.0,132.0,5199.0
Yamaha YFZ450R SE,2019,ATV,0,0,0,449.0,0,184.0,9399.0
Yamaha YFZ50,2019,ATV,0,0,0,49.4,0,100.0,2099.0
Yamaha YZ125,2019,Cross / motocross,0,0,0,125.0,245.0,93.9,6499.0
Yamaha YZ250,2019,Cross / motocross,0,0,0,249.0,245.0,103.0,7399.0
Yamaha YZ250F,2019,Cross / motocross,0,0,0,250.0,245.0,106.1,8199.0
Yamaha YZ250FX,2019,Enduro / offroad,0,0,0,250.0,245.0,112.9,7999.0
Yamaha YZ250X,2019,Enduro / offroad,0,0,0,249.0,245.0,103.9,7499.0
Yamaha YZ450F,2019,Cross / motocross,0,0,0,449.7,245.0,111.1,9299.0
Yamaha YZ450FX,2019,Enduro / offroad,0,0,0,449.7,245.0,116.1,9499.0
Yamaha YZ85,2019,Cross / motocross,0,0,0,85.0,190.0,73.0,4599.0
Yamaha YZF-R3,2019,Sport,42.0,0,29.6,321.0,220.0,166.9,5299.0
Yamaha YZF-R6,2019,Sport,123.5,0,67.5,599.0,220.0,190.1,12199.0
Yamaha Zuma 125,2019,Scooter,0,0,0,125.0,200.0,118.8,3399.0
Yamaha Zuma 50F,2019,Scooter,0,0,0,49.0,0,93.0,2599.0
Yamaha Zuma 50FX,2019,Scooter,0,0,0,49.0,0,91.2,2599.0
Alta Redshift EX,2018,Enduro / offroad,42.0,114.3,162.7,0,240.0,0,12995.0
Alta Redshift MX,2018,Cross / motocross,42.0,0,162.7,0,240.0,0,10495.0
Alta Redshift MXR,2018,Cross / motocross,50.0,0,199.3,0,240.0,0,11995.0
Alta Redshift SM,2018,Super motard,42.0,128.8,162.7,0,240.0,0,13495.0
Bennche MB200,2018,Allround,6.5,38.6,0,196.0,0,0,699.0
Cobra CX50 FWE,2018,Minibike-cross,0,0,0,50.0,140.0,0,5198.0
Cobra CX50 JR,2018,Minibike-cross,0,0,0,50.0,140.0,0,3998.0
Cobra CX50 P3,2018,Minibike-cross,0,0,0,50.0,140.0,0,3598.0
Cobra CX50 SR King,2018,Minibike-cross,0,0,0,50.0,140.0,0,4198.0
Cobra CX65,2018,Minibike-cross,0,0,0,65.0,165.0,0,5298.0
Confederate FA-13 Combat Bomber,2018,Sport,150.0,265.5,223.7,2163.0,230.0,0,169000.0
Curtiss Warhawk,2018,Naked bike,150.0,265.5,217.0,2163.2,240.0,0,105000.0
Harley-Davidson 115th Anniversary Breakout 114,2018,Custom / cruiser,94.0,0,155.0,1868.0,0,305.0,21199.0
Harley-Davidson 115th Anniversary CVO Limited,2018,Touring,105.0,0,167.0,1923.0,0,428.0,43949.0
Harley-Davidson 115th Anniversary Fat Boy 114 (ANV),2018,Custom / cruiser,86.0,0,145.0,1753.5,0,317.0,21199.0
Harley-Davidson 115th Anniversary Forty-Eight,2018,Custom / cruiser,65.0,0,96.0,1202.0,0,252.0,12799.0
Harley-Davidson 115th Anniversary Heritage Classic 114,2018,Custom / cruiser,94.0,0,155.0,1868.0,0,330.0,21199.0
Harley-Davidson 115th Anniversary Street Glide,2018,Touring,89.0,0,150.0,1745.0,0,376.0,22799.0
Harley-Davidson 115th Anniversary Street Glide Special,2018,Touring,89.0,0,150.0,1745.0,0,376.0,22799.0
Harley-Davidson 115th Anniversary Tri Glide Ultra,2018,Touring,87.0,0,152.0,1745.0,0,564.0,36299.0
Harley-Davidson 115th Anniversary Ultra Limited,2018,Touring,90.0,0,153.0,1745.0,0,413.0,27999.0
Harley-Davidson CVO Limited,2018,Touring,105.0,0,167.0,1923.0,0,428.0,42949.0
Harley-Davidson CVO Road Glide,2018,Touring,105.0,0,166.0,1923.0,0,401.0,41399.0
Harley-Davidson CVO Street Glide,2018,Touring,105.0,0,166.0,1923.0,0,398.0,39949.0
Harley-Davidson Dyna Low Rider S Dark Custom,2018,Custom / cruiser,97.0,0,156.0,1801.0,0,305.0,16049.0
Harley-Davidson Electra Glide Ultra Classic,2018,Touring,90.0,0,150.0,1753.5,0,411.0,24249.0
Harley-Davidson Freewheeler,2018,Custom / cruiser,89.0,0,150.0,1747.0,0,507.0,26449.0
Harley-Davidson Road Glide,2018,Touring,89.0,0,150.0,1745.0,0,388.0,21299.0
Harley-Davidson Road Glide Special,2018,Touring,89.0,0,150.0,1745.0,0,388.0,26299.0
Harley-Davidson Road Glide Ultra,2018,Touring,90.0,0,153.0,1753.5,0,425.0,26399.0
Harley-Davidson Road King,2018,Touring,89.0,0,150.0,1688.0,0,379.0,18999.0
Harley-Davidson Road King Special,2018,Touring,87.0,0,138.0,1688.0,0,372.0,21999.0
Harley-Davidson Softail Breakout,2018,Custom / cruiser,86.0,0,145.0,1745.0,0,305.0,18999.0
Harley-Davidson Softail Breakout 114,2018,Custom / cruiser,94.0,0,155.0,1868.0,0,305.0,20299.0
Harley-Davidson Softail Deluxe,2018,Custom / cruiser,86.0,0,145.0,1745.0,0,316.0,17999.0
Harley-Davidson Softail Fat Bob,2018,Custom / cruiser,86.0,0,145.0,1745.0,0,306.0,16999.0
Harley-Davidson Softail Fat Bob 114,2018,Custom / cruiser,94.0,0,155.0,1745.0,0,306.0,19195.0
Harley-Davidson Softail Fat Bob Dark Custom,2018,Custom / cruiser,80.0,0,135.0,1690.0,0,320.0,16049.0
Harley-Davidson Softail Fat Boy,2018,Custom / cruiser,86.0,0,145.0,1745.0,0,317.0,18999.0
Harley-Davidson Softail Fat Boy 114,2018,Custom / cruiser,94.0,0,155.0,1868.0,0,317.0,20229.0
Harley-Davidson Softail Heritage Classic,2018,Custom / cruiser,86.0,0,145.0,1745.0,0,330.0,18999.0
Harley-Davidson Softail Heritage Classic 114,2018,Custom / cruiser,94.0,0,155.0,1868.0,0,330.0,20299.0
Harley-Davidson Softail Low Rider,2018,Custom / cruiser,86.0,0,145.0,1745.0,0,300.0,14999.0
Harley-Davidson Softail Slim,2018,Custom / cruiser,86.0,0,145.0,1745.0,0,304.0,15899.0
Harley-Davidson Softail Street Bob,2018,Custom / cruiser,86.0,0,145.0,1745.0,0,297.0,14449.0
Harley-Davidson Softail Street Bob Dark Custom,2018,Custom / cruiser,86.0,0,127.0,1690.0,0,304.0,13845.0
Harley-Davidson Sport Glide,2018,Custom / cruiser,86.0,0,145.0,1745.0,0,317.0,14999.0
Harley-Davidson Sportster 1200 Custom,2018,Custom / cruiser,67.0,0,96.0,1201.3,0,268.0,10999.0
Harley-Davidson Sportster Forty-Eight,2018,Custom / cruiser,65.0,0,96.0,1202.0,0,252.0,11299.0
Harley-Davidson Sportster Forty-Eight Dark Custom,2018,Custom / cruiser,65.0,0,96.0,1202.0,0,250.0,11299.0
Harley-Davidson Sportster Iron 883,2018,Custom / cruiser,51.0,0,68.0,883.3,300.0,256.0,8999.0
Harley-Davidson Sportster Iron 883 Dark Custom,2018,Custom / cruiser,51.0,0,68.0,883.3,300.0,256.0,8949.0
Harley-Davidson Sportster Roadster,2018,Naked bike,67.0,0,96.0,1202.0,0,259.0,11299.0
Harley-Davidson Sportster Roadster Dark Custom,2018,Naked bike,67.0,0,96.0,1202.0,0,258.0,11299.0
Harley-Davidson Sportster Superlow,2018,Custom / cruiser,52.3,0,73.0,883.3,0,256.0,8699.0
Harley-Davidson Street 500,2018,Custom / cruiser,0,0,40.0,491.6,0,221.8,6899.0
Harley-Davidson Street 500 Dark Custom,2018,Custom / cruiser,0,0,40.0,491.6,0,222.0,6848.0
Harley-Davidson Street 750,2018,Custom / cruiser,58.0,0,60.3,749.0,0,229.0,7599.0
Harley-Davidson Street 750 Dark Custom,2018,Custom / cruiser,58.0,0,60.3,749.0,0,229.0,7549.0
Harley-Davidson Street Glide,2018,Touring,89.0,0,150.0,1745.0,0,376.0,20999.0
Harley-Davidson Street Glide Special,2018,Touring,89.0,0,150.0,1745.0,0,379.0,25999.0
Harley-Davidson Street Rod,2018,Custom / cruiser,70.0,0,65.0,749.0,0,238.0,8699.0
Harley-Davidson Street Rod Dark Custom,2018,Custom / cruiser,70.0,0,65.0,749.0,0,238.0,8465.0
Harley-Davidson Tri Glide Ultra,2018,Touring,87.0,0,152.0,1745.0,0,564.0,34499.0
Harley-Davidson Ultra Limited,2018,Touring,90.0,0,153.0,1745.0,0,413.0,26999.0
Harley-Davidson Ultra Limited Low,2018,Touring,90.0,0,152.0,1745.0,0,412.0,26899.0
Honda CB1000R,2018,Naked bike,123.4,0,99.0,998.0,256.0,220.0,11760.0
Honda CB1100 EX,2018,Classic,88.5,0,91.0,1140.0,256.0,260.0,12199.0
Honda CB300F,2018,Naked bike,29.5,0,27.0,286.0,220.0,157.9,4349.0
Honda CB300F ABS,2018,Naked bike,29.5,0,27.0,286.0,220.0,160.6,4649.0
Honda CB500F,2018,Naked bike,46.9,0,43.0,471.0,240.0,188.0,6099.0
Honda CB500F ABS,2018,Naked bike,46.9,0,43.0,471.0,240.0,193.0,8699.0
Honda CB500X,2018,Sport,46.9,0,43.0,471.0,240.0,195.0,8699.0
Honda CBR1000RR,2018,Sport,178.4,0,114.0,999.0,220.0,200.0,16499.0
Honda CBR1000RR SP,2018,Sport,178.4,0,114.0,999.0,220.0,198.0,19999.0
Honda CBR1000RR SP2,2018,Sport,178.4,0,114.0,999.0,220.0,198.0,24999.0
Honda CBR300R,2018,Sport,34.9,0,22.9,286.0,220.0,161.9,4699.0
Honda CBR300R ABS,2018,Sport,34.9,0,22.9,286.0,220.0,165.1,4999.0
Honda CBR500R,2018,Sport,46.9,0,43.0,471.0,240.0,192.8,6599.0
Honda CBR500R ABS,2018,Sport,46.9,0,43.0,471.0,240.0,194.6,6899.0
Honda CBR600RR,2018,Sport,120.0,250.0,66.0,599.0,220.0,186.0,11799.0
Honda CBR600RR ABS,2018,Sport,118.0,0,66.0,599.0,220.0,196.9,12799.0
Honda CBR650F,2018,Sport,85.8,0,63.0,649.0,240.0,199.0,8765.0
Honda CBR650F ABS,2018,Sport,85.8,0,63.0,649.0,240.0,211.8,9249.0
Honda CRF1000L Africa Twin,2018,Enduro / offroad,95.0,0,98.0,998.0,256.0,0,13299.0
Honda CRF110F,2018,Enduro / offroad,7.2,0,8.9,109.0,109.0,73.9,2249.0
Honda CRF125F,2018,Cross / motocross,8.9,0,10.2,124.9,125.0,88.0,2999.0
Honda CRF125F Big Wheel,2018,Enduro / offroad,0,0,0,124.9,149.0,88.0,3399.0
Honda CRF150F,2018,Enduro / offroad,0,0,0,149.0,149.0,106.1,3799.0
Honda CRF150R,2018,Cross / motocross,23.5,0,14.1,149.0,190.0,83.9,5099.0
Honda CRF230F,2018,Enduro / offroad,0,0,0,223.0,223.0,112.9,4299.0
Honda CRF250L,2018,Enduro / offroad,22.8,0,22.0,249.6,220.0,145.2,5149.0
Honda CRF250L Rally,2018,Enduro / offroad,22.8,0,22.0,249.6,220.0,144.0,5899.0
Honda CRF250L Rally ABS,2018,Enduro / offroad,22.8,0,22.0,249.6,220.0,147.0,6199.0
Honda CRF250R,2018,Cross / motocross,0,0,0,249.0,240.0,108.0,7999.0
Honda CRF250X,2018,Enduro / offroad,29.4,0,24.2,249.0,240.0,115.2,7599.0
Honda CRF450R,2018,Cross / motocross,53.0,170.0,48.0,449.7,240.0,110.2,9149.0
Honda CRF450RX,2018,Enduro / offroad,0,0,0,449.0,240.0,116.6,9249.0
Honda CRF450X,2018,Enduro / offroad,44.5,0,41.3,449.0,240.0,122.0,8699.0
Honda CRF50F,2018,Enduro / offroad,0,0,0,49.0,0,0,1499.0
Honda CTX1300,2018,Custom / cruiser,83.1,195.0,106.0,1261.0,315.0,338.0,15999.0
Honda CTX1300 Deluxe,2018,Custom / cruiser,83.1,195.0,106.0,1261.0,315.0,338.0,17499.0
Honda CTX700 DCT,2018,Sport touring,0,0,0,670.0,240.0,0,8299.0
Honda CTX700N,2018,Custom / cruiser,48.0,0,60.0,670.0,240.0,0,6999.0
Honda CTX700N DCT ABS,2018,Custom / cruiser,48.0,0,60.0,670.0,240.0,0,7599.0
Honda Forza,2018,Scooter,25.5,0,26.0,279.0,249.0,0,5599.0
Honda FourTrax Foreman 4x4,2018,ATV,0,0,0,475.0,160.0,0,7299.0
Honda FourTrax Foreman Rubicon 4x4,2018,ATV,0,0,0,499.0,170.0,0,8599.0
Honda FourTrax Rancher,2018,ATV,56.3,0,0,420.0,160.0,248.1,5349.0
Honda FourTrax Recon,2018,ATV,0,0,0,229.0,0,196.0,4099.0
Honda FourTrax Rincon,2018,ATV,0,0,0,675.0,180.0,0,9399.0
Honda Fury,2018,Custom / cruiser,0,0,89.5,1312.0,296.0,300.7,10449.0
Honda Fury ABS,2018,Custom / cruiser,0,0,89.5,1312.0,296.0,308.9,11449.0
Honda Gold Wing,2018,Touring,118.0,0,167.0,1833.0,316.0,357.0,23500.0
Honda Gold Wing Automatic DCT,2018,Touring,118.0,0,167.0,1833.0,316.0,357.0,24700.0
Honda Gold Wing F6B,2018,Custom / cruiser,114.0,0,167.0,1832.0,316.0,382.8,20499.0
Honda Gold Wing F6B Deluxe,2018,Custom / cruiser,114.0,0,167.0,1832.0,316.0,382.8,21499.0
Honda Gold Wing Tour,2018,Touring,118.0,0,167.0,1833.0,316.0,360.0,24700.0
Honda Gold Wing Tour Airbag Automatic DCT,2018,Touring,118.0,0,167.0,1833.0,316.0,362.9,31500.0
Honda Gold Wing Tour Automatic DCT,2018,Touring,118.0,0,167.0,1833.0,316.0,362.9,27700.0
Honda Gold Wing Valkyrie,2018,Custom / cruiser,0,0,0,1832.0,316.0,341.0,17999.0
Honda Grom,2018,Sport,0,0,0,124.9,190.0,103.9,3349.0
Honda Grom ABS,2018,Sport,0,0,0,124.9,190.0,106.1,3549.0
Honda Interceptor,2018,Sport,104.6,0,77.1,782.0,256.0,240.0,10799.0
Honda Interceptor DLX,2018,Sport,104.5,0,75.1,782.0,256.0,249.0,12799.0
Honda Interstate,2018,Touring,0,0,0,1312.0,296.0,323.0,10999.0
Honda Interstate ABS,2018,Touring,0,0,0,1312.0,296.0,330.2,11499.0
Honda Metropolitan,2018,Scooter,0,0,0,49.0,0,81.2,2449.0
Honda Montesa Cota 300RR,2018,Trial,0,0,0,288.0,150.0,0,10199.0
Honda Montesa Cota 4RT 260,2018,Trial,0,0,0,259.0,150.0,74.3,7999.0
Honda NC700X,2018,Super motard,0,0,0,670.0,240.0,214.1,7699.0
Honda NC700X DCT,2018,Super motard,0,0,0,670.0,240.0,219.0,8299.0
Honda NM4,2018,Touring,0,0,0,670.0,240.0,254.9,11299.0
Honda PCX 125,2018,Scooter,11.5,0,12.0,125.0,130.0,130.0,3599.0
Honda Rebel 300,2018,Custom / cruiser,0,175.0,0,286.0,0,165.1,4449.0
Honda Rebel 300 ABS,2018,Custom / cruiser,0,175.0,0,286.0,0,165.1,4749.0
Honda Rebel 500,2018,Custom / cruiser,48.0,175.0,43.0,471.0,0,0,6099.0
Honda Rebel 500 ABS,2018,Custom / cruiser,48.0,175.0,43.0,471.0,0,0,6399.0
Honda Ruckus,2018,Scooter,0,0,0,49.0,0,88.0,2699.0
Honda ST1300 ABS,2018,Sport touring,126.0,225.0,125.0,1261.0,316.0,331.0,18230.0
Honda Shadow Aero,2018,Custom / cruiser,0,0,0,745.0,180.0,254.0,7499.0
Honda Shadow Aero ABS,2018,Custom / cruiser,46.0,0,64.0,745.0,180.0,259.9,7849.0
Honda Shadow Phantom,2018,Custom / cruiser,0,0,0,745.0,296.0,249.0,7799.0
Honda Silver Wing ABS,2018,Scooter,49.6,0,54.0,582.0,240.0,247.0,9270.0
Honda Stateline,2018,Custom / cruiser,0,0,0,1312.0,296.0,304.8,9999.0
Honda Stateline ABS,2018,Custom / cruiser,0,0,0,1312.0,296.0,312.1,10999.0
Honda TRX250X,2018,ATV,0,0,0,229.0,229.0,171.9,4749.0
Honda TRX400X,2018,ATV,0,0,0,397.0,220.0,185.1,6399.0
Honda TRX450R,2018,ATV,0,0,0,450.0,190.0,176.0,7799.0
Honda TRX90X,2018,ATV,0,0,0,86.0,140.0,118.8,3049.0
Honda VFR1200X,2018,Sport touring,127.4,0,126.0,1237.0,276.0,275.0,15999.0
Honda VFR1200X DCT,2018,Sport touring,129.0,209.0,126.0,1237.0,276.0,275.0,16399.0
Honda XR650L,2018,Enduro / offroad,0,0,0,644.0,0,156.9,6899.0
KTM RC16,2018,Sport,240.0,0,0,1000.0,0,0,105000.0
Kawasaki Brute Force  750 4x4i EPS Camo,2018,ATV,50.0,0,59.0,749.0,200.0,317.1,10599.0
Kawasaki Brute Force 300,2018,ATV,22.0,0,22.3,271.0,180.0,242.0,4299.0
Kawasaki Brute Force 750 4x4i,2018,ATV,50.0,0,59.0,749.0,200.0,312.1,8999.0
Kawasaki Concours 14 ABS,2018,Sport touring,155.0,0,136.0,1352.0,270.0,313.0,15599.0
Kawasaki KLR 650,2018,Super motard,0,0,0,651.0,280.0,196.0,6699.0
Kawasaki KLR 650 Camo,2018,Super motard,0,0,0,651.0,280.0,196.0,6999.0
Kawasaki KLX 110,2018,Enduro / offroad,7.3,0,8.0,112.0,110.0,76.2,2299.0
Kawasaki KLX 110L,2018,Enduro / offroad,0,0,0,111.0,110.0,76.2,2499.0
Kawasaki KLX 140,2018,Enduro / offroad,0,0,0,144.0,186.0,93.0,3099.0
Kawasaki KLX 140G,2018,Enduro / offroad,0,0,0,144.0,0,99.0,3699.0
Kawasaki KLX 140L,2018,Enduro / offroad,0,0,0,144.0,186.0,95.0,3399.0
Kawasaki KLX250,2018,Super motard,21.5,0,20.5,249.0,240.0,138.0,5349.0
Kawasaki KLX250 Camo,2018,Super motard,21.5,0,20.5,249.0,240.0,138.0,5549.0
Kawasaki KLX250 Final Edition,2018,Super motard,21.5,0,20.5,249.0,240.0,138.0,5349.0
Kawasaki KLX250S,2018,Super motard,21.5,0,20.5,249.0,240.0,138.0,5349.0
Kawasaki KX 100,2018,Cross / motocross,0,0,0,99.0,0,71.0,4599.0
Kawasaki KX 250F,2018,Cross / motocross,0,0,0,249.0,240.0,104.5,7749.0
Kawasaki KX 450F,2018,Cross / motocross,0,0,0,449.0,240.0,108.8,8849.0
Kawasaki KX 65,2018,Cross / motocross,0,0,0,64.7,0,60.0,3699.0
Kawasaki KX 85-I,2018,Cross / motocross,0,0,0,84.0,184.0,69.0,4349.0
Kawasaki Ninja 1000 ABS,2018,Sport,200.0,0,113.5,1043.0,250.0,234.1,12199.0
Kawasaki Ninja 650 ABS,2018,Sport,52.3,0,56.0,649.0,220.0,193.1,7799.0
Kawasaki Ninja 650 ABS KRT Edition,2018,Sport,68.0,0,65.7,649.0,220.0,193.1,7999.0
Kawasaki Ninja H2,2018,Sport,200.0,0,133.5,998.0,250.0,238.1,28000.0
Kawasaki Ninja H2 Carbon,2018,Sport,200.0,0,133.5,998.0,250.0,238.1,31000.0
Kawasaki Ninja H2 R,2018,Sport,310.0,0,165.0,998.0,250.0,216.1,55000.0
Kawasaki Ninja ZX-10R,2018,Sport,200.0,0,113.5,998.0,220.0,206.0,15099.0
Kawasaki Ninja ZX-10R KRT Edition,2018,Sport,200.0,0,71.0,998.0,220.0,206.0,15399.0
Kawasaki Ninja ZX-10RR,2018,Sport,200.0,0,113.5,998.0,220.0,206.0,18899.0
Kawasaki Ninja ZX-14R,2018,Sport,0,0,0,1441.0,250.0,269.0,14999.0
Kawasaki Ninja ZX-14R SE,2018,Sport,0,0,0,1441.0,250.0,269.0,15499.0
Kawasaki Ninja ZX-6R,2018,Sport,126.2,0,66.7,599.0,210.0,194.0,11690.0
Kawasaki Ninja ZX-6R KRT Edition,2018,Sport,200.0,0,71.0,636.0,210.0,206.0,11900.0
Kawasaki Versys  650 ABS,2018,Allround,69.0,0,64.0,649.0,250.0,0,8099.0
Kawasaki Versys 1000LT,2018,Sport touring,120.0,0,102.0,1043.0,250.0,249.0,12999.0
Kawasaki Versys 650LT,2018,Sport touring,69.0,0,64.0,649.0,220.0,216.1,8999.0
Kawasaki Versys-X 300 ABS,2018,Allround,0,0,0,296.0,0,0,5699.0
Kawasaki Vulcan  900 Classic,2018,Custom / cruiser,48.0,0,77.0,903.0,300.0,281.1,7999.0
Kawasaki Vulcan  900 Classic LT,2018,Touring,48.0,0,78.9,903.0,300.0,298.1,8999.0
Kawasaki Vulcan  S ABS,2018,Custom / cruiser,61.0,0,63.0,649.0,250.0,498.3,7499.0
Kawasaki Vulcan 1700 ABS Voyager,2018,Touring,73.0,0,146.5,1700.0,300.0,403.0,17499.0
Kawasaki Vulcan 1700 Vaquero ABS,2018,Touring,0,0,146.5,1700.0,300.0,383.1,16799.0
Kawasaki Vulcan 900 Custom,2018,Custom / cruiser,48.0,0,78.9,903.0,242.0,277.1,8499.0
Kawasaki Vulcan S ABS Cafe,2018,Custom / cruiser,48.0,0,77.0,649.0,250.0,228.0,8099.0
Kawasaki Vulcan S ABS Special Edition,2018,Custom / cruiser,61.0,0,63.0,649.0,250.0,226.0,7699.0
Kawasaki Z125 Pro,2018,Naked bike,0,0,0,125.0,184.0,102.0,3199.0
Kawasaki Z125 Pro KRT Edition,2018,Naked bike,0,0,0,125.0,184.0,102.0,3399.0
Kawasaki Z125 Pro SE,2018,Naked bike,0,0,0,125.0,184.0,102.0,3399.0
Kawasaki Z650 ABS,2018,Naked bike,39.0,0,65.7,649.0,220.0,186.0,7399.0
Kawasaki Z900 ABS,2018,Naked bike,0,0,0,948.0,250.0,210.1,8799.0
Kawasaki Z900RS,2018,Naked bike,110.0,0,98.5,948.0,250.0,215.0,10999.0
Lightning LS-218,2018,Sport,200.0,350.8,227.8,0,320.0,0,38888.0
MV Agusta Brutale 800 America,2018,Naked bike,116.0,237.0,83.0,798.0,220.0,0,14998.0
Moto Guzzi Audace,2018,Naked bike,95.0,0,121.0,1380.0,282.0,299.0,16390.0
Moto Guzzi California 1400 Touring,2018,Touring,96.0,0,11.0,1380.0,280.0,346.0,18490.0
Moto Guzzi Eldorado,2018,Classic,96.0,0,121.0,1380.0,282.0,314.0,16490.0
Moto Guzzi Griso 1200 S.E.,2018,Naked bike,104.5,0,107.0,1151.0,282.0,231.0,13190.0
Moto Guzzi MGX-21,2018,Custom / cruiser,96.5,0,121.0,1380.0,282.0,0,21990.0
Moto Guzzi Stelvio 1200 NTX,2018,Super motard,103.0,0,113.0,1151.0,282.0,272.0,16190.0
Moto Guzzi V7 II Stornello,2018,Classic,48.0,0,60.0,744.0,260.0,0,11190.0
Moto Guzzi V7 III Anniversario,2018,Classic,52.0,0,60.0,744.0,260.0,209.0,9990.0
Moto Guzzi V7 III Milano,2018,Classic,52.0,0,60.0,744.0,260.0,209.0,7990.0
Moto Guzzi V7 III Racer,2018,Classic,52.0,0,60.0,744.0,260.0,209.0,9990.0
Moto Guzzi V7 III Special,2018,Classic,52.0,0,60.0,744.0,260.0,213.0,8490.0
Moto Guzzi V7 III Stone,2018,Classic,52.0,0,60.0,744.0,260.0,209.0,7990.0
Moto Guzzi V9 Bobber,2018,Allround,55.0,0,62.0,853.0,260.0,199.0,10490.0
Moto Guzzi V9 Roamer,2018,Classic,55.0,0,62.0,853.0,260.0,199.0,9990.0
Pitster Pro Drift Trike 223,2018,Allround,0,0,0,223.0,0,0,2299.0
Sora Signature Series,2018,Sport,0,190.0,90.0,0,250.0,260.0,104000.0
Suzuki Bandit 1250 ABS,2018,Sport touring,98.0,0,108.0,1255.0,240.0,0,9899.0
Suzuki Bandit 1250S ABS,2018,Sport touring,98.0,0,108.0,1255.0,240.0,0,9899.0
Suzuki Boulevard C50,2018,Custom / cruiser,53.0,160.0,69.0,805.0,0,277.1,8249.0
Suzuki Boulevard C50T,2018,Touring,53.0,0,69.0,805.0,0,292.0,9449.0
Suzuki Boulevard C90 B O S S,2018,Custom / cruiser,0,0,0,1462.0,0,344.0,12499.0
Suzuki Boulevard C90T,2018,Touring,58.0,0,131.0,1462.0,275.0,363.0,12949.0
Suzuki Boulevard M109R B O S S,2018,Custom / cruiser,125.0,0,160.0,1783.0,275.0,347.0,14999.0
Suzuki Boulevard M50,2018,Custom / cruiser,53.0,0,69.0,805.0,180.0,269.0,8649.0
Suzuki Boulevard M90,2018,Custom / cruiser,79.0,0,131.0,1462.0,275.0,328.0,11249.0
Suzuki Boulevard S40,2018,Custom / cruiser,0,0,0,652.0,0,173.0,5749.0
Suzuki Burgman 200,2018,Scooter,0,0,0,200.0,240.0,163.0,4999.0
Suzuki Burgman 400 ABS,2018,Scooter,0,0,0,398.0,210.0,222.0,8099.0
Suzuki Burgman 650 ABS,2018,Scooter,56.0,160.0,62.0,638.0,0,278.0,10999.0
Suzuki Burgman 650 Executive,2018,Scooter,56.0,160.0,62.0,638.0,100.0,277.0,11049.0
Suzuki DR-Z125L,2018,Enduro / offroad,0,0,0,124.0,0,89.0,3249.0
Suzuki DR-Z400S,2018,Enduro / offroad,0,0,0,398.0,220.0,144.0,6699.0
Suzuki DR-Z400SM,2018,Super motard,0,0,0,398.0,240.0,146.0,7299.0
Suzuki DR-Z70,2018,Enduro / offroad,0,0,0,67.0,0,55.0,1849.0
Suzuki DR200S,2018,Enduro / offroad,0,0,0,198.0,0,126.0,4599.0
Suzuki DR650S,2018,Super motard,0,0,0,644.0,240.0,166.0,6549.0
Suzuki GSX-R1000,2018,Sport,185.0,0,117.0,999.0,220.0,200.0,14699.0
Suzuki GSX-R1000R,2018,Sport,185.0,0,117.0,999.0,220.0,203.0,17199.0
Suzuki GSX-R125 GP,2018,Sport,14.8,0,11.5,124.0,0,134.0,4099.0
Suzuki GSX-R600,2018,Sport,0,0,0,599.0,310.0,187.0,11299.0
Suzuki GSX-R750,2018,Sport,150.0,0,86.2,750.0,220.0,190.0,12399.0
Suzuki GSX-S1000,2018,Sport,0,0,0,999.0,310.0,0,9999.0
Suzuki GSX-S1000 ABS,2018,Sport,0,0,0,999.0,310.0,0,10799.0
Suzuki GSX-S1000F ABS,2018,Sport,0,0,0,999.0,310.0,214.0,11299.0
Suzuki GSX-S1000Z,2018,Naked bike,149.0,0,108.0,999.0,0,209.0,10999.0
Suzuki GSX-S750,2018,Sport,106.0,0,80.0,749.0,220.0,211.0,8299.0
Suzuki GSX-S750Z,2018,Sport,106.0,0,80.0,749.0,220.0,213.0,8899.0
Suzuki GSX250R,2018,Sport,24.0,0,22.0,248.0,0,178.0,4499.0
Suzuki GSX650F,2018,Allround,84.0,0,62.0,656.0,240.0,241.0,11990.0
Suzuki GW250,2018,Allround,24.0,0,22.0,248.0,0,183.0,4099.0
Suzuki GW250F,2018,Sport,24.0,0,22.0,248.0,0,189.0,4499.0
Suzuki Hayabusa,2018,Sport,197.0,0,155.0,1340.0,260.0,266.0,14699.0
Suzuki Hayabusa Z,2018,Sport,197.0,0,155.0,1340.0,320.0,0,12599.0
Suzuki KingQuad 300,2018,ATV,0,0,0,280.0,0,273.0,7490.0
Suzuki KingQuad 400ASi,2018,ATV,0,0,0,376.0,0,265.0,6799.0
Suzuki KingQuad 400FSi,2018,ATV,0,0,0,376.0,0,279.0,6499.0
Suzuki KingQuad 500AXi,2018,ATV,0,0,0,493.0,0,302.0,7399.0
Suzuki KingQuad 750AXi,2018,ATV,0,0,0,722.0,0,302.0,8599.0
Suzuki Ozark 250,2018,ATV,0,0,0,249.0,0,194.0,4599.0
Suzuki QuadSport Z400,2018,ATV,0,0,0,398.0,218.0,193.0,7149.0
Suzuki QuadSport Z50,2018,ATV,0,0,0,49.0,0,79.0,2049.0
Suzuki QuadSport Z90,2018,ATV,0,0,0,90.0,0,127.0,2949.0
Suzuki RM-Z250,2018,Cross / motocross,0,0,0,249.0,0,106.0,7749.0
Suzuki RM-Z450,2018,Cross / motocross,0,0,0,449.0,0,112.0,8899.0
Suzuki RM85,2018,Cross / motocross,0,0,0,84.7,0,73.0,4149.0
Suzuki RMX450Z,2018,Enduro / offroad,0,0,0,449.0,0,123.5,8999.0
Suzuki SFV650,2018,Naked bike,0,0,0,645.0,240.0,202.0,7699.0
Suzuki SV650,2018,Naked bike,75.0,0,64.0,645.0,240.0,196.0,7049.0
Suzuki SV650 ABS,2018,Sport,0,0,0,645.0,240.0,196.0,7499.0
Suzuki TU250X,2018,Allround,24.0,135.0,0,248.0,0,148.0,4599.0
Suzuki V-Strom 1000,2018,Super motard,100.0,0,103.0,1037.0,260.0,232.0,12999.0
Suzuki V-Strom 1000 ABS Adventure,2018,Super motard,100.0,0,103.0,1037.0,260.0,228.0,13999.0
Suzuki V-Strom 1000XT,2018,Super motard,100.0,0,103.0,1037.0,260.0,233.0,13299.0
Suzuki V-Strom 650,2018,Super motard,69.0,185.0,69.0,645.0,260.0,0,8799.0
Suzuki V-Strom 650 ABS Adventure,2018,Super motard,69.0,185.0,60.0,645.0,260.0,214.0,10049.0
Suzuki V-Strom 650XT,2018,Super motard,69.0,185.0,69.0,645.0,260.0,0,9299.0
Suzuki VanVan 125,2018,Allround,12.0,0,9.8,125.0,110.0,128.0,3399.0
Suzuki VanVan 200,2018,Allround,16.0,0,15.0,199.0,0,128.5,4599.0
Triumph Bonneville Bobber Black,2018,Classic,77.0,0,106.0,1200.0,255.0,0,13150.0
Triumph Bonneville Speedmaster,2018,Classic,77.0,0,106.0,1200.0,255.0,0,13150.0
Triumph Bonneville T100,2018,Classic,55.0,0,80.0,900.0,255.0,0,10400.0
Triumph Bonneville T100 Black,2018,Classic,55.0,0,80.0,900.0,255.0,0,10650.0
Triumph Bonneville T120,2018,Classic,80.0,0,105.0,1200.0,255.0,0,11800.0
Triumph Bonneville T120 Black,2018,Classic,80.0,0,105.0,1200.0,255.0,0,11800.0
Triumph Rocket III Roadster,2018,Custom / cruiser,148.0,0,221.0,2294.0,316.0,0,15700.0
Triumph Street Cup,2018,Naked bike,55.0,0,80.0,900.0,255.0,0,10500.0
Triumph Street Scrambler,2018,Naked bike,55.0,0,80.0,900.0,255.0,0,10800.0
Triumph Street Triple R Low,2018,Naked bike,111.0,0,73.0,765.0,220.0,0,11200.0
Triumph Street Triple RS,2018,Naked bike,123.0,0,77.0,765.0,255.0,0,12500.0
Triumph Street Triple S,2018,Naked bike,111.0,0,73.0,765.0,255.0,0,9900.0
Triumph Street Twin,2018,Naked bike,55.0,0,80.0,900.0,255.0,0,9100.0
Triumph Thruxton 1200,2018,Classic,97.0,0,112.0,1200.0,220.0,0,13000.0
Triumph Thruxton 1200 R,2018,Classic,97.0,0,112.0,1200.0,220.0,0,15000.0
Triumph Tiger 1200 XCA,2018,Allround,139.0,0,122.0,1215.0,282.0,0,21750.0
Triumph Tiger 1200 XCX,2018,Allround,139.0,0,122.0,1215.0,282.0,0,16500.0
Triumph Tiger 1200 XR,2018,Allround,139.0,0,122.0,1215.0,282.0,0,16500.0
Triumph Tiger 1200 XRT,2018,Allround,139.0,0,122.0,1215.0,282.0,0,21050.0
Triumph Tiger 1200 XRX,2018,Allround,139.0,0,123.0,1215.0,282.0,0,18750.0
Triumph Tiger 1200 XRX Low,2018,Allround,139.0,0,122.0,1215.0,190.0,0,19000.0
Triumph Tiger 800 XCA,2018,Super motard,95.0,0,79.0,799.0,255.0,0,15850.0
Triumph Tiger 800 XCX,2018,Super motard,95.0,0,79.0,799.0,255.0,0,14450.0
Triumph Tiger 800 XR,2018,Super motard,95.0,0,79.0,799.0,255.0,0,12250.0
Triumph Tiger 800 XRX,2018,Super motard,95.0,0,79.0,799.0,255.0,0,13650.0
Triumph Tiger 800 XRX Low,2018,Super motard,95.0,0,79.0,799.0,255.0,0,13900.0
Triumph Tiger 800 XRt,2018,Super motard,95.0,0,79.0,799.0,255.0,0,15350.0
Victory Cross Country Tour,2018,Touring,0,0,0,1737.1,300.0,398.0,21999.0
Victory Gunner,2018,Custom / cruiser,0,0,149.2,1731.0,300.0,310.0,13499.0
Victory Hammer S,2018,Custom / cruiser,97.0,0,153.2,1731.0,300.0,305.0,15599.0
Victory High-Ball,2018,Custom / cruiser,0,0,0,1737.1,300.0,0,13499.0
Victory Magnum,2018,Touring,0,0,0,1737.1,300.0,367.0,22599.0
Victory Magnum X-1,2018,Touring,0,0,0,1737.1,300.0,373.0,24499.0
Victory Octane,2018,Custom / cruiser,104.0,0,103.1,1179.0,298.0,0,9999.0
Victory Vegas,2018,Custom / cruiser,0,0,0,1737.1,300.0,309.0,13999.0
Victory Vegas 8-Ball,2018,Custom / cruiser,0,0,0,1737.1,300.0,0,12999.0
Victory Vision,2018,Touring,0,0,0,1731.0,300.0,408.0,21099.0
Yamaha Bolt,2018,Custom / cruiser,0,0,0,950.5,298.0,245.9,7999.0
Yamaha Bolt R-Spec,2018,Custom / cruiser,0,0,0,950.5,298.0,244.9,8399.0
Yamaha FJ-09,2018,Naked bike,115.0,0,61.5,847.0,245.0,209.6,10699.0
Yamaha FJR1300A,2018,Sport touring,146.2,0,138.0,1298.0,282.0,288.9,16399.0
Yamaha FJR1300ES,2018,Sport touring,146.2,0,138.0,1298.0,282.0,291.2,17999.0
Yamaha FZ6R,2018,Sport,0,0,0,600.0,245.0,211.8,7799.0
Yamaha Grizzly EPS,2018,ATV,0,0,0,708.0,0,313.9,9899.0
Yamaha Grizzly EPS LE,2018,ATV,0,0,0,708.0,0,323.0,10899.0
Yamaha Grizzly EPS SE,2018,ATV,0,0,0,708.0,0,323.0,10299.0
Yamaha Kodiak 450,2018,ATV,0,0,0,421.0,0,288.9,5999.0
Yamaha Kodiak 450 EPS,2018,ATV,0,0,0,421.0,0,294.8,6899.0
Yamaha Kodiak 700,2018,ATV,0,0,0,708.0,0,299.8,6999.0
Yamaha Kodiak 700 EPS,2018,ATV,0,0,0,708.0,0,307.1,9099.0
Yamaha Kodiak 700 EPS SE,2018,ATV,0,0,0,708.0,0,311.6,9099.0
Yamaha MT-07,2018,Sport,74.0,0,68.0,689.0,245.0,182.8,7599.0
Yamaha MT-09,2018,Naked bike,113.5,0,87.5,847.0,245.0,192.8,8999.0
Yamaha MT-10,2018,Naked bike,160.4,0,111.0,998.0,220.0,210.0,12999.0
Yamaha PW50,2018,Minibike-cross,0,0,0,49.0,0,39.0,1499.0
Yamaha Raider,2018,Custom / cruiser,0,0,0,1851.9,310.0,332.9,15199.0
Yamaha Raptor 700,2018,ATV,0,0,0,686.0,0,191.4,7999.0
Yamaha Raptor 700R,2018,ATV,0,0,0,686.0,0,192.0,8499.0
Yamaha Raptor 700R SE,2018,ATV,0,0,0,686.0,0,192.0,9099.0
Yamaha Raptor 90,2018,ATV,0,0,0,88.0,0,119.8,2899.0
Yamaha SR400,2018,Allround,22.9,0,27.4,399.0,150.0,174.2,5999.0
Yamaha Smax,2018,Scooter,0,0,0,155.0,245.0,148.8,3699.0
Yamaha Star Eluder,2018,Touring,0,0,0,1851.9,320.0,396.9,22499.0
Yamaha Star Venture,2018,Touring,0,0,0,1854.0,320.0,0,24999.0
Yamaha Star Venture Transcontinental ,2018,Touring,0,0,0,1854.0,320.0,0,26999.0
Yamaha Super Tenere,2018,Super motard,112.0,0,117.0,1199.0,282.0,260.8,15099.0
Yamaha Super Tenere ES,2018,Super motard,112.0,0,117.0,1199.0,282.0,264.9,16199.0
Yamaha TT-R110E,2018,Enduro / offroad,0,0,0,110.0,110.0,72.1,2299.0
Yamaha TT-R125LE,2018,Enduro / offroad,0,0,0,124.0,110.0,198.0,3299.0
Yamaha TT-R230,2018,Enduro / offroad,0,0,18.6,223.0,130.0,113.9,4299.0
Yamaha TT-R50E,2018,Enduro / offroad,0,0,0,49.0,80.0,57.2,1549.0
Yamaha TW200,2018,Enduro / offroad,0,0,0,196.0,110.0,126.1,4599.0
Yamaha V Star 1300 Deluxe,2018,Touring,0,0,0,1311.1,298.0,325.2,14299.0
Yamaha V Star 1300 Tourer,2018,Touring,0,0,0,1311.1,298.0,323.0,12599.0
Yamaha V Star 950 Tourer,2018,Touring,0,0,0,942.3,298.0,298.0,9999.0
Yamaha VMAX,2018,Custom / cruiser,200.0,0,167.0,1671.6,298.0,289.4,17999.0
Yamaha Vino Classic,2018,Scooter,0,0,0,49.0,110.0,81.2,2299.0
Yamaha Vino Deluxe,2018,Scooter,4.5,0,4.2,49.0,110.0,81.2,2299.0
Yamaha WR250F,2018,Enduro / offroad,0,0,0,250.0,245.0,118.0,8099.0
Yamaha WR250R,2018,Enduro / offroad,30.7,0,23.7,250.0,230.0,133.8,6699.0
Yamaha WR450F,2018,Enduro / offroad,0,0,0,449.0,245.0,122.9,9099.0
Yamaha X-MAX 300,2018,Scooter,27.6,0,29.0,292.0,245.0,179.0,5599.0
Yamaha XSR700,2018,Classic,74.8,0,68.0,689.0,245.0,186.0,8499.0
Yamaha XSR900,2018,Classic,115.0,0,87.5,847.0,245.0,195.0,9499.0
Yamaha XT250,2018,Enduro / offroad,0,0,0,249.0,203.0,132.0,5199.0
Yamaha YFZ450R,2018,ATV,0,0,0,449.0,0,184.0,8999.0
Yamaha YFZ450R SE,2018,ATV,0,0,0,449.0,0,184.0,9299.0
Yamaha YFZ50,2018,ATV,0,0,0,49.4,0,100.0,2099.0
Yamaha YZ125,2018,Cross / motocross,0,0,0,124.0,245.0,93.9,4699.0
Yamaha YZ250,2018,Cross / motocross,0,0,0,249.0,245.0,103.0,7399.0
Yamaha YZ250F,2018,Cross / motocross,0,0,0,250.0,245.0,104.8,7699.0
Yamaha YZ250FX,2018,Enduro / offroad,0,0,0,250.0,245.0,112.9,7999.0
Yamaha YZ250X,2018,Enduro / offroad,0,0,0,249.0,245.0,229.0,7499.0
Yamaha YZ450F,2018,Cross / motocross,0,0,0,449.7,245.0,111.1,9199.0
Yamaha YZ450FX,2018,Enduro / offroad,0,0,0,449.7,245.0,118.8,8999.0
Yamaha YZ85,2018,Cross / motocross,0,0,0,85.0,190.0,71.2,4299.0
Yamaha YZF-R1,2018,Sport,200.0,0,112.4,998.0,220.0,200.0,16699.0
Yamaha YZF-R1M,2018,Sport,200.0,0,112.0,998.0,220.0,200.9,22999.0
Yamaha YZF-R1S,2018,Sport,200.0,0,112.0,998.0,220.0,203.2,14999.0
Yamaha YZF-R3,2018,Sport,42.0,0,29.6,321.0,220.0,166.9,4999.0
Yamaha YZF-R6,2018,Sport,123.5,0,67.5,599.0,220.0,190.1,12199.0
Yamaha Zuma 125,2018,Scooter,0,0,0,125.0,200.0,262.0,3399.0
Yamaha Zuma 50F,2018,Scooter,0,0,0,49.0,0,93.0,2599.0
Yamaha Zuma 50FX,2018,Scooter,0,0,0,49.0,0,91.2,2599.0
BMW C 650 GT,2017,Scooter,60.0,175.0,66.0,647.0,270.0,261.0,10595.0
BMW C 650 GT,2017,Scooter,60.0,175.0,66.0,647.0,270.0,261.0,10595.0
BMW C 650 Sport,2017,Scooter,60.0,175.4,63.0,647.0,270.0,249.0,10095.0
BMW C 650 Sport,2017,Scooter,60.0,175.4,63.0,647.0,270.0,249.0,10095.0
BMW Concept Lac Rose,2017,Enduro / offroad,110.0,0,116.0,1170.0,265.0,0,15095.0
BMW Concept Lac Rose,2017,Enduro / offroad,110.0,0,116.0,1170.0,265.0,0,15095.0
BMW F 700 GS,2017,Enduro / offroad,75.0,192.0,77.0,798.0,265.0,212.0,9999.0
BMW F 800 GS,2017,Enduro / offroad,85.0,0,83.0,798.0,265.0,217.0,9995.0
BMW F 800 GS Adventure,2017,Enduro / offroad,85.0,193.0,83.0,798.0,265.0,232.0,13895.0
BMW F 800 GT,2017,Sport touring,90.0,200.0,86.0,798.0,265.0,214.0,9995.0
BMW F 800 R,2017,Naked bike,90.0,0,86.0,798.0,265.0,203.0,9995.0
BMW G 310 R,2017,Enduro / offroad,34.0,143.0,28.0,313.0,240.0,158.8,4750.0
BMW G 650 GS,2017,Enduro / offroad,50.0,170.0,60.0,652.0,240.0,195.0,7999.0
BMW K 1600 GT,2017,Touring,160.0,0,175.0,1649.0,320.0,334.0,21995.0
BMW K 1600 GTL,2017,Touring,160.0,0,175.0,1649.0,320.0,348.0,24395.0
BMW K 1600 GTL Exclusive,2017,Touring,160.0,201.2,174.9,1649.0,320.0,360.2,30395.0
BMW R 1200 GS,2017,Enduro / offroad,125.0,0,125.0,1170.0,276.0,244.0,16495.0
BMW R 1200 GS Adventure,2017,Enduro / offroad,125.0,0,125.0,1170.0,276.0,263.0,18695.0
BMW R 1200 R,2017,Allround,125.0,0,125.0,1170.0,276.0,232.0,14095.0
BMW R 1200 RS,2017,Allround,125.0,0,125.0,1170.0,276.0,236.0,14995.0
BMW R 1200 RS,2017,Allround,125.0,0,125.0,1170.0,276.0,236.0,14995.0
BMW R 1200 RT,2017,Touring,125.0,0,125.0,1170.0,276.0,276.0,18145.0
BMW R 1200 RT,2017,Touring,125.0,0,125.0,1170.0,276.0,276.0,18145.0
BMW R nineT,2017,Naked bike,110.0,0,116.0,1170.0,265.0,222.0,15095.0
BMW R nineT,2017,Naked bike,110.0,0,116.0,1170.0,265.0,222.0,15095.0
BMW R nineT Scrambler,2017,Naked bike,110.0,0,119.0,1170.0,265.0,0,13000.0
BMW S 1000 R,2017,Sport,160.0,0,114.0,999.0,220.0,205.0,13495.0
BMW S 1000 RR,2017,Sport,195.8,0,113.0,999.0,220.0,208.0,15695.0
BMW S 1000 XR,2017,Sport,160.0,0,112.0,999.0,265.0,228.0,16445.0
Bennche Gray Wolf 500,2017,ATV,22.8,0,0,471.0,0,0,6099.0
Bennche Gray Wolf 700,2017,ATV,33.5,0,0,686.0,0,0,6999.0
Bimota DB8 Italia,2017,Sport,170.0,280.0,127.0,1198.0,220.0,0,25900.0
Brudeli 654L,2017,Allround,63.0,170.0,65.0,654.7,240.0,0,25000.0
California Scooter RX3,2017,Touring,24.8,135.2,22.5,249.0,258.0,0,3895.0
California Scooter RZ3,2017,Sport,24.8,0,22.5,249.6,0,0,3495.0
California Scooter TT250,2017,Enduro / offroad,16.1,0,18.3,229.5,220.0,0,2195.0
Derbi Senda DRD X-Treme 125 SM,2017,Super motard,14.8,0,11.4,124.2,220.0,124.0,2199.0
Harley-Davidson CVO Pro Street Breakout,2017,Custom / cruiser,92.0,0,151.0,1801.0,0,332.0,25799.0
Harley-Davidson CVO Street Glide,2017,Touring,102.0,0,165.0,1868.2,0,398.0,37799.0
Harley-Davidson Dyna Fat Bob,2017,Custom / cruiser,80.0,0,130.0,1690.0,0,320.0,16049.0
Harley-Davidson Dyna Low Rider,2017,Custom / cruiser,77.0,0,125.0,1690.0,0,311.0,14975.0
Harley-Davidson Dyna Low Rider S,2017,Custom / cruiser,97.0,0,156.0,1801.0,0,305.0,17499.0
Harley-Davidson Dyna Street Bob,2017,Custom / cruiser,77.5,0,130.0,1690.0,0,304.8,13849.0
Harley-Davidson Dyna Wide Glide,2017,Custom / cruiser,80.0,0,130.0,1690.0,0,307.0,15999.0
Harley-Davidson Electra Glide Ultra Classic,2017,Touring,90.0,0,150.0,1753.5,0,411.0,24149.0
Harley-Davidson Freewheeler,2017,Custom / cruiser,88.0,0,150.0,1747.0,0,507.0,26339.0
Harley-Davidson Heritage Softail Classic,2017,Touring,78.0,0,125.0,1690.0,0,347.0,17549.0
Harley-Davidson Night Rod Special,2017,Naked bike,120.7,0,111.0,1247.0,0,302.0,18749.0
Harley-Davidson Road Glide,2017,Touring,85.8,0,151.1,1753.5,0,385.1,21299.0
Harley-Davidson Road Glide Special,2017,Touring,90.0,0,150.0,1745.0,0,388.0,23999.0
Harley-Davidson Road Glide Ultra,2017,Touring,91.0,0,152.0,1753.5,0,425.0,26299.0
Harley-Davidson Road King,2017,Touring,87.0,0,138.0,1688.0,0,379.0,18999.0
Harley-Davidson Softail Breakout,2017,Custom / cruiser,75.0,0,125.0,1690.0,0,322.0,19299.0
Harley-Davidson Softail Deluxe,2017,Custom / cruiser,79.0,0,126.0,1690.0,0,333.0,18549.0
Harley-Davidson Softail Fat Boy,2017,Custom / cruiser,75.0,0,126.0,1690.0,0,333.0,16899.0
Harley-Davidson Softail Fat Boy S,2017,Custom / cruiser,92.0,0,146.0,1801.0,0,333.0,20199.0
Harley-Davidson Softail Slim,2017,Custom / cruiser,75.0,0,126.0,1690.0,0,321.0,15099.0
Harley-Davidson Softail Slim S,2017,Custom / cruiser,92.0,0,145.0,1801.0,0,321.0,18999.0
Harley-Davidson Sportster 1200 Custom,2017,Custom / cruiser,68.0,0,96.0,1201.3,0,268.0,10999.0
Harley-Davidson Sportster Forty-Eight,2017,Custom / cruiser,67.0,0,96.0,1202.0,0,252.0,11299.0
Harley-Davidson Sportster Iron 883,2017,Custom / cruiser,52.0,0,71.0,883.3,300.0,256.0,8949.0
Harley-Davidson Sportster Roadster,2017,Naked bike,67.0,0,96.0,1202.0,0,259.0,11295.0
Harley-Davidson Sportster SuperLow  1200T,2017,Touring,68.0,0,96.0,1200.0,0,274.0,11889.0
Harley-Davidson Sportster Superlow,2017,Custom / cruiser,52.3,0,73.0,883.3,0,256.0,8599.0
Harley-Davidson Street 500,2017,Custom / cruiser,0,0,40.0,491.6,0,221.8,6849.0
Harley-Davidson Street 750,2017,Custom / cruiser,58.0,0,60.3,749.0,0,229.0,7549.0
Harley-Davidson Street Glide,2017,Touring,85.8,0,154.6,1753.5,0,371.0,20999.0
Harley-Davidson Street Glide Special,2017,Touring,90.0,0,150.0,1745.0,0,376.0,23699.0
Harley-Davidson Tri Glide Ultra,2017,Touring,90.0,0,165.0,1745.0,0,564.0,34339.0
Harley-Davidson Ultra Limited,2017,Touring,91.0,0,152.0,1745.0,0,413.0,26999.0
Harley-Davidson Ultra Limited Low,2017,Touring,91.0,0,152.0,1745.0,0,413.0,26899.0
Harley-Davidson V-Rod Muscle,2017,Custom / cruiser,121.0,0,115.0,1247.0,0,307.1,17449.0
Honda CB1000R,2017,Naked bike,123.4,0,99.0,998.0,256.0,220.0,11760.0
Honda CB1100,2017,Classic,88.5,0,91.0,1140.0,256.0,244.9,10399.0
Honda CB1100 DLX,2017,Classic,88.5,0,91.0,1140.0,256.0,248.0,11899.0
Honda CBR1000RR,2017,Sport,178.4,0,114.0,999.0,220.0,200.0,17000.0
Honda CBR250R,2017,Sport,34.9,0,22.9,249.6,220.0,165.0,4199.0
Honda CBR250R ABS,2017,Sport,34.9,0,22.9,249.6,220.0,166.0,4599.0
Honda CBR650F,2017,Sport,85.8,0,63.0,649.0,240.0,199.0,8499.0
Honda CBR650F ABS,2017,Sport,85.8,0,63.0,649.0,240.0,211.8,8999.0
Honda CRF110F,2017,Enduro / offroad,7.2,0,8.9,109.0,109.0,73.9,2199.0
Honda CRF125F,2017,Cross / motocross,8.9,0,10.2,124.9,125.0,88.0,2899.0
Honda CRF125F Big Wheel,2017,Enduro / offroad,0,0,0,124.9,149.0,108.0,3299.0
Honda CRF150F,2017,Enduro / offroad,0,0,0,149.0,149.0,106.1,3699.0
Honda CRF150R,2017,Cross / motocross,23.5,0,14.1,149.0,190.0,83.9,4990.0
Honda CRF150R Expert,2017,Cross / motocross,23.5,0,14.1,149.0,190.0,84.8,5140.0
Honda CRF230F,2017,Enduro / offroad,0,0,0,223.0,223.0,112.9,4199.0
Honda CRF250L,2017,Enduro / offroad,22.8,0,22.0,249.6,220.0,145.2,5099.0
Honda CRF250L ABS,2017,Enduro / offroad,22.8,0,22.0,249.6,220.0,148.0,5399.0
Honda CRF250L Rally,2017,Enduro / offroad,22.8,0,22.0,249.6,220.0,144.0,5899.0
Honda CRF250L Rally ABS,2017,Enduro / offroad,22.8,0,22.0,249.6,220.0,147.0,6199.0
Honda CRF250R,2017,Cross / motocross,39.4,0,27.1,249.0,240.0,104.8,7599.0
Honda CRF250X,2017,Enduro / offroad,29.4,0,24.2,249.0,240.0,115.2,7410.0
Honda CRF450R,2017,Cross / motocross,53.0,170.0,48.0,449.7,240.0,110.2,8849.0
Honda CRF450RX,2017,Enduro / offroad,0,0,0,449.0,240.0,118.4,9249.0
Honda CRF450X,2017,Enduro / offroad,44.5,0,41.3,449.0,240.0,122.0,8440.0
Honda CRF50F,2017,Enduro / offroad,0,0,0,49.0,0,0,1449.0
Honda CTX1300,2017,Custom / cruiser,83.1,195.0,106.0,1261.0,315.0,338.0,15999.0
Honda CTX1300 DLX,2017,Custom / cruiser,83.1,195.0,106.0,1261.0,315.0,338.0,17499.0
Honda CTX700N,2017,Custom / cruiser,48.0,0,60.0,670.0,240.0,0,6999.0
Honda CTX700N DCT ABS,2017,Custom / cruiser,48.0,0,60.0,670.0,240.0,0,7599.0
Honda Forza,2017,Scooter,25.5,0,26.0,279.0,249.0,0,5599.0
Honda FourTrax Foreman 4x4,2017,ATV,0,0,0,475.0,160.0,0,7199.0
Honda FourTrax Foreman 4x4 ES EPS,2017,ATV,0,0,0,475.0,160.0,0,8099.0
Honda FourTrax Foreman Rubicon 4x4 EPS,2017,ATV,0,0,0,499.0,170.0,0,8499.0
Honda FourTrax Rancher,2017,ATV,56.3,0,0,420.0,0,248.1,5290.0
Honda FourTrax Rancher 4x4,2017,ATV,0,0,0,420.0,160.0,0,6299.0
Honda FourTrax Recon,2017,ATV,0,0,0,229.0,0,196.0,4049.0
Honda FourTrax Rincon,2017,ATV,0,0,0,675.0,180.0,0,9299.0
Honda Gold Wing Audio Comfort,2017,Touring,118.0,0,167.0,1832.0,316.0,415.5,23999.0
Honda Gold Wing Audio Comfort Navi XM,2017,Touring,116.7,200.0,167.0,1832.0,316.0,410.1,26899.0
Honda Gold Wing Audio Comfort Navi XM ABS,2017,Touring,118.0,200.0,167.0,1832.0,316.0,410.1,28129.0
Honda Gold Wing Valkyrie,2017,Custom / cruiser,0,0,0,1832.0,316.0,341.0,17999.0
Honda Grom,2017,Sport,0,0,0,124.9,190.0,103.9,3199.0
Honda Interceptor,2017,Sport,104.6,0,77.1,782.0,256.0,240.0,10799.0
Honda Interceptor DLX,2017,Sport,104.5,0,75.1,782.0,256.0,249.0,12799.0
Honda Interstate,2017,Touring,0,0,0,1312.0,296.0,323.0,10999.0
Honda Montesa Cota 300RR,2017,Trial,0,0,0,288.0,150.0,0,9999.0
Honda Montesa Cota 4RT 260,2017,Trial,0,0,0,259.0,150.0,74.3,7899.0
Honda Montesa Race Replica,2017,Trial,0,0,0,258.9,150.0,74.3,7899.0
Honda NM4 Vultus,2017,Super motard,0,0,0,670.0,240.0,254.9,10999.0
Honda PCX150,2017,Scooter,0,0,0,153.0,153.0,129.7,3499.0
Honda Rebel 300,2017,Custom / cruiser,0,175.0,0,286.0,0,0,4399.0
Honda ST1300 ABS,2017,Sport touring,126.0,225.0,125.0,1261.0,316.0,331.0,18230.0
Honda Sabre,2017,Custom / cruiser,0,0,0,1312.0,296.0,301.2,9999.0
Honda Sabre ABS,2017,Custom / cruiser,0,0,0,1312.0,296.0,31.0,10499.0
Honda Shadow Aero,2017,Custom / cruiser,0,0,0,745.0,180.0,254.0,7499.0
Honda Shadow Aero ABS,2017,Custom / cruiser,46.0,0,64.0,745.0,180.0,260.0,7849.0
Honda Shadow RS,2017,Custom / cruiser,0,0,0,745.0,296.0,228.0,7499.0
Honda Shadow Spirit 750,2017,Custom / cruiser,46.0,151.0,64.0,745.0,296.0,243.1,7499.0
Honda Shadow Spirit 750 ABS,2017,Custom / cruiser,46.0,150.0,64.0,745.0,296.0,249.0,7799.0
Honda Silver Wing ABS,2017,Scooter,49.6,0,54.0,582.0,240.0,247.0,9270.0
Honda Stateline,2017,Custom / cruiser,0,0,0,1312.0,296.0,304.8,9999.0
Honda Stateline ABS,2017,Custom / cruiser,0,0,0,1312.0,296.0,310.0,10999.0
Honda TRX250X,2017,ATV,0,0,0,229.0,229.0,171.9,4699.0
Honda TRX400X,2017,ATV,0,0,0,397.0,220.0,185.1,6399.0
Honda TRX450R,2017,ATV,0,0,0,450.0,190.0,176.0,7799.0
Honda TRX90X,2017,ATV,0,0,0,86.0,140.0,118.8,2999.0
Honda VFR1200F,2017,Sport,170.3,0,129.0,1237.0,276.0,268.1,15999.0
Honda XR650L,2017,Enduro / offroad,0,0,0,644.0,0,156.9,6690.0
Hyosung GD 250 R,2017,Sport,0,0,0,249.0,230.0,0,4099.0
Hyosung GT250,2017,Naked bike,27.0,0,22.7,249.0,230.0,0,3799.0
Hyosung GT250R,2017,Sport,27.0,0,22.7,249.0,230.0,0,4199.0
Hyosung GT650,2017,Naked bike,79.0,0,66.9,647.0,230.0,170.1,5799.0
Hyosung GT650R,2017,Sport,79.0,0,66.9,647.0,230.0,215.0,6599.0
Hyosung GV250,2017,Custom / cruiser,25.0,0,22.0,249.0,0,0,4099.0
Hyosung GV650 Pro,2017,Custom / cruiser,79.0,0,67.0,647.0,270.0,0,6999.0
Hyosung QT50,2017,Scooter,3.0,0,0,49.0,0,0,1099.0
Hyosung ST7,2017,Custom / cruiser,79.0,0,67.0,678.2,0,0,6999.0
Hyosung ST7 Deluxe,2017,Custom / cruiser,79.0,0,67.0,678.2,270.0,0,8999.0
Indian Chief Dark Horse,2017,Custom / cruiser,0,0,139.0,1811.0,300.0,356.0,17499.0
Indian Chief Vintage,2017,Classic,0,0,161.1,1811.0,300.0,388.0,19999.0
Indian Chieftain,2017,Custom / cruiser,0,0,161.1,1811.0,300.0,391.0,23999.0
Indian Chieftain Dark Horse,2017,Custom / cruiser,0,0,161.6,1811.0,300.0,377.0,21999.0
Indian Roadmaster,2017,Touring,0,0,161.1,1811.0,300.0,428.0,28999.0
Indian Scout,2017,Custom / cruiser,100.0,0,97.7,1130.8,298.0,254.0,11299.0
Indian Scout Sixty,2017,Custom / cruiser,78.0,0,88.8,983.3,298.0,252.0,8999.0
Indian Springfield,2017,Touring,0,0,161.6,1811.0,300.0,391.0,20999.0
Kawasaki Brute Force 750 4x4i EPS,2017,ATV,50.0,0,59.0,749.0,200.0,315.1,9999.0
Kawasaki Brute Force 750 4x4i EPS,2017,ATV,50.0,0,59.0,749.0,200.0,315.1,9999.0
Kawasaki Concours 14 ABS,2017,Sport touring,155.0,0,136.0,1352.0,270.0,313.0,15599.0
Kawasaki KFX50,2017,ATV,0,0,0,49.5,0,108.9,1999.0
Kawasaki KFX90,2017,ATV,0,0,0,89.0,0,118.8,2599.0
Kawasaki KLR 650,2017,Super motard,0,0,0,651.0,280.0,196.0,6699.0
Kawasaki KLR 650 Camo,2017,Super motard,0,0,0,651.0,280.0,196.0,6999.0
Kawasaki KLX 110L,2017,Enduro / offroad,0,0,0,111.0,0,76.2,2499.0
Kawasaki KLX 140,2017,Enduro / offroad,0,0,0,144.0,186.0,93.0,3099.0
Kawasaki KLX 140G,2017,Enduro / offroad,0,0,0,144.0,0,99.0,3699.0
Kawasaki KLX 140L,2017,Enduro / offroad,0,0,0,144.0,186.0,95.0,3399.0
Kawasaki KX 100,2017,Cross / motocross,0,0,0,99.0,0,71.0,4599.0
Kawasaki KX 250F,2017,Cross / motocross,0,0,0,249.0,240.0,104.5,7749.0
Kawasaki KX 450F,2017,Cross / motocross,0,0,0,449.0,240.0,108.8,8849.0
Kawasaki Ninja 1000 ABS,2017,Sport,200.0,0,113.5,1043.0,250.0,234.1,12999.0
Kawasaki Ninja 300 ABS Winter Test Edition,2017,Sport,39.0,0,27.0,296.0,220.0,175.9,5599.0
Kawasaki Ninja 650 ABS,2017,Sport,52.3,0,56.0,649.0,220.0,193.1,7799.0
Kawasaki Ninja H2,2017,Sport,200.0,0,133.5,998.0,250.0,238.1,2800.0
Kawasaki Ninja H2R,2017,Sport,310.0,0,165.0,998.0,250.0,216.1,55000.0
Kawasaki Ninja ZX-10R,2017,Sport,200.0,0,113.5,998.0,220.0,206.0,15099.0
Kawasaki Ninja ZX-10R KRT Edition,2017,Sport,200.0,0,71.0,998.0,220.0,206.0,11999.0
Kawasaki Ninja ZX-10R KRT Replica,2017,Sport,200.0,0,113.5,998.0,220.0,206.0,15399.0
Kawasaki Ninja ZX-10RR,2017,Sport,200.0,0,113.5,998.0,220.0,206.0,18899.0
Kawasaki Ninja ZX-14R SE,2017,Sport,0,0,0,1441.0,250.0,269.0,15499.0
Kawasaki Ninja ZX-6R 636,2017,Sport,131.0,0,71.0,636.0,220.0,194.0,11699.0
Kawasaki Ninja ZX-6R 636 ABS,2017,Sport,131.0,0,71.0,636.0,220.0,197.0,12699.0
Kawasaki Versys 1000LT,2017,Sport touring,120.0,0,102.0,1043.0,250.0,249.0,12999.0
Kawasaki Versys 650LT,2017,Sport touring,69.0,0,64.0,649.0,220.0,216.1,8999.0
Kawasaki Versys-X 300 ABS,2017,Allround,0,0,0,296.0,0,0,5399.0
Kawasaki Vulcan  900 Classic LT,2017,Touring,48.0,0,78.9,903.0,300.0,298.1,8999.0
Kawasaki Vulcan 1700 Vaquero ABS,2017,Touring,0,0,146.5,1700.0,300.0,383.1,16799.0
Kawasaki Vulcan S ABS,2017,Custom / cruiser,48.0,0,77.0,649.0,250.0,225.9,7499.0
Kawasaki Vulcan S ABS Cafe,2017,Custom / cruiser,48.0,0,77.0,649.0,250.0,226.0,8099.0
Kawasaki Vulcan S ABS Special Edition,2017,Custom / cruiser,48.0,0,77.0,649.0,250.0,226.0,7699.0
Kawasaki Z125,2017,Naked bike,9.4,0,9.5,125.0,184.0,102.0,2999.0
Kawasaki Z125 Pro,2017,Naked bike,0,0,0,125.0,184.0,102.0,2999.0
Kawasaki Z125 Pro KRT Edition,2017,Naked bike,0,0,0,125.0,184.0,102.0,3199.0
Kreidler Dice SM 125 Pro,2017,Super motard,11.4,101.4,0,125.0,220.0,129.0,3199.0
Kymco Agility 125,2017,Scooter,9.3,0,9.1,125.0,0,0,1899.0
Kymco Agility 50,2017,Scooter,1.9,0,4.1,49.0,110.0,0,1599.0
Kymco Compagno 110i,2017,Scooter,9.6,0,9.1,112.0,0,0,2399.0
Kymco Downtown 300i,2017,Scooter,29.5,144.8,24.4,299.0,240.0,0,5399.0
Kymco K-Pipe 125,2017,Naked bike,8.0,0,8.5,123.7,276.0,0,1999.0
Kymco Like 200i,2017,Scooter,11.3,0,3.8,163.0,0,0,2499.0
Kymco People GT 300i,2017,Scooter,29.5,0,29.8,298.9,0,0,4899.0
Kymco Super 8 150X,2017,Scooter,10.3,0,10.6,151.0,0,0,2099.0
Kymco Super 8 50X,2017,Scooter,1.9,0,4.1,49.0,0,0,1799.0
Kymco Xciting 500 RI ABS,2017,Scooter,37.8,0,41.4,498.5,0,0,5999.0
Lambretta UNO 150,2017,Scooter,0,104.6,0,149.6,0,121.0,2995.0
Lambretta Uno 50,2017,Scooter,0,48.3,0,49.3,0,0,2150.0
Lightning LS-218,2017,Sport,200.0,350.8,227.8,0,320.0,0,38888.0
Linhai Aeolus Denali 125 FX,2017,Super motard,8.5,0,6.3,123.7,0,0,1999.0
Linhai Aeolus Denali 200XT,2017,Enduro / offroad,14.5,120.7,13.8,196.4,0,0,1999.0
Linhai Aeolus Prescott 50XT,2017,Scooter,2.7,0,2.9,49.3,0,0,1299.0
Linhai Aeolus St. Moritz 400,2017,Scooter,22.8,0,19.9,352.0,0,0,4999.0
Linhai Prescott 150 XT-3,2017,Scooter,8.5,0,9.8,149.0,0,0,1599.0
Linhai St. Marlo 150,2017,Scooter,8.1,85.0,9.3,149.0,0,0,1999.0
Linhai St. Marlo 50,2017,Scooter,3.0,50.0,3.0,49.0,0,0,1699.0
MV Agusta Brutale 1090 RR,2017,Naked bike,158.0,265.0,100.0,1078.0,210.0,0,19298.0
MV Agusta Brutale 800,2017,Naked bike,116.0,237.0,83.0,798.0,220.0,0,13498.0
MV Agusta Brutale 800 RR,2017,Naked bike,140.0,245.0,86.0,798.0,210.0,0,18198.0
MV Agusta Dragster 800,2017,Naked bike,125.0,245.0,81.0,798.0,220.0,0,15198.0
MV Agusta Dragster 800 RC,2017,Naked bike,140.0,245.0,86.0,798.0,220.0,0,20398.0
MV Agusta Dragster 800 RR,2017,Naked bike,140.0,245.0,86.0,798.0,220.0,0,18198.0
MV Agusta Dragster 800 RR LH44,2017,Naked bike,140.0,245.0,86.0,798.0,220.0,0,24144.0
MV Agusta F3 675,2017,Sport,128.0,260.0,71.0,675.0,220.0,0,14298.0
MV Agusta F3 675 RC,2017,Naked bike,128.0,260.0,71.0,675.0,220.0,0,17398.0
MV Agusta F3 800,2017,Sport,148.0,269.0,88.0,798.0,220.0,0,15798.0
MV Agusta F3 800 RC,2017,Sport,148.0,269.0,88.0,798.0,220.0,0,18898.0
MV Agusta F4 RC,2017,Sport,212.0,302.0,115.0,998.0,210.0,0,46000.0
MV Agusta F4 RR,2017,Sport,201.0,297.5,111.0,998.0,210.0,0,26798.0
MV Agusta Rivale 800,2017,Naked bike,125.0,245.0,84.0,798.0,220.0,0,13798.0
MV Agusta Stradale 800,2017,Sport touring,115.0,214.0,78.5,798.0,220.0,0,14598.0
MV Agusta Turismo Veloce 800,2017,Sport touring,110.0,240.0,83.0,798.0,220.0,0,15998.0
MV Agusta Turismo Veloce 800 Lusso,2017,Sport touring,110.0,230.0,83.0,798.0,220.0,0,19298.0
MV Agusta Turismo Veloce 800 RC,2017,Sport touring,110.0,230.0,80.0,798.0,220.0,0,23298.0
Mash Custom 400,2017,Enduro / offroad,27.0,0,30.0,398.0,180.0,151.0,6199.0
Moto Guzzi Audace,2017,Naked bike,95.0,0,121.0,1380.0,282.0,299.0,16390.0
Moto Guzzi California 1400 Custom,2017,Custom / cruiser,95.0,0,120.0,1380.0,282.0,303.0,15490.0
Moto Guzzi California 1400 Touring,2017,Touring,96.0,0,120.0,1380.0,280.0,370.0,18490.0
Moto Guzzi Eldorado,2017,Classic,96.0,0,120.0,1380.0,282.0,0,16490.0
Moto Guzzi Griso 8V SE,2017,Naked bike,109.0,0,108.0,1151.0,282.0,222.0,12990.0
Moto Guzzi MGX-21 Flying Fortress,2017,Custom / cruiser,95.2,0,120.0,1380.0,282.0,314.0,21290.0
Moto Guzzi Norge GT 8V,2017,Sport touring,102.0,0,104.0,1151.0,282.0,0,16250.0
Moto Guzzi Stelvio 1200 NTX,2017,Super motard,103.0,0,113.0,1151.0,282.0,272.0,15999.0
Moto Guzzi V7 II Racer ABS,2017,Classic,48.0,0,57.9,744.0,250.0,190.0,11190.0
Moto Guzzi V7 II Scrambler ABS,2017,Classic,48.0,0,60.0,744.0,260.0,190.0,10990.0
Moto Guzzi V7 II Stone ABS,2017,Classic,48.0,0,60.0,744.0,260.0,189.0,8990.0
Moto Guzzi V7 II Stornello,2017,Classic,48.0,0,60.0,744.0,260.0,190.0,1190.0
Moto Guzzi V9 Bobber,2017,Allround,55.0,0,62.0,853.0,0,199.0,10490.0
Moto Guzzi V9 Roamer,2017,Classic,55.0,0,62.0,853.0,260.0,199.0,9990.0
Motorino XMb,2017,Scooter,0.7,32.0,125.0,0,0,91.0,2690.0
Motorino XMr,2017,Scooter,0.7,32.0,125.0,0,0,91.0,2690.0
Motus MST,2017,Sport touring,168.0,0,167.0,1650.0,0,265.0,30975.0
Motus MSTR,2017,Sport touring,180.0,0,171.0,1650.0,0,256.0,36975.0
NCR Leggera,2017,Super motard,90.0,0,0,1078.0,200.0,0,76000.0
NCR M4,2017,Sport,107.0,0,115.0,1100.0,200.0,0,49900.0
NCR M4 One Shot,2017,Sport,132.0,0,143.0,1100.0,200.0,0,69000.0
NCR Millona One Shot,2017,Sport,116.0,0,108.0,1100.0,200.0,0,71500.0
NCR Millona R,2017,Sport,100.0,0,92.0,1000.0,200.0,0,51579.0
NCR Millona S,2017,Sport,100.0,0,92.0,1000.0,200.0,0,39149.0
Pitster Pro LXR 250F MX - Enduro EFI,2017,Cross / motocross,32.0,0,28.5,250.0,240.0,0,4499.0
Pitster Pro XTR T4 250 LC,2017,Enduro / offroad,0,0,0,223.0,241.0,0,2799.0
Pitster Pro XTR T4 250 SC,2017,Cross / motocross,0,0,0,223.0,241.0,0,2599.0
Polaris Outlaw 110 EFI,2017,ATV,0,0,0,112.0,0,0,3099.0
Polaris Sportsman 110 EFI,2017,ATV,0,0,0,112.0,0,0,3099.0
Polaris Sportsman 450 HO,2017,ATV,33.0,0,0,500.0,0,0,5999.0
Polaris Sportsman 570,2017,ATV,44.0,0,0,567.0,0,0,6699.0
Polaris Sportsman 570 SP,2017,ATV,44.0,0,0,567.0,0,0,8699.0
Polaris Sportsman 850,2017,ATV,78.0,0,0,850.0,0,0,8799.0
Polaris Sportsman 850 SP,2017,ATV,78.0,0,0,850.0,0,0,10299.0
Polaris Sportsman XP 1000,2017,ATV,90.0,0,0,952.0,0,0,11990.0
Rokon Trail-Breaker,2017,Enduro / offroad,7.0,56.0,12.4,208.0,0,0,7570.0
Sora Electric Superbike,2017,Sport,0,190.0,90.0,0,250.0,260.0,77000.0
Sora Signature Series,2017,Sport,0,190.0,90.0,0,250.0,260.0,104000.0
Suzuki Bandit 1250S ABS,2017,Sport touring,98.0,0,108.0,1255.0,240.0,0,9899.0
Suzuki Boulevard C50,2017,Custom / cruiser,53.0,160.0,69.0,805.0,0,277.1,8199.0
Suzuki Boulevard C50T,2017,Touring,53.0,0,69.0,805.0,0,292.0,9399.0
Suzuki Boulevard C90 BOSS,2017,Custom / cruiser,0,0,0,1462.0,0,344.0,12399.0
Suzuki Boulevard C90T,2017,Touring,58.0,0,131.0,1462.0,275.0,363.0,12899.0
Suzuki Boulevard M109R B O S S,2017,Custom / cruiser,125.0,0,160.0,1783.0,275.0,347.0,14999.0
Suzuki Boulevard M50,2017,Custom / cruiser,53.0,0,69.0,805.0,180.0,269.0,8599.0
Suzuki Boulevard M90,2017,Custom / cruiser,79.0,0,131.0,1462.0,275.0,328.0,11199.0
Suzuki Boulevard S40,2017,Custom / cruiser,0,0,0,652.0,0,173.0,5699.0
Suzuki Burgman 200,2017,Scooter,0,0,0,200.0,240.0,161.0,4999.0
Suzuki Burgman 400 ABS,2017,Scooter,0,0,0,398.0,210.0,222.0,7999.0
Suzuki Burgman 650 ABS,2017,Scooter,56.0,160.0,62.0,638.0,100.0,278.0,10999.0
Suzuki Burgman 650 Executive,2017,Scooter,56.0,160.0,62.0,638.0,100.0,277.0,10999.0
Suzuki DR-Z125L,2017,Enduro / offroad,0,0,0,124.0,0,89.0,3199.0
Suzuki DR-Z400S,2017,Enduro / offroad,0,0,0,398.0,220.0,144.0,6599.0
Suzuki DR-Z400SM,2017,Super motard,0,0,0,398.0,240.0,146.0,7199.0
Suzuki DR-Z70,2017,Enduro / offroad,0,0,0,67.0,0,55.0,1799.0
Suzuki DR200S,2017,Enduro / offroad,0,0,0,198.0,0,126.0,4499.0
Suzuki DR650S,2017,Super motard,0,0,0,644.0,240.0,166.0,6499.0
Suzuki GSX-R600,2017,Sport,0,0,0,599.0,310.0,187.0,11199.0
Suzuki GSX-R750,2017,Sport,150.0,0,86.2,750.0,220.0,190.0,12299.0
Suzuki GSX-S1000,2017,Sport,0,0,0,999.0,310.0,0,9999.0
Suzuki GSX-S1000 ABS,2017,Sport,0,0,0,999.0,310.0,0,10499.0
Suzuki GSX-S1000F ABS,2017,Sport,0,0,0,999.0,310.0,214.0,10999.0
Suzuki GW250,2017,Allround,24.0,0,22.0,248.0,0,183.0,4099.0
Suzuki GW250F,2017,Sport,24.0,0,22.0,248.0,0,189.0,4499.0
Suzuki Hayabusa,2017,Sport,197.0,0,155.0,1340.0,260.0,0,14599.0
Suzuki KingQuad 400ASi,2017,ATV,0,0,0,376.0,0,285.0,6499.0
Suzuki KingQuad 400FSi,2017,ATV,0,0,0,376.0,0,279.0,6499.0
Suzuki KingQuad 500AXi,2017,ATV,0,0,0,493.0,0,302.0,7399.0
Suzuki KingQuad 750AXi,2017,ATV,0,0,0,722.0,0,302.0,8599.0
Suzuki KingQuad 750AXi Camo,2017,ATV,0,0,0,722.0,0,302.0,8999.0
Suzuki Ozark 250,2017,ATV,0,0,0,249.0,0,194.0,4589.0
Suzuki QuadSport Z400,2017,ATV,0,0,0,398.0,218.0,193.0,7149.0
Suzuki QuadSport Z90,2017,ATV,0,0,0,90.0,0,127.0,2899.0
Suzuki RM-Z250,2017,Cross / motocross,0,0,0,249.0,0,106.0,7699.0
Suzuki RM-Z450,2017,Cross / motocross,0,0,0,449.0,0,112.0,8749.0
Suzuki RM85,2017,Cross / motocross,0,0,0,84.7,0,73.0,4099.0
Suzuki RMX450Z,2017,Enduro / offroad,0,0,0,449.0,0,123.5,8999.0
Suzuki SFV650,2017,Naked bike,0,0,0,645.0,240.0,202.0,7699.0
Suzuki SV650,2017,Naked bike,75.0,0,64.0,645.0,240.0,195.0,6999.0
Suzuki SV650 ABS,2017,Sport,0,0,0,645.0,240.0,197.0,7499.0
Suzuki TU250X,2017,Allround,24.0,135.0,0,248.0,0,148.0,4399.0
Suzuki V-Strom 1000 ABS Adventure,2017,Super motard,100.0,0,103.0,1037.0,260.0,228.0,13999.0
Suzuki V-Strom 650 ABS Adventure,2017,Super motard,69.0,185.0,60.0,645.0,260.0,214.0,10049.0
Suzuki VanVan 200,2017,Allround,16.0,0,15.0,199.0,0,128.5,4599.0
Triumph Bonneville Bobber,2017,Classic,77.0,0,106.0,1200.0,255.0,228.0,11900.0
Triumph Bonneville T100,2017,Classic,55.0,0,80.0,900.0,255.0,213.0,10900.0
Triumph Bonneville T100 Black,2017,Classic,55.0,0,80.0,900.0,255.0,213.0,10900.0
Triumph Bonneville T120,2017,Classic,80.0,0,105.0,1200.0,255.0,224.0,11800.0
Triumph Bonneville T120 Black,2017,Classic,80.0,0,105.0,1200.0,255.0,224.0,12050.0
Triumph Daytona 675 R,2017,Sport,128.0,0,74.0,675.0,220.0,189.0,14000.0
Triumph Rocket III Roadster,2017,Custom / cruiser,148.0,0,221.0,2294.0,316.0,367.0,15700.0
Triumph Rocket III Touring,2017,Touring,148.0,0,221.0,2294.0,316.0,395.0,17700.0
Triumph Scrambler,2017,Classic,59.0,0,68.0,865.0,255.0,230.0,9400.0
Triumph Speed Triple R,2017,Naked bike,140.0,0,112.0,1050.0,255.0,0,15200.0
Triumph Speed Triple S,2017,Naked bike,140.0,0,112.0,1050.0,255.0,0,13500.0
Triumph Street Cup,2017,Naked bike,55.0,0,80.0,900.0,255.0,0,10500.0
Triumph Street Scrambler,2017,Naked bike,55.0,0,80.0,900.0,255.0,0,10700.0
Triumph Street Twin,2017,Naked bike,55.0,0,80.0,900.0,255.0,0,9250.0
Triumph Thruxton 1200,2017,Classic,97.0,0,112.0,1200.0,220.0,0,13000.0
Triumph Thruxton 1200 R,2017,Classic,97.0,0,112.0,1200.0,220.0,0,15000.0
Triumph Thunderbird LT,2017,Touring,94.0,0,146.0,1699.0,310.0,380.0,17000.0
Triumph Thunderbird Storm,2017,Custom / cruiser,98.0,0,156.0,1699.0,310.0,339.0,15000.0
Triumph Tiger 800 XCa,2017,Super motard,95.0,0,79.0,799.0,255.0,0,15700.0
Triumph Tiger 800 XCx,2017,Super motard,95.0,0,79.0,799.0,255.0,220.0,15700.0
Triumph Tiger 800 XCx Low,2017,Super motard,95.0,0,79.0,799.0,255.0,220.0,14150.0
Triumph Tiger 800 XR,2017,Super motard,95.0,0,79.0,799.0,255.0,213.0,11700.0
Triumph Tiger 800 XRt,2017,Super motard,95.0,0,79.0,799.0,255.0,0,14700.0
Triumph Tiger 800 XRx,2017,Super motard,95.0,0,79.0,799.0,255.0,215.0,12900.0
Triumph Tiger 800 XRx Low,2017,Super motard,95.0,0,79.0,799.0,255.0,215.0,13150.0
Triumph Tiger Explorer XCa,2017,Allround,139.0,0,123.0,1215.0,282.0,0,20700.0
Triumph Tiger Explorer XCx,2017,Allround,139.0,0,123.0,1215.0,282.0,0,18950.0
Triumph Tiger Explorer XCx Low,2017,Allround,139.0,0,123.0,1215.0,282.0,0,18950.0
Triumph Tiger Explorer XR,2017,Allround,139.0,0,123.0,1215.0,282.0,0,16200.0
Triumph Tiger Explorer XRt,2017,Allround,139.0,0,123.0,1215.0,282.0,0,19800.0
Triumph Tiger Explorer XRx,2017,Allround,139.0,0,123.0,1215.0,282.0,0,18250.0
Triumph Tiger Explorer XRx Low,2017,Allround,139.0,0,123.0,1215.0,190.0,0,18000.0
Triumph Trophy SE,2017,Touring,134.0,0,120.0,1215.0,282.0,315.0,19500.0
Ural Gear Up,2017,Classic,41.0,112.7,52.0,749.0,245.0,0,16499.0
Ural M70,2017,Classic,41.0,105.0,57.0,749.0,245.0,0,16499.0
Ural Patrol,2017,Classic,41.0,120.7,57.0,749.0,265.0,0,16499.0
Vespa 946 RED,2017,Scooter,0,0,0,155.0,220.0,0,10499.0
Vespa GTS 300,2017,Scooter,22.0,128.8,22.3,278.0,220.0,0,6799.0
Vespa GTS Super 300,2017,Scooter,21.1,128.8,22.3,278.0,220.0,0,6899.0
Vespa GTV 300,2017,Scooter,22.0,128.8,22.3,278.0,220.0,0,7599.0
Vespa Primavera 150,2017,Scooter,12.7,95.0,12.8,155.0,140.0,0,5099.0
Vespa Primavera 50,2017,Scooter,0,64.4,0,49.9,140.0,0,3799.0
Vespa Sprint 150,2017,Scooter,12.7,95.0,12.8,155.0,140.0,0,5399.0
Vespa Sprint 50,2017,Scooter,0,64.4,0,49.9,140.0,0,3899.0
Victory Cross Country,2017,Touring,0,0,0,1737.1,300.0,348.0,19499.0
Victory Cross Country Tour,2017,Touring,0,0,0,1737.1,300.0,398.0,21999.0
Victory Empulse TT,2017,Naked bike,54.0,161.0,90.0,0,0,213.0,19999.0
Victory Gunner,2017,Custom / cruiser,0,0,149.2,1731.0,300.0,310.0,13499.0
Victory Hammer S,2017,Custom / cruiser,97.0,0,153.2,1731.0,300.0,305.0,15999.0
Victory High-Ball,2017,Custom / cruiser,0,0,0,1737.1,300.0,0,13499.0
Victory Magnum,2017,Touring,0,0,0,1737.1,300.0,367.0,22599.0
Victory Magnum X-1,2017,Touring,0,0,0,1737.1,300.0,373.0,24499.0
Victory Octane,2017,Custom / cruiser,104.0,0,103.1,1179.0,298.0,0,9999.0
Victory Vegas,2017,Custom / cruiser,0,0,0,1737.1,300.0,309.0,13999.0
Victory Vegas 8-Ball,2017,Custom / cruiser,0,0,0,1737.1,300.0,0,12999.0
Victory Vision,2017,Touring,0,0,0,1731.0,300.0,408.0,21099.0
Yamaha Bolt,2017,Custom / cruiser,0,0,0,950.5,298.0,244.9,7999.0
Yamaha Bolt C-Spec,2017,Custom / cruiser,0,0,0,950.5,298.0,245.9,8690.0
Yamaha Bolt R-Spec,2017,Custom / cruiser,0,0,0,950.5,298.0,244.9,8399.0
Yamaha FJ-09,2017,Naked bike,115.0,0,61.5,847.0,245.0,209.6,10699.0
Yamaha FJR1300ES,2017,Sport touring,146.2,0,138.0,1298.0,282.0,291.2,17999.0
Yamaha FZ-07,2017,Naked bike,0,0,0,689.0,245.0,180.1,7199.0
Yamaha FZ1,2017,Sport,0,0,0,998.0,245.0,220.9,10790.0
Yamaha FZ6R,2017,Sport,0,0,0,600.0,245.0,213.2,7799.0
Yamaha Grizzly 700,2017,ATV,0,0,0,686.0,0,293.9,8899.0
Yamaha Kodiak 700,2017,ATV,0,0,0,708.0,0,293.9,6999.0
Yamaha Raider,2017,Custom / cruiser,0,0,0,1851.9,310.0,331.0,15199.0
Yamaha Raider Bullet Cowl,2017,Custom / cruiser,0,0,0,1851.9,310.0,332.9,15390.0
Yamaha Raider S,2017,Custom / cruiser,0,0,0,1851.9,310.0,331.1,15799.0
Yamaha Raptor 700R,2017,ATV,0,0,0,686.0,0,192.0,8399.0
Yamaha Raptor 700R SE,2017,ATV,0,0,0,686.0,0,192.0,9099.0
Yamaha Raptor 90,2017,ATV,0,0,0,88.0,0,119.8,2899.0
Yamaha SR400,2017,Allround,22.9,0,27.4,399.0,150.0,174.2,5999.0
Yamaha Smax,2017,Scooter,0,0,0,155.0,245.0,148.8,3699.0
Yamaha Stryker,2017,Custom / cruiser,0,0,0,1311.1,310.0,293.0,11899.0
Yamaha Stryker Bullet Cowl,2017,Custom / cruiser,0,0,0,1311.1,310.0,294.8,12090.0
Yamaha Super Tenere,2017,Super motard,112.0,0,117.0,1199.0,282.0,260.8,15099.0
Yamaha Super Tenere ES,2017,Super motard,112.0,0,117.0,1199.0,282.0,260.8,16199.0
Yamaha TT-R110E,2017,Enduro / offroad,0,0,0,110.0,110.0,72.1,2249.0
Yamaha TT-R125LE,2017,Enduro / offroad,0,0,0,124.0,110.0,89.8,3299.0
Yamaha TT-R230,2017,Enduro / offroad,0,0,18.6,223.0,130.0,114.0,4199.0
Yamaha TW200,2017,Enduro / offroad,0,0,0,196.0,110.0,126.1,4599.0
Yamaha V Star 1300,2017,Custom / cruiser,0,0,0,1311.1,298.0,303.0,11290.0
Yamaha V Star 1300 Deluxe,2017,Touring,0,0,0,1304.0,298.0,325.2,14299.0
Yamaha V Star 1300 Tourer,2017,Touring,0,0,0,1311.1,298.0,323.0,12599.0
Yamaha V Star 250,2017,Custom / cruiser,0,0,0,245.8,130.0,147.9,4349.0
Yamaha V Star 950,2017,Custom / cruiser,0,0,0,950.5,298.0,278.1,8690.0
Yamaha V Star 950 Tourer,2017,Touring,0,0,0,942.3,298.0,298.0,9999.0
Yamaha V-Star 650 Custom,2017,Custom / cruiser,0,0,51.0,649.0,200.0,233.0,6990.0
Yamaha Vino Classic,2017,Scooter,0,0,0,49.0,110.0,81.2,2299.0
Yamaha WR250R,2017,Enduro / offroad,30.7,0,23.7,250.0,230.0,134.0,6699.0
Yamaha XT250,2017,Enduro / offroad,0,0,0,249.0,203.0,132.0,5199.0
Yamaha YFZ450R,2017,ATV,0,0,0,449.0,0,184.0,8999.0
Yamaha YFZ450R SE,2017,ATV,0,0,0,449.0,0,184.0,9299.0
Yamaha YZ250FX,2017,Enduro / offroad,0,0,0,250.0,245.0,112.9,7999.0
Yamaha YZ250X,2017,Enduro / offroad,0,0,0,249.0,245.0,103.9,7499.0
Yamaha YZ450FX,2017,Enduro / offroad,0,0,0,449.7,245.0,118.8,8999.0
Yamaha YZ85,2017,Cross / motocross,0,0,0,85.0,190.0,71.2,4099.0
Yamaha YZF-R1S,2017,Sport,200.0,0,112.0,998.0,220.0,203.2,14999.0
Yamaha Zuma 125,2017,Scooter,0,0,0,125.0,200.0,262.0,3399.0
Yamaha Zuma 50F,2017,Scooter,0,0,0,49.0,0,93.0,2599.0
Yamaha Zuma 50FX,2017,Scooter,0,0,0,49.0,0,93.0,2599.0
ATK GV650,2016,Custom / cruiser,80.0,0,67.0,647.0,270.0,0,6995.0
ATK GV650,2016,Custom / cruiser,80.0,0,67.0,647.0,270.0,0,6995.0
Arctic Cat 1000 XT,2016,ATV,0,0,0,951.0,0,0,11499.0
Arctic Cat 150,2016,ATV,0,0,0,149.0,0,0,3799.0
Arctic Cat 500,2016,ATV,0,0,0,443.0,0,0,6599.0
Arctic Cat 90,2016,ATV,0,24.1,0,90.0,0,0,2899.0
Arctic Cat Alterra 300,2016,ATV,0,0,0,270.0,0,0,4399.0
Arctic Cat Alterra 400,2016,ATV,0,0,0,366.0,0,0,5799.0
Arctic Cat Alterra 450,2016,ATV,0,0,0,443.0,0,0,6199.0
Arctic Cat Alterra 500 XT,2016,ATV,0,0,0,443.0,0,0,8999.0
Arctic Cat Alterra 500 XT,2016,ATV,0,0,0,443.0,0,0,8999.0
Arctic Cat Alterra 550,2016,ATV,0,0,0,545.0,0,0,8599.0
Arctic Cat Alterra 550,2016,ATV,0,0,0,545.0,0,0,8599.0
Arctic Cat Alterra 550 XT,2016,ATV,0,0,0,545.0,0,0,9899.0
Arctic Cat Alterra 550 XT,2016,ATV,0,0,0,545.0,0,0,9899.0
Arctic Cat Alterra 700,2016,ATV,0,0,0,695.0,0,0,9199.0
Arctic Cat Alterra 700,2016,ATV,0,0,0,695.0,0,0,9199.0
Arctic Cat Alterra 700 XT,2016,ATV,0,0,0,695.0,0,0,10399.0
Arctic Cat Alterra 90,2016,ATV,0,24.1,0,90.0,0,0,2999.0
Arctic Cat Alterra TRV 1000 XT,2016,ATV,0,0,0,951.0,0,0,12999.0
Arctic Cat Alterra TRV 500,2016,ATV,0,0,0,443.0,0,0,8499.0
Arctic Cat Alterra TRV 550 XT,2016,ATV,0,0,0,543.0,0,0,10899.0
Arctic Cat Alterra TRV 700 XT,2016,ATV,0,0,0,695.0,0,0,11399.0
Arctic Cat DVX 90,2016,ATV,0,0,0,90.0,0,0,2899.0
Arctic Cat MudPro 1000 SE,2016,ATV,0,0,0,951.0,0,0,12999.0
Arctic Cat MudPro 700 Ltd,2016,ATV,0,0,0,695.0,0,0,11599.0
Arctic Cat TBX 700,2016,ATV,0,0,0,695.0,0,0,10499.0
Arctic Cat TBX 700 SE,2016,ATV,0,0,0,695.0,0,0,10999.0
Arctic Cat TRV 700 SE,2016,ATV,0,0,0,695.0,0,0,11399.0
Arctic Cat XC 450,2016,ATV,0,0,0,443.0,0,0,7699.0
BMW C 650 GT,2016,Scooter,60.0,175.0,66.0,647.0,270.0,261.0,10595.0
BMW C 650 Sport,2016,Scooter,60.0,175.4,63.0,647.0,270.0,249.0,10095.0
BMW F 700 GS,2016,Enduro / offroad,75.0,191.5,77.0,798.0,265.0,209.0,9995.0
BMW F 800 GS,2016,Enduro / offroad,85.0,0,83.0,798.0,265.0,214.0,12295.0
BMW F 800 GS Adventure,2016,Enduro / offroad,85.0,193.1,83.0,798.0,265.0,229.0,13895.0
BMW F 800 GT,2016,Sport touring,90.0,0,86.0,798.0,265.0,213.0,12095.0
BMW F 800 R,2016,Naked bike,90.0,0,86.0,798.0,265.0,202.0,9995.0
BMW G 310 R,2016,Enduro / offroad,0,0,0,313.0,240.0,158.8,7995.0
BMW G 650 GS,2016,Enduro / offroad,50.0,170.0,60.0,652.0,240.0,195.0,7995.0
BMW K 1300 S,2016,Sport,175.0,0,140.0,1293.0,265.0,254.0,15995.0
BMW K 1600 GT,2016,Touring,160.0,201.2,175.0,1649.0,320.0,332.0,21995.0
BMW K 1600 GTL,2016,Touring,160.0,0,175.0,1649.0,320.0,348.0,24395.0
BMW K 1600 GTL Exclusive,2016,Touring,160.0,201.2,175.0,1649.0,320.0,364.0,30395.0
BMW R 1200 GS,2016,Enduro / offroad,125.0,0,125.0,1170.0,276.0,238.0,16495.0
BMW R 1200 GS Adventure,2016,Enduro / offroad,125.0,0,125.0,1170.0,275.0,260.0,18695.0
BMW R 1200 R,2016,Allround,125.0,0,125.0,1170.0,265.0,231.0,14095.0
BMW R 1200 RS,2016,Allround,123.4,0,125.0,1170.0,276.0,236.0,14995.0
BMW R 1200 RT,2016,Touring,125.0,201.2,125.0,1170.0,276.0,274.0,18145.0
BMW R nine T,2016,Naked bike,110.0,0,119.0,1170.0,265.0,222.0,15095.0
BMW S 1000 R,2016,Sport,160.0,200.0,112.0,999.0,220.0,207.0,13495.0
BMW S 1000 RR,2016,Sport,199.0,201.2,113.0,999.0,220.0,204.0,15695.0
BMW S 1000 XR,2016,Sport,158.2,0,112.0,999.0,265.0,228.0,16445.0
BMW eRR,2016,Prototype / concept model,0,0,0,0,220.0,0,15695.0
Bennche Gray Wolf 500,2016,ATV,22.8,0,0,471.0,0,0,6099.0
Bennche Gray Wolf 700,2016,ATV,33.5,0,0,686.0,0,0,6999.0
California Scooter RX-3,2016,Touring,24.8,135.2,22.5,249.0,258.0,0,3895.0
Can-Am Spyder RT Limited,2016,Touring,115.0,0,130.0,1330.0,270.0,0,30949.0
Can-Am Spyder RT-S,2016,Touring,115.0,0,130.0,1330.0,270.0,0,26799.0
Cleveland Ace Standard,2016,Classic,14.1,0,0,229.0,0,0,3300.0
Cleveland Heist,2016,Custom / cruiser,14.1,112.7,15.8,229.0,240.0,132.0,3300.0
Confederate X132 Hellcat Speedster,2016,Naked bike,120.0,277.1,189.8,2163.2,0,0,69400.0
DF Motor 250 Bubba Chopper,2016,Custom / cruiser,17.0,120.7,0,250.0,0,0,2299.0
DF Motor 250 Outlaw Chopper,2016,Custom / cruiser,18.8,120.7,0,227.0,270.0,0,2399.0
Di Blasi Express 50,2016,Allround,1.3,48.3,0,49.9,89.0,0,1995.0
Drysdale V8,2016,Prototype / concept model,150.0,0,0,1000.0,0,0,100000.0
Genuine Scooter Hooligan 170i,2016,Scooter,0,96.6,0,168.0,0,0,3399.0
Genuine Scooter Roughhouse Sport,2016,Scooter,0,48.3,0,49.7,0,89.8,2199.0
Genuine Scooter Venture,2016,Scooter,0,48.3,0,49.3,0,0,1599.0
Harley-Davidson CVO Limited,2016,Touring,96.6,0,156.0,1801.0,0,433.0,39999.0
Harley-Davidson CVO Road Glide Ultra,2016,Touring,97.9,0,156.0,1801.0,0,439.0,40299.0
Harley-Davidson CVO Street Glide,2016,Touring,97.9,0,156.0,1801.0,0,398.0,36799.0
Harley-Davidson Dyna Fat Bob,2016,Custom / cruiser,78.9,0,132.0,1688.0,0,321.0,15899.0
Harley-Davidson Dyna Low Rider,2016,Custom / cruiser,76.1,0,125.0,1690.0,0,311.0,14339.0
Harley-Davidson Dyna Street Bob,2016,Custom / cruiser,77.5,0,130.0,1690.0,0,304.8,13699.0
Harley-Davidson Dyna Street Bob Special,2016,Custom / cruiser,0,0,0,1690.0,0,304.8,13699.0
Harley-Davidson Dyna Switchback,2016,Touring,76.1,0,126.0,1690.0,0,325.7,17199.0
Harley-Davidson Dyna Wide Glide,2016,Custom / cruiser,78.9,0,132.0,1688.0,0,307.0,15999.0
Harley-Davidson Electra Glide Ultra Classic,2016,Touring,87.0,0,138.0,1688.0,0,411.0,23549.0
Harley-Davidson Electra Glide Ultra Classic Low,2016,Touring,87.0,0,138.0,1688.0,0,413.2,24699.0
Harley-Davidson Fat Boy S,2016,Custom / cruiser,92.5,0,146.0,1801.0,0,333.0,19699.0
Harley-Davidson Freewheeler,2016,Custom / cruiser,85.8,0,142.0,1689.6,0,490.8,25499.0
Harley-Davidson Heritage Softail Classic,2016,Touring,74.8,0,130.0,1690.0,0,347.0,17349.0
Harley-Davidson Night Rod Special,2016,Naked bike,120.7,0,111.0,1247.0,0,302.1,16849.0
Harley-Davidson Road Glide,2016,Touring,85.8,0,138.0,1688.0,0,385.1,21199.0
Harley-Davidson Road Glide Special,2016,Touring,87.0,0,138.0,1688.0,0,385.0,23499.0
Harley-Davidson Road Glide Ultra,2016,Touring,87.0,0,138.0,1688.0,0,425.0,25699.0
Harley-Davidson Road King,2016,Touring,87.0,0,138.0,1688.0,0,371.0,18749.0
Harley-Davidson Softail Breakout,2016,Custom / cruiser,75.1,0,130.0,1690.0,0,322.0,18799.0
Harley-Davidson Softail Deluxe,2016,Custom / cruiser,77.8,0,132.0,1688.0,0,333.0,18549.0
Harley-Davidson Softail Fat Boy,2016,Custom / cruiser,78.0,0,132.0,1690.0,0,333.0,16699.0
Harley-Davidson Softail Fat Boy Lo,2016,Custom / cruiser,0,0,132.0,1688.0,0,332.5,17499.0
Harley-Davidson Softail Slim,2016,Custom / cruiser,78.9,0,133.0,1690.0,0,321.0,14899.0
Harley-Davidson Softail Slim S,2016,Custom / cruiser,92.5,0,145.0,1801.0,0,321.0,18499.0
Harley-Davidson Sportster 1200 Custom,2016,Custom / cruiser,68.0,0,96.0,1201.3,0,268.0,11889.0
Harley-Davidson Sportster Forty-Eight,2016,Custom / cruiser,67.1,0,96.0,1201.3,0,257.0,11199.0
Harley-Davidson Sportster Iron 883,2016,Custom / cruiser,53.0,0,71.0,883.3,300.0,260.0,8849.0
Harley-Davidson Sportster Seventy-Two,2016,Custom / cruiser,65.7,0,96.0,1201.3,0,257.0,11099.0
Harley-Davidson Sportster SuperLow  1200T,2016,Touring,67.1,0,96.0,1200.0,0,274.0,11799.0
Harley-Davidson Sportster Superlow,2016,Custom / cruiser,52.3,0,73.0,883.3,0,256.0,8499.0
Harley-Davidson Street 500,2016,Custom / cruiser,0,0,40.0,491.6,0,221.8,6849.0
Harley-Davidson Street 750,2016,Custom / cruiser,0,0,60.3,753.9,0,221.8,7549.0
Harley-Davidson Street Glide,2016,Touring,85.8,0,138.0,1688.0,0,371.0,20899.0
Harley-Davidson Street Glide Special,2016,Touring,87.0,0,138.0,1688.0,0,372.0,23199.0
Harley-Davidson Tri Glide Ultra,2016,Touring,87.0,0,138.0,1688.0,0,560.0,33499.0
Harley-Davidson Ultra Limited,2016,Touring,87.0,0,138.0,1688.0,0,413.2,26399.0
Harley-Davidson Ultra Limited Low,2016,Touring,87.0,0,138.0,1688.0,0,414.0,27299.0
Harley-Davidson V-Rod Muscle,2016,Custom / cruiser,121.0,0,115.0,1247.0,0,307.1,16449.0
Honda Africa Twin DCT,2016,Enduro / offroad,0,0,0,998.0,256.0,0,13699.0
Honda CB1000R,2016,Naked bike,123.4,0,99.0,998.0,256.0,220.0,11760.0
Honda CB1100,2016,Classic,88.5,0,91.0,1140.0,256.0,244.9,10390.0
Honda CB300F,2016,Naked bike,29.5,0,27.0,286.0,220.0,157.9,3999.0
Honda CBR 300R,2016,Sport,30.4,0,27.0,286.0,220.0,164.0,4399.0
Honda CBR1000RR,2016,Sport,178.4,0,114.0,999.0,220.0,200.0,13999.0
Honda CBR1000RR SP,2016,Sport,178.4,0,114.0,999.0,220.0,200.0,17299.0
Honda CBR250R,2016,Sport,34.9,0,22.9,249.6,220.0,165.0,4199.0
Honda CBR250R ABS,2016,Sport,34.9,0,22.9,249.6,220.0,166.0,4699.0
Honda CBR250R Repsol,2016,Sport,34.9,0,22.9,249.6,220.0,165.0,4599.0
Honda CBR600RR,2016,Sport,118.0,0,66.0,599.0,220.0,186.0,11490.0
Honda CBR600RR ABS,2016,Sport,118.0,0,66.0,599.0,220.0,186.0,12490.0
Honda CBR650F,2016,Sport,85.8,0,63.0,649.0,240.0,199.0,8499.0
Honda CBR650F ABS,2016,Sport,85.8,0,63.0,649.0,240.0,211.8,8999.0
Honda CRF100F,2016,Enduro / offroad,0,0,0,99.0,99.0,77.1,2880.0
Honda CRF110F,2016,Enduro / offroad,7.2,0,8.9,109.0,109.0,73.9,2099.0
Honda CRF125F,2016,Cross / motocross,8.9,0,10.2,124.9,125.0,88.0,2799.0
Honda CRF150F,2016,Enduro / offroad,0,0,0,149.0,149.0,106.1,3699.0
Honda CRF150F Big Wheel,2016,Enduro / offroad,0,0,0,149.0,149.0,108.0,3199.0
Honda CRF150R,2016,Cross / motocross,23.5,0,14.1,149.0,190.0,83.9,4999.0
Honda CRF230F,2016,Enduro / offroad,0,0,0,223.0,223.0,112.9,4199.0
Honda CRF250L,2016,Enduro / offroad,22.8,0,22.0,249.6,220.0,145.2,4999.0
Honda CRF250R,2016,Cross / motocross,39.4,0,27.1,249.0,240.0,104.8,7599.0
Honda CRF250X,2016,Enduro / offroad,29.4,0,24.2,249.0,240.0,115.2,7410.0
Honda CRF450R,2016,Cross / motocross,53.0,170.0,48.0,449.7,220.0,111.0,8699.0
Honda CRF450X,2016,Enduro / offroad,44.5,0,41.3,449.0,240.0,122.0,8440.0
Honda CRF50F,2016,Enduro / offroad,0,0,0,49.0,0,0,1399.0
Honda CRF70F,2016,Enduro / offroad,0,0,0,72.0,0,63.1,1960.0
Honda CRF80F,2016,Enduro / offroad,0,0,0,80.0,0,73.9,2470.0
Honda CTX 700,2016,Sport touring,0,0,0,670.0,240.0,0,7499.0
Honda CTX1300,2016,Custom / cruiser,83.1,0,106.0,1261.0,315.0,338.0,15999.0
Honda CTX1300 Deluxe,2016,Custom / cruiser,83.1,0,106.0,1261.0,315.0,338.0,17499.0
Honda CTX700N,2016,Custom / cruiser,0,0,0,670.0,240.0,0,8999.0
Honda CTX700N DCT ABS,2016,Custom / cruiser,0,0,0,670.0,240.0,0,7599.0
Honda Forza ABS,2016,Scooter,22.0,0,22.0,248.0,240.0,0,5599.0
Honda FourTrax Foreman 4x4,2016,ATV,0,0,0,475.0,160.0,0,7099.0
Honda FourTrax Foreman Rubicon,2016,ATV,66.9,0,0,499.0,499.0,290.3,7999.0
Honda FourTrax Foreman Rubicon 4x4,2016,ATV,0,0,0,499.0,170.0,0,7799.0
Honda FourTrax Rancher,2016,ATV,56.3,0,0,420.0,0,248.1,5099.0
Honda FourTrax Rancher 4x4,2016,ATV,0,0,0,420.0,160.0,275.8,5199.0
Honda FourTrax Recon,2016,ATV,0,0,0,229.0,0,196.0,4049.0
Honda FourTrax Rincon,2016,ATV,0,0,0,675.0,180.0,298.0,9299.0
Honda Fury,2016,Custom / cruiser,0,0,89.5,1312.0,296.0,301.0,9999.0
Honda Fury ABS,2016,Custom / cruiser,0,0,89.5,1312.0,296.0,312.0,10999.0
Honda Gold Wing,2016,Touring,116.7,0,167.0,1832.0,316.0,415.5,23999.0
Honda Gold Wing Airbag,2016,Touring,116.7,0,167.0,1832.0,316.0,423.2,30599.0
Honda Gold Wing Audio Comfort,2016,Touring,0,0,0,1832.0,316.0,415.5,23999.0
Honda Gold Wing Audio Comfort Navi XM,2016,Touring,116.7,0,167.0,1832.0,316.0,410.1,26999.0
Honda Gold Wing Audio Comfort Navi XM ABS,2016,Touring,116.7,0,167.0,1832.0,316.0,410.1,28129.0
Honda Gold Wing F6B,2016,Touring,116.7,0,167.0,1832.0,316.0,381.9,20499.0
Honda Gold Wing F6B Deluxe,2016,Touring,116.7,0,167.0,1832.0,316.0,381.9,21499.0
Honda Gold Wing Valkyrie,2016,Custom / cruiser,0,0,0,1832.0,316.0,341.1,17999.0
Honda Grom,2016,Sport,0,0,0,124.9,190.0,102.1,3199.0
Honda Interceptor,2016,Sport,104.6,0,77.1,782.0,256.0,240.0,12499.0
Honda Interceptor DLX,2016,Sport,104.5,0,75.1,782.0,256.0,249.0,13499.0
Honda Interstate,2016,Touring,0,0,0,1312.0,296.0,323.0,10999.0
Honda Interstate ABS,2016,Touring,0,0,0,1312.0,296.0,323.0,11499.0
Honda Montesa Cota 300RR,2016,Trial,0,0,0,288.0,150.0,0,9999.0
Honda Montesa Cota 4RT 260,2016,Trial,0,0,0,259.0,150.0,74.3,7799.0
Honda NM4,2016,Super motard,0,0,0,670.0,240.0,254.9,10999.0
Honda PCX150,2016,Scooter,0,0,0,153.0,153.0,129.7,3499.0
Honda Rebel,2016,Custom / cruiser,0,0,0,234.0,234.0,150.1,4190.0
Honda Ruckus,2016,Scooter,0,0,0,49.0,0,88.0,2649.0
Honda SH150i,2016,Scooter,0,0,0,153.0,130.0,137.0,4499.0
Honda ST1300 ABS,2016,Sport touring,124.7,0,125.0,1261.0,316.0,331.0,18230.0
Honda Sabre,2016,Custom / cruiser,0,0,0,1312.0,296.0,301.2,9999.0
Honda Sabre ABS,2016,Custom / cruiser,0,0,0,1312.0,296.0,311.0,10499.0
Honda Shadow Aero,2016,Custom / cruiser,0,0,0,745.0,180.0,254.0,7499.0
Honda Shadow Aero ABS,2016,Custom / cruiser,0,0,0,745.0,180.0,260.0,7799.0
Honda Shadow Phantom,2016,Custom / cruiser,0,0,0,745.0,296.0,249.0,7499.0
Honda Shadow RS,2016,Custom / cruiser,0,0,0,745.0,296.0,228.2,7499.0
Honda Shadow Spirit 750,2016,Custom / cruiser,0,0,0,745.0,296.0,243.1,7499.0
Honda Silver Wing,2016,Scooter,49.6,0,54.0,582.0,240.0,247.0,9270.0
Honda Stateline,2016,Custom / cruiser,0,0,0,1312.0,296.0,304.8,9999.0
Honda TRX250X,2016,ATV,0,0,0,229.0,229.0,171.9,4699.0
Honda TRX400X,2016,ATV,0,0,0,397.0,220.0,185.1,6399.0
Honda TRX450R,2016,ATV,0,0,0,450.0,190.0,176.0,7799.0
Honda VFR1200F,2016,Sport,170.3,0,129.0,1237.0,276.0,268.1,15999.0
Honda VFR1200F DCT,2016,Sport,170.3,0,129.0,1237.0,276.0,268.1,17499.0
Honda VFR1200X DCT,2016,Sport touring,127.4,0,126.0,1237.0,276.0,275.0,15999.0
Honda XR650L,2016,Enduro / offroad,0,0,0,644.0,0,156.9,6699.0
Hyosung GT250R,2016,Sport,27.0,0,22.7,249.0,230.0,0,4199.0
Hyosung GT650R,2016,Sport,79.0,0,66.9,647.0,230.0,215.0,6599.0
Indian Chief Classic,2016,Custom / cruiser,0,0,139.0,1811.0,300.0,357.0,18499.0
Indian Chief Classic Dark Horse,2016,Custom / cruiser,0,0,139.0,1811.0,300.0,357.0,17499.0
Indian Chief Vintage,2016,Classic,0,0,138.9,1811.0,300.0,379.0,20999.0
Indian Chieftain,2016,Custom / cruiser,0,0,138.9,1811.0,300.0,389.0,22999.0
Indian Roadmaster,2016,Touring,0,0,138.9,1811.0,300.0,421.0,27999.0
Indian Scout,2016,Custom / cruiser,100.0,0,97.7,1130.8,298.0,254.0,11299.0
Indian Scout Sixty,2016,Custom / cruiser,78.0,0,88.8,999.7,298.0,254.0,8999.0
Indian Springfield,2016,Touring,0,0,161.6,1811.0,300.0,388.0,20999.0
Kawasaki Brute Force  750 4x4i,2016,ATV,0,0,0,749.0,200.0,310.1,8999.0
Kawasaki Concours  14 ABS,2016,Sport touring,155.0,0,136.0,1352.0,270.0,313.0,15499.0
Kawasaki KFX50,2016,ATV,0,0,0,49.5,0,108.9,1999.0
Kawasaki KFX90,2016,ATV,0,0,0,89.0,0,118.8,2599.0
Kawasaki KLR 650,2016,Super motard,0,0,0,651.0,280.0,196.0,6599.0
Kawasaki KLR 650 Camo,2016,Super motard,0,0,0,651.0,280.0,196.0,6890.0
Kawasaki KLX 110,2016,Enduro / offroad,0,0,0,111.0,0,76.2,2299.0
Kawasaki KLX 110L,2016,Enduro / offroad,0,0,0,111.0,0,76.2,2499.0
Kawasaki KLX 140,2016,Enduro / offroad,0,0,0,144.0,186.0,93.0,3099.0
Kawasaki KLX 140L,2016,Enduro / offroad,0,0,0,144.0,186.0,95.0,3399.0
Kawasaki KX 100,2016,Cross / motocross,0,0,0,99.0,0,71.0,4599.0
Kawasaki KX 250F,2016,Cross / motocross,0,0,0,249.0,240.0,106.0,7599.0
Kawasaki KX 450F,2016,Cross / motocross,0,0,0,449.0,240.0,108.7,8799.0
Kawasaki KX 65,2016,Cross / motocross,0,0,0,64.7,0,60.0,3699.0
Kawasaki KX 85,2016,Cross / motocross,0,0,0,84.0,0,69.0,4349.0
Kawasaki Ninja 1000 ABS,2016,Sport,142.0,0,111.0,1043.0,250.0,231.1,11999.0
Kawasaki Ninja 300 ABS,2016,Sport,39.0,0,27.0,296.0,220.0,174.0,5299.0
Kawasaki Ninja 300 ABS KRT,2016,Sport,39.0,0,27.0,296.0,220.0,174.0,5499.0
Kawasaki Ninja 300 SE,2016,Sport,38.9,0,27.0,296.0,220.0,172.0,5199.0
Kawasaki Ninja 650 ABS,2016,Sport,52.3,0,56.0,649.0,220.0,211.1,7599.0
Kawasaki Ninja H2,2016,Sport,200.0,0,133.0,998.0,250.0,238.1,26000.0
Kawasaki Ninja H2R,2016,Sport,310.0,0,165.0,998.0,250.0,216.1,53000.0
Kawasaki Ninja ZX-10R ABS,2016,Sport,200.0,0,113.5,998.0,220.0,206.0,15999.0
Kawasaki Ninja ZX-10R ABS KRT,2016,Sport,200.0,0,113.5,998.0,220.0,206.0,16299.0
Kawasaki Ninja ZX-14R,2016,Sport,0,0,0,1441.0,250.0,269.0,14999.0
Kawasaki Ninja ZX-14R SE,2016,Sport,0,0,0,1441.0,250.0,269.0,15499.0
Kawasaki Ninja ZX-6R ABS,2016,Sport,131.0,0,71.0,636.0,220.0,194.0,12699.0
Kawasaki Ninja ZX-6R ABS KRT,2016,Sport,131.0,0,71.0,636.0,220.0,194.0,12999.0
Kawasaki Versys  650,2016,Allround,69.0,0,64.0,649.0,250.0,214.0,7999.0
Kawasaki Versys 1000LT,2016,Sport touring,120.0,0,102.0,1043.0,250.0,249.0,12999.0
Kawasaki Versys 650 ABS,2016,Allround,0,0,44.8,649.0,220.0,206.0,7999.0
Kawasaki Versys 650LT,2016,Sport touring,69.0,0,64.0,649.0,220.0,206.0,8899.0
Kawasaki Vulcan  1700 Vaquero  ABS,2016,Touring,0,0,146.5,1700.0,300.0,383.1,16999.0
Kawasaki Vulcan  900 Classic,2016,Custom / cruiser,48.0,0,77.0,903.0,300.0,281.1,7999.0
Kawasaki Vulcan  900 Classic LT,2016,Touring,48.0,0,78.9,903.0,300.0,298.1,8999.0
Kawasaki Vulcan  900 Custom,2016,Custom / cruiser,48.0,0,78.9,903.0,242.0,277.1,8499.0
Kawasaki Vulcan 1700 Voyager ABS,2016,Touring,0,0,146.5,1700.0,300.0,406.1,17399.0
Kawasaki Vulcan S ABS,2016,Custom / cruiser,48.0,0,77.0,649.0,250.0,226.0,7399.0
Kawasaki Vulcan S ABS  Cafe,2016,Custom / cruiser,48.0,0,77.0,649.0,250.0,226.0,7999.0
Kawasaki Vulcan S ABS SE,2016,Custom / cruiser,48.0,0,77.0,649.0,250.0,226.0,7599.0
Kawasaki Z1000 ABS,2016,Naked bike,140.1,0,111.0,1043.0,250.0,223.0,11999.0
Kawasaki Z125 Pro,2016,Naked bike,0,0,0,125.0,184.0,102.0,2999.0
Kawasaki Z800 ABS,2016,Naked bike,113.0,0,83.0,806.0,250.0,229.0,8399.0
Kreidler Dice CR 125,2016,Allround,11.4,101.4,0,125.0,210.0,112.0,2599.0
Kreidler Dice GS 125,2016,Enduro / offroad,11.4,101.4,0,125.0,210.0,133.0,2599.0
Kreidler Dice SM 125,2016,Super motard,11.4,101.4,0,125.0,210.0,112.0,2599.0
Kymco Agility 125,2016,Scooter,9.3,0,9.1,125.0,0,0,1899.0
Kymco Agility 50,2016,Scooter,1.9,0,3.2,49.0,110.0,0,1599.0
Kymco Compagno 110i,2016,Scooter,9.6,0,9.1,112.0,0,0,2399.0
Kymco K-Pipe 125,2016,Naked bike,8.0,0,8.5,123.7,276.0,0,1999.0
Kymco Like 200i,2016,Scooter,11.3,0,0,163.0,0,0,2499.0
Kymco People GT 300i,2016,Scooter,29.5,0,29.8,298.9,0,0,4899.0
Kymco Super 8 150R,2016,Scooter,10.3,0,10.6,151.0,0,0,1999.0
Kymco Super 8 150X,2016,Scooter,10.3,0,10.6,151.0,0,0,2099.0
Kymco Super 8 50R,2016,Scooter,1.9,0,4.1,49.0,0,0,1699.0
Kymco Super 8 50X,2016,Scooter,1.9,0,4.1,49.0,0,0,1799.0
Lambretta UNO 150,2016,Scooter,0,104.6,0,149.6,0,121.0,2995.0
Lambretta UNO 50,2016,Scooter,0,48.3,0,49.3,0,0,2150.0
Lightning LS-218 SuperBike,2016,Sport,200.0,350.8,227.8,0,320.0,0,38888.0
Linhai Aeolus 150 Retro,2016,Scooter,8.7,0,8.0,151.0,0,0,1299.0
Linhai Aeolus 260,2016,Scooter,16.7,125.5,20.0,257.0,0,0,2399.0
Linhai Aeolus 300,2016,Scooter,18.8,125.5,23.0,275.0,0,0,2699.0
Linhai Aeolus 400 EFI St. Moritz,2016,Scooter,22.8,0,27.0,352.0,0,0,4349.0
Linhai Aeolus 50,2016,Scooter,2.9,0,3.0,49.5,0,0,999.0
MV Agusta Brutale 1090 RR,2016,Naked bike,158.0,265.0,100.0,1078.0,210.0,0,18998.0
MV Agusta Brutale 675,2016,Naked bike,110.0,225.0,65.0,675.0,220.0,0,11998.0
MV Agusta Brutale 800,2016,Naked bike,116.0,237.0,83.0,798.0,220.0,0,13498.0
MV Agusta Brutale 800 RR,2016,Naked bike,140.0,245.0,86.0,798.0,210.0,0,15498.0
MV Agusta Dragster 800,2016,Naked bike,125.0,245.0,81.0,798.0,220.0,0,14998.0
MV Agusta Dragster 800 RR,2016,Naked bike,140.0,245.0,86.0,798.0,220.0,0,17798.0
MV Agusta Dragster 800 RR LH44,2016,Naked bike,140.0,245.0,86.0,798.0,220.0,0,26144.0
MV Agusta F3 675,2016,Sport,128.0,260.0,71.0,675.0,220.0,0,14298.0
MV Agusta F3 675 RC,2016,Naked bike,128.0,260.0,71.0,675.0,220.0,0,16798.0
MV Agusta F3 800,2016,Sport,148.0,269.0,88.0,798.0,220.0,0,15798.0
MV Agusta F3 800 Ago,2016,Sport,148.0,269.0,88.0,798.0,220.0,0,24598.0
MV Agusta F3 800 RC,2016,Sport,148.0,269.0,88.0,798.0,220.0,0,18298.0
MV Agusta F4,2016,Sport,195.0,291.2,110.8,998.0,210.0,0,19490.0
MV Agusta F4 RC,2016,Sport,212.0,302.0,115.0,998.0,210.0,0,46000.0
MV Agusta F4 RR,2016,Sport,201.0,297.5,111.0,998.0,210.0,0,26498.0
MV Agusta Rivale 800,2016,Naked bike,125.0,245.0,84.0,798.0,220.0,0,13789.0
MV Agusta Stradale 800,2016,Sport touring,115.0,214.0,78.5,798.0,220.0,0,14598.0
MV Agusta Turismo Veloce 800,2016,Sport touring,110.0,240.0,83.0,798.0,220.0,0,15998.0
MV Agusta Turismo Veloce 800 Lusso,2016,Sport touring,110.0,230.0,83.0,798.0,220.0,0,18998.0
Moto Guzzi Audace,2016,Naked bike,96.0,0,121.0,1380.0,282.0,0,15990.0
Moto Guzzi California 1400 Custom,2016,Custom / cruiser,95.2,0,120.0,1380.0,282.0,318.0,15490.0
Moto Guzzi California 1400 Touring,2016,Touring,96.0,0,120.0,1380.0,280.0,370.0,18490.0
Moto Guzzi Eldorado,2016,Classic,96.0,0,120.0,1380.0,282.0,0,15990.0
Moto Guzzi Griso 8V SE,2016,Naked bike,110.0,0,108.0,1151.0,282.0,222.0,12990.0
Moto Guzzi Norge GT 8V,2016,Sport touring,102.0,0,104.0,1151.0,282.0,0,16290.0
Moto Guzzi Stelvio 1200 NTX,2016,Super motard,105.0,0,113.0,1151.0,282.0,272.0,15990.0
Moto Guzzi V7 II Racer ABS,2016,Classic,48.0,0,57.9,744.0,250.0,190.0,10990.0
Moto Guzzi V7 II Scrambler ABS,2016,Classic,48.0,0,60.0,744.0,260.0,190.0,10999.0
Moto Guzzi V7 II Special,2016,Classic,48.0,0,60.0,744.0,260.0,190.0,10999.0
Moto Guzzi V7 II Stone ABS,2016,Classic,48.0,0,60.0,744.0,260.0,189.0,8990.0
Moto Guzzi V7 II Stornello,2016,Classic,48.0,0,60.0,744.0,260.0,190.0,10999.0
Motorino Allegro 50,2016,Scooter,3.2,0,0,49.6,0,0,999.0
Motorino Amore 150,2016,Scooter,8.4,88.5,6.7,149.0,0,0,1399.0
Motorino Amore 50,2016,Scooter,3.9,40.0,2.2,49.5,0,0,1299.0
Motorino Cassini 150,2016,Scooter,9.7,55.0,8.4,149.0,0,0,1599.0
Motorino Classico 50,2016,Scooter,3.2,40.0,3.5,49.5,0,0,1299.0
Motorino Riviera 150,2016,Scooter,9.0,88.5,8.4,149.0,0,0,1499.0
Motorino Supremo 150,2016,Scooter,8.5,88.5,6.7,149.5,0,0,1399.0
Motorino Supremo 50,2016,Scooter,3.2,0,3.5,49.5,0,0,1299.0
NCR Leggera,2016,Super motard,90.0,0,0,1078.0,200.0,0,76000.0
NCR M4,2016,Sport,107.0,0,115.0,1100.0,200.0,0,50000.0
NCR M4 One Shot,2016,Sport,132.0,0,143.0,1100.0,200.0,0,70000.0
NCR Mike Hailwood TT,2016,Sport,130.0,0,135.0,1120.0,200.0,0,130000.0
NCR Millona One Shot,2016,Sport,116.0,0,108.0,1100.0,200.0,0,71500.0
NCR Millona R,2016,Sport,100.0,0,92.0,1000.0,200.0,0,51600.0
NCR Millona S,2016,Sport,100.0,0,92.0,1000.0,200.0,0,39149.0
Oset 12.5 24V Eco,2016,Minibike-cross,0.8,0,0,0,0,0,1199.0
Oset 12.5 24V Racing,2016,Minibike-cross,0.8,0,0,0,140.0,0,1499.0
Oset 16 36V Racing,2016,Minibike-cross,1.1,0,0,0,140.0,0,1999.0
Oset 20 48V Racing,2016,Minibike-cross,1.6,0,0,0,140.0,0,1999.0
Piaggio BV 350 ABS,2016,Scooter,32.8,0,32.3,330.0,260.0,0,6199.0
Piaggio Fly 150 3V,2016,Scooter,12.1,98.2,13.0,155.0,140.0,112.0,2999.0
Piaggio Fly 50 4V,2016,Scooter,4.6,62.8,3.5,49.9,140.0,107.0,2299.0
Piaggio MP3 500 Sport,2016,Scooter,40.1,142.0,45.5,493.0,240.0,0,8999.0
Piaggio Typhoon 125,2016,Scooter,0,96.6,8.2,125.0,140.0,113.0,2899.0
Piaggio Typhoon 50,2016,Scooter,4.6,0,3.8,49.0,140.0,101.0,1999.0
Rokon Scout,2016,Enduro / offroad,7.0,0,12.4,208.0,0,0,6500.0
Rokon Trail-Breaker,2016,Enduro / offroad,7.0,56.0,12.4,208.0,0,0,7350.0
Sora Luxury Electric Superbike,2016,Sport,0,190.0,90.0,0,250.0,260.0,77000.0
Suzuki Boulevard C50,2016,Custom / cruiser,53.0,160.0,69.0,805.0,0,277.1,8199.0
Suzuki Boulevard C50 B O S S,2016,Custom / cruiser,79.0,0,131.0,805.0,275.0,277.1,8699.0
Suzuki Boulevard C50T,2016,Touring,53.0,0,69.0,805.0,0,292.1,9399.0
Suzuki Boulevard C90 BOSS,2016,Custom / cruiser,0,0,0,1462.0,0,344.0,12399.0
Suzuki Boulevard C90T,2016,Touring,58.0,0,131.0,1462.0,275.0,363.0,12889.0
Suzuki Boulevard M109R,2016,Custom / cruiser,125.0,0,160.0,1783.0,275.0,347.0,14299.0
Suzuki Boulevard M109R B O S S,2016,Custom / cruiser,125.0,0,160.0,1783.0,275.0,347.0,14999.0
Suzuki Boulevard M109R Limited Edition,2016,Custom / cruiser,125.0,0,160.0,1783.0,275.0,347.0,14799.0
Suzuki Boulevard M50,2016,Custom / cruiser,53.0,0,69.0,805.0,180.0,269.0,8599.0
Suzuki Boulevard M90,2016,Custom / cruiser,79.0,0,131.0,1462.0,275.0,328.0,11199.0
Suzuki Boulevard S40,2016,Custom / cruiser,0,0,0,652.0,0,173.0,5499.0
Suzuki Burgman 200 ABS,2016,Scooter,0,0,0,200.0,240.0,163.0,4999.0
Suzuki Burgman 400 ABS,2016,Scooter,0,0,0,398.0,210.0,222.0,7999.0
Suzuki Burgman 650 ABS,2016,Scooter,56.0,160.0,62.0,638.0,100.0,278.0,10999.0
Suzuki Burgman 650 ABS Executive,2016,Scooter,56.0,160.0,62.0,638.0,100.0,277.0,10999.0
Suzuki DR-Z125L,2016,Enduro / offroad,0,0,0,124.0,0,89.0,3199.0
Suzuki DR-Z400SM,2016,Super motard,0,0,0,398.0,240.0,146.0,7199.0
Suzuki DR-Z70,2016,Enduro / offroad,0,0,0,67.0,0,55.0,1799.0
Suzuki DR200S,2016,Enduro / offroad,0,0,0,198.0,0,126.0,4499.0
Suzuki DR200SE,2016,Enduro / offroad,0,0,0,199.0,0,132.0,4199.0
Suzuki DR650S,2016,Super motard,0,0,0,644.0,240.0,185.0,6499.0
Suzuki DR650SE,2016,Enduro / offroad,0,0,0,644.0,240.0,166.0,6499.0
Suzuki GSX-R1000,2016,Sport,185.0,0,117.0,999.0,220.0,203.0,13899.0
Suzuki GSX-R1000 ABS,2016,Sport,185.0,0,117.0,999.0,220.0,205.0,14399.0
Suzuki GSX-R1000 Commemorative Edition,2016,Sport,185.0,0,117.0,999.0,220.0,203.0,13899.0
Suzuki GSX-R600,2016,Sport,0,0,0,599.0,310.0,187.0,11199.0
Suzuki GSX-R750,2016,Sport,150.0,0,86.2,750.0,220.0,190.0,12999.0
Suzuki GSX-R750 30th Anniversay,2016,Sport,148.0,0,86.2,750.0,220.0,190.0,10190.0
Suzuki GSX-S1000,2016,Sport,0,0,0,999.0,310.0,0,9999.0
Suzuki GSX-S1000 ABS,2016,Sport,0,0,0,999.0,310.0,0,10499.0
Suzuki GSX-S1000F ABS,2016,Sport,0,0,0,999.0,310.0,214.0,10999.0
Suzuki GSX-S750,2016,Sport,106.0,0,80.0,749.0,220.0,213.2,7999.0
Suzuki GSX-S750Z,2016,Sport,106.0,0,80.0,749.0,220.0,213.0,8149.0
Suzuki GW250,2016,Allround,24.0,0,22.0,248.0,0,183.0,4099.0
Suzuki GW250F,2016,Sport,24.0,0,22.0,248.0,0,189.0,4499.0
Suzuki Hayabusa,2016,Sport,197.0,0,155.0,1340.0,260.0,0,14599.0
Suzuki KingQuad 400ASi,2016,ATV,0,0,0,376.0,0,285.0,6499.0
Suzuki KingQuad 400ASi Camo,2016,ATV,0,0,0,376.0,0,285.0,6899.0
Suzuki KingQuad 400ASi SE,2016,ATV,0,0,0,376.0,0,285.0,6799.0
Suzuki KingQuad 400FSi,2016,ATV,0,0,0,376.0,0,279.0,6499.0
Suzuki KingQuad 400FSi Camo,2016,ATV,0,0,0,376.0,0,279.0,6899.0
Suzuki KingQuad 400FSi Limited,2016,ATV,0,0,0,376.0,0,279.0,6899.0
Suzuki KingQuad 500AXi,2016,ATV,0,0,0,493.0,0,302.0,7399.0
Suzuki KingQuad 500AXi Camo,2016,ATV,0,0,0,493.0,0,305.0,7999.0
Suzuki KingQuad 500AXi Power Steering,2016,ATV,0,0,0,493.0,0,300.0,8299.0
Suzuki KingQuad 500AXi Power Steering Camo,2016,ATV,0,0,0,493.0,0,300.0,8699.0
Suzuki KingQuad 500AXi Power Steering SE,2016,ATV,0,0,0,493.0,0,300.0,8599.0
Suzuki KingQuad 750AXi,2016,ATV,0,0,0,722.0,0,302.0,8599.0
Suzuki KingQuad 750AXi Camo,2016,ATV,0,0,0,722.0,0,302.0,8999.0
Suzuki KingQuad 750AXi Limited Edition,2016,ATV,0,0,0,722.0,0,302.0,9099.0
Suzuki KingQuad 750AXi Power Steering,2016,ATV,0,0,0,722.0,0,305.0,9199.0
Suzuki KingQuad 750AXi Power Steering Camo,2016,ATV,0,0,0,722.0,0,305.0,9699.0
Suzuki KingQuad 750AXi Power Steering SE,2016,ATV,0,0,0,722.0,0,305.0,9599.0
Suzuki QuadSport Z250,2016,ATV,33.0,0,0,250.0,0,177.0,4199.0
Suzuki QuadSport Z400,2016,ATV,0,0,0,398.0,218.0,193.0,7149.0
Suzuki QuadSport Z90,2016,ATV,0,0,0,90.0,0,127.0,2899.0
Suzuki RM-Z250,2016,Cross / motocross,0,0,0,249.0,0,106.0,7699.0
Suzuki RM-Z450,2016,Cross / motocross,0,0,0,449.0,0,112.0,8749.0
Suzuki RM85,2016,Cross / motocross,0,0,0,84.7,0,73.0,4099.0
Suzuki SFV650,2016,Naked bike,0,0,0,645.0,240.0,202.0,7699.0
Suzuki TU250X,2016,Allround,24.0,135.0,0,248.0,0,148.0,4399.0
Suzuki Trojan,2016,Super motard,0,0,0,198.0,0,126.0,4199.0
Suzuki V-Strom 1000 ABS,2016,Super motard,100.0,0,103.0,996.0,260.0,228.0,13999.0
Suzuki V-Strom 1000 ABS Adventure,2016,Super motard,100.0,0,103.0,1037.0,260.0,228.0,13999.0
Suzuki V-Strom 650 ABS,2016,Super motard,69.0,185.0,69.0,645.0,260.0,0,10049.0
Suzuki V-Strom 650 ABS Adventure,2016,Super motard,69.0,185.0,60.0,645.0,260.0,214.0,10049.0
Suzuki V-Strom 650XT ABS,2016,Super motard,69.0,185.0,69.0,645.0,260.0,0,8499.0
Triumph America,2016,Custom / cruiser,61.0,0,72.0,865.0,285.0,250.0,8400.0
Triumph America LT,2016,Touring,61.0,0,72.0,865.0,285.0,270.0,9800.0
Triumph Bonneville,2016,Classic,68.0,0,68.0,865.0,255.0,225.0,8099.0
Triumph Bonneville T100,2016,Classic,68.0,0,68.0,865.0,255.0,225.0,9600.0
Triumph Bonneville T100 Black,2016,Classic,67.0,0,67.8,865.0,255.0,225.0,9300.0
Triumph Daytona 675,2016,Sport,128.0,0,74.0,675.0,220.0,187.0,12000.0
Triumph Daytona 675 R,2016,Sport,128.0,0,74.0,675.0,220.0,189.0,14000.0
Triumph Rocket III Roadster,2016,Custom / cruiser,148.0,0,221.0,2294.0,316.0,367.0,15500.0
Triumph Rocket III Touring,2016,Touring,148.0,0,221.0,2294.0,316.0,395.0,18000.0
Triumph Speed 94 R,2016,Naked bike,135.0,0,111.0,1050.0,255.0,0,10999.0
Triumph Speed Triple R,2016,Naked bike,140.0,0,112.0,1050.0,255.0,0,14900.0
Triumph Speed Triple S,2016,Naked bike,140.0,0,112.0,1050.0,255.0,0,13200.0
Triumph Speedmaster,2016,Custom / cruiser,61.0,0,72.0,865.0,285.0,250.0,8400.0
Triumph Street Twin,2016,Naked bike,55.0,0,80.0,900.0,255.0,0,8700.0
Triumph Thunderbird Commander,2016,Custom / cruiser,94.0,0,151.0,1699.0,310.0,339.0,16500.0
Triumph Thunderbird LT,2016,Touring,94.0,0,146.0,1699.0,310.0,380.0,17000.0
Triumph Thunderbird Storm,2016,Custom / cruiser,98.0,0,156.0,1699.0,310.0,339.0,15000.0
Triumph Tiger 800 XC,2016,Super motard,95.0,0,79.0,799.0,255.0,215.0,12500.0
Triumph Tiger 800 XCA,2016,Super motard,95.0,0,79.0,799.0,255.0,0,15500.0
Triumph Tiger 800 XCX,2016,Super motard,95.0,0,79.0,799.0,255.0,220.0,13700.0
Triumph Tiger 800 XCX Low,2016,Super motard,95.0,0,79.0,799.0,255.0,220.0,13700.0
Triumph Tiger 800 XR,2016,Super motard,95.0,0,79.0,799.0,255.0,213.0,11500.0
Triumph Tiger 800 XRT,2016,Super motard,95.0,0,79.0,799.0,255.0,0,14500.0
Triumph Tiger 800 XRX,2016,Super motard,95.0,0,79.0,799.0,255.0,215.0,12700.0
Triumph Tiger 800 XRX Low,2016,Super motard,95.0,0,79.0,799.0,255.0,215.0,12700.0
Triumph Trophy SE,2016,Touring,134.0,0,120.0,1215.0,282.0,315.0,19500.0
Ural Dark Force,2016,Classic,41.0,100.0,57.0,745.0,245.0,0,14999.0
Ural Gear Up,2016,Classic,41.0,0,52.0,749.0,245.0,0,15999.0
Ural M70,2016,Classic,41.0,105.0,57.0,749.0,245.0,0,15999.0
Ural Patrol,2016,Classic,41.0,0,57.0,749.0,265.0,0,15599.0
Ural Sportsman,2016,Classic,41.0,0,52.0,749.0,245.0,0,15999.0
Ural cT,2016,Classic,41.0,100.0,57.0,745.0,245.0,0,12999.0
Vespa GTS 300,2016,Scooter,21.1,128.8,22.3,278.0,220.0,0,6699.0
Vespa GTS 300 Super,2016,Scooter,21.1,128.8,22.3,278.0,220.0,0,6799.0
Vespa GTS 300 Super Sport,2016,Scooter,22.0,128.8,22.3,278.0,220.0,0,6899.0
Vespa Primavera 150,2016,Scooter,12.7,95.0,12.8,155.0,140.0,0,4999.0
Vespa Primavera 50,2016,Scooter,0,64.4,0,49.9,140.0,0,3649.0
Vespa Sprint 150,2016,Scooter,12.7,95.0,12.8,155.0,140.0,0,5299.0
Vespa Sprint 50,2016,Scooter,0,64.4,0,49.9,140.0,0,3749.0
Victory Cross Country,2016,Touring,0,0,0,1737.1,300.0,0,18999.0
Victory Cross Country 8-Ball,2016,Custom / cruiser,0,0,0,1737.1,300.0,0,17999.0
Victory Cross Country Tour,2016,Touring,0,0,0,1737.1,300.0,0,21999.0
Victory Empulse TT,2016,Naked bike,54.0,161.0,90.0,0,0,213.0,19999.0
Victory Gunner,2016,Custom / cruiser,0,0,149.2,1737.1,300.0,0,12999.0
Victory Hammer S,2016,Custom / cruiser,97.0,0,153.2,1737.1,300.0,0,15499.0
Victory High-Ball,2016,Custom / cruiser,0,0,0,1737.1,300.0,0,13349.0
Victory Magnum,2016,Touring,0,0,0,1737.1,300.0,0,21999.0
Victory Vegas,2016,Custom / cruiser,0,0,0,1737.1,300.0,0,13499.0
Victory Vegas 8-Ball,2016,Custom / cruiser,0,0,0,1737.1,300.0,0,9499.0
Victory Vision,2016,Touring,0,0,0,1737.1,300.0,0,20999.0
Yamaha FJ-09,2016,Naked bike,115.0,0,61.5,847.0,245.0,209.6,10449.0
Yamaha FZ-07,2016,Naked bike,0,0,0,689.0,245.0,180.1,6990.0
Yamaha FZ1,2016,Sport,0,0,0,998.0,245.0,220.9,10790.0
Yamaha FZ6R,2016,Sport,0,0,0,600.0,245.0,213.2,7790.0
Yamaha Majesty,2016,Scooter,0,0,0,395.0,267.0,211.8,6850.0
Yamaha PW50,2016,Enduro / offroad,0,0,0,49.0,0,39.0,1440.0
Yamaha Raptor 700,2016,ATV,0,0,0,686.0,0,191.4,7799.0
Yamaha Raptor 700R,2016,ATV,0,0,0,686.0,0,192.0,8299.0
Yamaha Raptor 700R SE,2016,ATV,0,0,0,686.0,0,192.0,8999.0
Yamaha Raptor 90,2016,ATV,0,0,0,88.0,0,119.8,2799.0
Yamaha Road Star S,2016,Custom / cruiser,0,0,0,1674.0,320.0,337.0,12990.0
Yamaha Road Star Silverado S,2016,Touring,0,0,0,1671.6,298.0,350.6,14999.0
Yamaha SR400,2016,Allround,22.9,0,27.4,399.0,150.0,174.2,5990.0
Yamaha Smax,2016,Scooter,0,0,0,155.0,245.0,148.8,3690.0
Yamaha Star Bolt,2016,Custom / cruiser,0,0,0,950.5,298.0,244.9,7990.0
Yamaha Star Bolt C-Spec,2016,Custom / cruiser,0,0,0,950.5,298.0,245.9,8690.0
Yamaha Star Bolt R-Spec,2016,Custom / cruiser,0,0,0,950.5,298.0,244.9,8390.0
Yamaha Star Raider,2016,Custom / cruiser,0,0,0,1851.9,310.0,331.0,14999.0
Yamaha Star Raider Bullet Cowl,2016,Custom / cruiser,0,0,0,1851.9,310.0,332.9,15390.0
Yamaha Star Raider S,2016,Custom / cruiser,0,0,0,1851.9,310.0,331.1,15790.0
Yamaha Star Raider SCL,2016,Custom / cruiser,0,0,0,1851.9,310.0,340.2,16999.0
Yamaha Star Roadliner S,2016,Custom / cruiser,0,0,0,1851.9,320.0,340.2,14990.0
Yamaha Star Stratoliner Deluxe,2016,Custom / cruiser,0,0,0,1851.9,320.0,360.2,17240.0
Yamaha Star Stratoliner S,2016,Touring,0,0,0,1851.9,320.0,368.0,16999.0
Yamaha Star Stryker,2016,Custom / cruiser,0,0,0,1311.1,310.0,293.0,11690.0
Yamaha Star Stryker Bullet Cowl,2016,Custom / cruiser,0,0,0,1311.1,310.0,294.8,12090.0
Yamaha Star VMAX,2016,Custom / cruiser,200.0,0,167.0,1671.6,298.0,309.8,17999.0
Yamaha Super Tenere,2016,Super motard,112.0,0,117.0,1199.0,282.0,260.8,15090.0
Yamaha Super Tenere ES,2016,Super motard,112.0,0,117.0,1199.0,282.0,264.9,16190.0
Yamaha TMAX,2016,Scooter,45.9,0,52.3,530.0,282.0,219.0,10490.0
Yamaha TT-R110E,2016,Enduro / offroad,0,0,0,110.0,110.0,72.1,2240.0
Yamaha TT-R125LE,2016,Enduro / offroad,0,0,0,124.0,110.0,89.8,3290.0
Yamaha TT-R230,2016,Enduro / offroad,0,0,18.6,223.0,130.0,114.0,3990.0
Yamaha TT-R50E,2016,Enduro / offroad,0,0,0,49.0,80.0,57.2,1540.0
Yamaha TW200,2016,Enduro / offroad,0,0,0,196.0,110.0,126.1,4590.0
Yamaha V Star 1300,2016,Custom / cruiser,0,0,0,1311.1,298.0,303.0,11290.0
Yamaha V Star 1300 Deluxe,2016,Touring,0,0,0,1311.1,298.0,325.2,14090.0
Yamaha V Star 1300 Tourer,2016,Touring,0,0,0,1311.1,298.0,323.0,12390.0
Yamaha V Star 250,2016,Custom / cruiser,0,0,0,245.8,130.0,147.9,4340.0
Yamaha V Star 950,2016,Custom / cruiser,0,0,0,950.5,298.0,278.1,8690.0
Yamaha V Star 950 Tourer,2016,Touring,0,0,0,942.3,298.0,298.0,9790.0
Yamaha V-Star 650 Custom,2016,Custom / cruiser,0,0,51.0,649.0,200.0,233.0,6990.0
Yamaha VMAX,2016,Custom / cruiser,200.0,0,167.0,1671.6,298.0,309.8,17990.0
Yamaha Vino Classic,2016,Scooter,0,0,0,49.0,110.0,81.2,2290.0
Yamaha WR250R,2016,Enduro / offroad,30.7,0,23.7,250.0,230.0,134.0,6690.0
Yamaha XT250,2016,Enduro / offroad,0,0,0,249.0,203.0,132.0,5190.0
Yamaha YFZ450R,2016,ATV,0,0,0,449.0,0,184.0,8899.0
Yamaha YFZ450R SE,2016,ATV,0,0,0,449.0,0,184.0,9199.0
Yamaha YZ125,2016,Cross / motocross,0,0,0,124.0,245.0,94.8,6390.0
Yamaha YZ250F,2016,Cross / motocross,0,0,0,252.0,245.0,104.8,7590.0
Yamaha YZ250FX,2016,Enduro / offroad,0,0,0,250.0,245.0,112.9,7890.0
Yamaha YZ250X,2016,Enduro / offroad,0,0,0,249.0,245.0,103.9,7390.0
Yamaha YZ450F,2016,Cross / motocross,0,0,0,449.7,245.0,111.1,8590.0
Yamaha YZ450FX,2016,Enduro / offroad,0,0,0,449.7,245.0,118.8,8890.0
Yamaha YZ85,2016,Cross / motocross,0,0,0,85.0,190.0,71.2,4090.0
Yamaha YZF-R1,2016,Sport,200.0,0,112.4,998.0,220.0,199.1,16490.0
Yamaha YZF-R1M,2016,Sport,200.0,0,112.0,998.0,220.0,200.9,21990.0
Yamaha YZF-R1S,2016,Sport,200.0,0,112.0,998.0,220.0,203.2,14999.0
Yamaha YZF-R3,2016,Sport,42.0,0,29.6,321.0,220.0,166.9,4990.0
Yamaha YZF-R6,2016,Sport,123.5,0,67.5,599.0,220.0,189.2,10999.0
Yamaha Zuma 50F,2016,Scooter,0,0,0,49.0,0,93.0,2590.0
Yamaha Zuma 50FX,2016,Scooter,0,0,0,49.0,0,93.0,2590.0
ZEV 2700 L,2016,Scooter,4.8,48.3,0,0,0,0,2846.0
ZEV LRC 12.2,2016,Scooter,16.4,0,0,0,240.0,220.0,13999.0
ZEV LRC 15,2016,Scooter,20.1,133.6,0,0,240.0,220.0,13999.0
ZEV LRC 6,2016,Scooter,16.4,0,0,0,240.0,220.0,9100.0
ZEV M-13 S,2016,Sport,17.4,125.5,206.0,0,220.0,0,12490.0
ZEV S-3600,2016,Scooter,4.8,80.5,0,0,0,0,4205.0
ZEV S-4100,2016,Scooter,5.4,80.5,0,0,0,0,4324.0
ZEV S-6000 L,2016,Scooter,8.2,99.8,0,0,0,0,4595.0
ZEV S-6100,2016,Scooter,8.2,99.8,0,0,0,0,6549.0
ZEV S-7100,2016,Scooter,9.5,120.7,0,0,0,0,8275.0
ZEV S-8500 LR,2016,Scooter,11.4,125.5,0,0,0,344.3,8990.0
ZEV T-10,2016,Scooter,13.4,125.5,0,0,260.0,0,13625.0
ZEV T-5100,2016,Scooter,6.8,80.5,0,0,260.0,0,7185.0
ZEV T-6100,2016,Scooter,8.2,99.8,0,0,260.0,0,8190.0
ZEV T-8500,2016,Scooter,11.4,120.7,0,0,260.0,0,8895.0
Zero DSR,2016,Super motard,67.0,158.0,144.0,0,240.0,190.0,14395.0
Zero Engineering Type 9 EVO,2016,Classic,0,0,0,1311.1,0,259.9,28640.0
Zero Engineering Type 9 Shovel,2016,Classic,0,0,0,1524.1,0,259.9,30270.0
Zero FX,2016,Super motard,44.0,130.0,95.0,0,240.0,131.0,9899.0
Zero FXS,2016,Super motard,44.0,132.0,95.0,0,240.0,133.0,9890.0
Zero S Streetfighter,2016,Naked bike,54.0,153.0,92.0,0,240.0,171.0,9895.0
Zero SR,2016,Sport,67.0,164.0,144.0,0,240.0,188.0,14395.0
Znen TBX 150,2016,Scooter,8.1,88.5,8.4,149.0,0,0,1299.0
Znen TBX 260,2016,Scooter,14.8,0,13.0,257.0,0,0,2599.0
Znen V9 150,2016,Scooter,8.1,88.5,8.4,149.0,0,0,1399.0
Znen Zenking 150,2016,Scooter,8.1,88.5,8.4,149.0,0,0,1699.0
Aprilia Mana 850 GT ABS,2015,Allround,75.1,0,73.0,839.3,260.0,0,11199.0
Aprilia SR 50 R Factory,2015,Scooter,5.4,0,4.7,49.0,190.0,0,3299.0
Aprilia Scarabeo 100 4T,2015,Scooter,0,0,0,96.2,140.0,0,2799.0
Aprilia Scarabeo 100 4T,2015,Scooter,0,0,0,96.2,140.0,0,2799.0
Aprilia Scarabeo 200ie,2015,Scooter,19.0,0,17.2,181.0,240.0,0,3499.0
Aprilia Scarabeo 200ie,2015,Scooter,19.0,0,17.2,181.0,240.0,0,3499.0
BamX BX125 DB1 Enforcer,2015,Minibike-cross,6.5,0,8.5,124.0,0,60.0,1299.0
BamX BX125 DB2 Renegade,2015,Minibike-cross,6.5,0,8.5,124.0,0,61.0,1399.0
BamX BX125 DB3 Outlaw,2015,Minibike-cross,6.5,0,8.5,124.0,0,0,1599.0
BamX BX200-DB Outback,2015,Enduro / offroad,16.1,0,13.0,196.0,0,0,1499.0
BamX BX50-DB Pee Wee,2015,Minibike-cross,2.0,0,2.8,49.5,0,0,849.0
BamX BX70-DB Trailstar,2015,Minibike-cross,3.6,0,4.2,72.0,0,0,999.0
Bennche Gray Wolf 500,2015,ATV,22.8,0,0,471.0,0,349.0,6099.0
Bennche Gray Wolf 700,2015,ATV,33.5,0,0,686.0,0,0,6999.0
Big Bear Choppers Athena Chopper 111 Carb,2015,Custom / cruiser,115.8,0,166.5,1819.1,0,0,45600.0
Big Bear Choppers Athena Chopper 111 EFI,2015,Custom / cruiser,115.8,0,166.5,1819.1,0,0,49000.0
Big Bear Choppers Athena ProStreet 111 Carb,2015,Custom / cruiser,115.8,0,166.5,1819.1,0,0,45600.0
Big Bear Choppers Athena ProStreet 111 EFI,2015,Custom / cruiser,115.8,0,166.5,1819.1,0,0,49000.0
Big Bear Choppers Bear Bones 111 Smooth Carb,2015,Custom / cruiser,115.0,0,122.8,1802.7,0,0,38000.0
Big Bear Choppers Bear Bones 111 Smooth EFI,2015,Custom / cruiser,115.0,0,122.8,1819.1,0,0,38000.0
Big Bear Choppers Devils Advocate Chopper 111 Carb,2015,Custom / cruiser,115.8,0,166.5,1819.1,0,0,43900.0
Big Bear Choppers Devils Advocate Chopper 111 EFI,2015,Custom / cruiser,115.8,0,166.5,1819.1,0,0,47300.0
Big Bear Choppers Merc Rigid 111 Carb,2015,Custom / cruiser,115.8,0,166.5,1819.1,0,0,41900.0
Big Bear Choppers Merc Softail 111 Carb,2015,Custom / cruiser,115.8,0,166.5,1819.1,0,0,43900.0
Big Bear Choppers Rage 111 Carb,2015,Custom / cruiser,115.8,0,166.5,1819.1,0,0,39900.0
Big Bear Choppers Rage 111 EFI,2015,Custom / cruiser,115.8,0,166.5,1819.1,0,0,41900.0
Big Bear Choppers Redemption 111 Carb,2015,Custom / cruiser,115.8,0,166.5,1819.1,0,0,43900.0
Big Bear Choppers Redemption 111 EFI,2015,Custom / cruiser,115.8,0,166.5,1819.1,0,0,45900.0
Big Bear Choppers Sled Chopper 111 Carb,2015,Custom / cruiser,115.8,0,166.5,1819.1,0,0,43900.0
Big Bear Choppers Sled Chopper 111 EFI,2015,Custom / cruiser,115.8,0,166.5,1819.1,0,0,45900.0
Big Bear Choppers Sled ProStreet 111  Carb,2015,Custom / cruiser,115.8,0,166.5,1819.1,0,0,43900.0
Big Bear Choppers Sled ProStreet 111  EFI,2015,Custom / cruiser,115.8,0,166.5,1819.1,0,0,45900.0
Big Bear Choppers Titanium,2015,Touring,115.8,0,166.5,1819.1,0,0,37900.0
Big Bear Choppers Venom Chopper 111 Carb,2015,Custom / cruiser,115.8,0,166.5,1819.1,0,0,43900.0
Big Bear Choppers Venom Chopper 111 EFI,2015,Custom / cruiser,115.8,0,166.5,1819.1,0,0,45900.0
Big Bear Choppers Venom ProStreet 111 Carb,2015,Custom / cruiser,115.8,0,166.5,1819.1,0,0,43900.0
Big Bear Choppers Venom ProStreet 111 EFI,2015,Custom / cruiser,115.8,0,166.5,1819.1,0,0,45900.0
Brudeli 654L,2015,Allround,63.0,170.0,65.0,654.7,240.0,0,25000.0
California Scooter Cyclone RX-3,2015,Touring,24.8,0,22.5,250.0,258.0,0,3495.0
Confederate X132 Hellcat Speedster,2015,Naked bike,120.0,277.1,189.8,2163.2,0,0,69000.0
Di Blasi Express ,2015,Allround,1.3,48.3,0,49.9,89.0,0,2000.0
Enfield Bullet 500 B5,2015,Classic,0,0,40.9,499.0,153.0,193.0,4999.0
Enfield Bullet 500 G5 Deluxe,2015,Classic,0,0,41.3,499.0,153.0,187.0,5399.0
Enfield Classic 500 C5 Chrome,2015,Classic,0,120.0,41.3,499.0,153.0,187.0,5699.0
Enfield Classic 500 C5 Military,2015,Classic,0,120.0,41.3,499.0,153.0,187.0,5499.0
Harley-Davidson CVO Limited,2015,Touring,96.6,0,156.0,1801.0,0,428.0,39349.0
Harley-Davidson CVO Road Glide Ultra,2015,Touring,96.6,0,156.0,1801.0,0,385.0,39643.0
Harley-Davidson CVO Softail Deluxe,2015,Custom / cruiser,0,0,146.0,1801.0,0,354.7,28999.0
Harley-Davidson CVO Street Glide,2015,Touring,96.6,0,156.0,1801.0,0,395.0,36349.0
Harley-Davidson Dyna Fat Bob,2015,Custom / cruiser,0,0,132.0,1688.0,0,320.2,15699.0
Harley-Davidson Dyna Fat Bob Dark Custom,2015,Custom / cruiser,0,0,135.6,1688.0,0,320.2,15699.0
Harley-Davidson Dyna Low Rider,2015,Custom / cruiser,75.1,0,126.0,1690.0,0,302.1,14195.0
Harley-Davidson Dyna Street Bob,2015,Custom / cruiser,76.4,0,130.0,1690.0,0,304.8,13449.0
Harley-Davidson Dyna Street Bob Dark Custom,2015,Custom / cruiser,76.4,0,134.0,1690.0,0,304.8,13499.0
Harley-Davidson Dyna Switchback,2015,Touring,75.1,0,126.0,1690.0,0,325.7,16999.0
Harley-Davidson Dyna Wide Glide,2015,Custom / cruiser,77.8,0,132.0,1688.0,0,309.8,15799.0
Harley-Davidson Electra Glide Ultra Classic,2015,Touring,85.8,0,138.0,1688.0,0,413.2,23249.0
Harley-Davidson Electra Glide Ultra Classic Low,2015,Touring,85.8,0,138.0,1688.0,0,413.2,24399.0
Harley-Davidson Electra Glide Ultra Limited,2015,Touring,85.8,0,138.0,1688.0,0,413.2,26099.0
Harley-Davidson Electra Glide Ultra Limited Low,2015,Touring,85.8,0,138.0,1688.0,0,413.2,26999.0
Harley-Davidson Freewheeler,2015,Custom / cruiser,85.8,0,142.0,1689.6,0,0.5,24999.0
Harley-Davidson Heritage Softail Classic,2015,Touring,73.8,0,130.0,1690.0,0,341.1,18349.0
Harley-Davidson Road Glide,2015,Touring,85.8,0,138.0,1688.0,0,385.0,20889.0
Harley-Davidson Road Glide Special,2015,Touring,85.8,0,138.0,1688.0,0,385.0,23199.0
Harley-Davidson Road King,2015,Touring,85.8,0,138.0,1688.0,0,367.9,18449.0
Harley-Davidson Softail Breakout,2015,Custom / cruiser,75.1,0,130.0,1690.0,0,322.0,18599.0
Harley-Davidson Softail Deluxe,2015,Custom / cruiser,77.8,0,132.0,1688.0,0,330.0,18099.0
Harley-Davidson Softail Fat Boy,2015,Custom / cruiser,77.8,0,132.0,1690.0,0,330.2,17699.0
Harley-Davidson Softail Fat Boy Lo,2015,Custom / cruiser,0,0,132.0,1688.0,0,330.2,17499.0
Harley-Davidson Softail Slim,2015,Custom / cruiser,77.8,0,132.0,1690.0,0,317.5,15899.0
Harley-Davidson Sportster 1200 Custom,2015,Custom / cruiser,67.1,0,96.0,1201.3,0,259.9,10649.0
Harley-Davidson Sportster Forty-Eight,2015,Custom / cruiser,67.1,0,96.0,1201.3,0,259.9,10749.0
Harley-Davidson Sportster Forty-Eight Dark Custom,2015,Custom / cruiser,0,0,107.1,1201.3,0,259.9,10749.0
Harley-Davidson Sportster Iron 883,2015,Custom / cruiser,52.3,0,73.0,883.3,300.0,260.0,8399.0
Harley-Davidson Sportster Iron 883 Dark Custom,2015,Custom / cruiser,52.3,0,74.6,883.3,0,260.0,8399.0
Harley-Davidson Sportster Seventy-Two,2015,Custom / cruiser,65.7,0,96.0,1201.3,0,251.7,10849.0
Harley-Davidson Sportster Seventy-Two Dark Custom,2015,Custom / cruiser,65.7,0,96.0,1202.0,260.0,251.7,10849.0
Harley-Davidson Sportster SuperLow  1200T,2015,Touring,67.1,0,96.0,1200.0,0,0,11799.0
Harley-Davidson Sportster Superlow,2015,Custom / cruiser,52.3,0,73.0,883.3,0,255.0,8249.0
Harley-Davidson Street 500,2015,Custom / cruiser,0,0,40.0,491.6,0,221.8,6799.0
Harley-Davidson Street 750,2015,Custom / cruiser,0,0,60.3,753.9,0,221.8,7495.0
Harley-Davidson Street Glide,2015,Touring,85.8,0,138.0,1688.0,0,367.9,20599.0
Harley-Davidson Street Glide Special,2015,Touring,85.8,0,138.0,1688.0,0,367.9,22899.0
Harley-Davidson Tri Glide Ultra,2015,Touring,85.8,0,138.0,1688.0,0,567.0,32999.0
Harley-Davidson V-Rod Muscle,2015,Custom / cruiser,119.4,0,116.6,1247.0,0,307.1,16149.0
Harley-Davidson V-Rod Night Rod Special,2015,Naked bike,120.7,0,111.0,1247.0,0,302.1,16549.0
Honda 400X,2015,ATV,0,0,0,397.0,220.0,185.1,6400.0
Honda CB1100,2015,Classic,0,0,0,1140.0,256.0,244.9,10399.0
Honda CB1100 DLX,2015,Classic,0,0,0,1140.0,256.0,0,118999.0
Honda CB300F,2015,Naked bike,0,0,0,286.0,220.0,157.9,3999.0
Honda CB400 Super Bol Dor,2015,Sport,52.3,0,38.0,399.0,235.0,0,10200.0
Honda CBR 300R,2015,Sport,30.4,0,27.0,286.0,220.0,164.0,4399.0
Honda CBR 300R ABS,2015,Sport,30.4,0,27.0,286.0,220.0,164.0,4899.0
Honda CBR1000RR,2015,Sport,0,0,0,999.0,220.0,200.0,13999.0
Honda CBR1000RR ABS,2015,Sport,0,0,0,999.0,220.0,200.0,14999.0
Honda CBR1000RR SP Repsol Edition,2015,Sport,0,0,0,999.0,220.0,200.0,17299.0
Honda CBR250R,2015,Sport,34.9,0,22.9,249.6,220.0,165.0,4199.0
Honda CBR250R ABS,2015,Sport,34.9,0,22.9,249.6,220.0,166.0,4699.0
Honda CBR250R Repsol Edition,2015,Sport,34.9,0,22.9,249.6,220.0,165.0,4699.0
Honda CBR600RR,2015,Sport,0,0,0,599.0,220.0,186.0,11490.0
Honda CBR600RR ABS,2015,Sport,0,0,0,599.0,220.0,186.0,12490.0
Honda CBR650F,2015,Sport,136.8,0,64.0,649.0,240.0,199.0,8499.0
Honda CBR650F ABS,2015,Sport,136.8,0,64.0,649.0,240.0,211.8,8999.0
Honda CRF100F,2015,Enduro / offroad,0,0,0,99.0,99.0,77.1,2880.0
Honda CRF110F,2015,Enduro / offroad,7.2,0,8.9,109.0,109.0,73.9,2099.0
Honda CRF125F,2015,Cross / motocross,23.5,0,14.1,124.9,125.0,88.0,2799.0
Honda CRF150F,2015,Enduro / offroad,0,0,0,149.0,149.0,106.1,3699.0
Honda CRF150F Big Wheel,2015,Enduro / offroad,0,0,0,149.0,149.0,108.0,3199.0
Honda CRF150R,2015,Cross / motocross,0,0,0,149.0,190.0,83.9,4990.0
Honda CRF150R Expert,2015,Cross / motocross,24.5,0,14.4,149.7,190.0,84.8,5140.0
Honda CRF150R II,2015,Cross / motocross,24.5,0,14.4,149.7,190.0,84.8,5100.0
Honda CRF230F,2015,Enduro / offroad,0,0,0,223.0,223.0,112.9,4199.0
Honda CRF250L,2015,Enduro / offroad,22.8,0,22.0,249.6,220.0,145.2,4999.0
Honda CRF250R,2015,Cross / motocross,51.4,0,47.7,249.0,240.0,104.8,7599.0
Honda CRF250X,2015,Enduro / offroad,0,0,0,249.0,240.0,115.2,7410.0
Honda CRF450R,2015,Cross / motocross,51.4,170.0,47.7,449.7,220.0,111.0,8699.0
Honda CRF450X,2015,Enduro / offroad,0,0,0,449.0,240.0,122.0,8440.0
Honda CRF50F,2015,Enduro / offroad,0,0,0,49.0,0,0,1399.0
Honda CRF70F,2015,Enduro / offroad,0,0,0,72.0,0,63.1,1960.0
Honda CRF80F,2015,Enduro / offroad,0,0,0,80.0,0,73.9,2470.0
Honda CTX1300,2015,Custom / cruiser,0,0,0,1261.0,315.0,328.5,15999.0
Honda CTX1300 Deluxe,2015,Custom / cruiser,0,0,0,1261.0,315.0,333.0,17499.0
Honda Forza,2015,Scooter,22.0,0,22.0,248.0,240.0,0,5599.0
Honda FourTrax Foreman 4x4,2015,ATV,0,0,0,475.0,160.0,0,7099.0
Honda FourTrax Foreman Rubicon 4x4,2015,ATV,0,0,0,499.0,180.0,0,7799.0
Honda FourTrax Rancher 4x4,2015,ATV,0,0,0,420.0,160.0,275.8,5199.0
Honda FourTrax Recon,2015,ATV,0,0,0,229.0,229.0,196.0,3949.0
Honda FourTrax Rincon,2015,ATV,0,0,0,675.0,180.0,293.9,9299.0
Honda Fury,2015,Custom / cruiser,0,0,89.5,1312.0,296.0,300.7,13390.0
Honda Fury ABS,2015,Custom / cruiser,0,0,89.5,1312.0,296.0,312.0,14399.0
Honda Gold Wing Airbag,2015,Touring,0,0,0,1832.0,316.0,423.2,30599.0
Honda Gold Wing Audio Comfort,2015,Touring,0,0,0,1832.0,316.0,415.5,23999.0
Honda Gold Wing Audio Comfort Navi XM,2015,Touring,0,0,0,1832.0,316.0,410.1,26899.0
Honda Gold Wing F6B,2015,Touring,0,0,0,1832.0,316.0,381.9,19999.0
Honda Gold Wing Valkyrie,2015,Custom / cruiser,0,0,0,1832.0,316.0,341.1,17999.0
Honda Interceptor,2015,Sport,0,0,0,782.0,256.0,240.0,12499.0
Honda Interceptor DLX,2015,Sport,0,0,0,782.0,256.0,249.0,13499.0
Honda Interstate,2015,Touring,0,0,0,1312.0,296.0,323.0,13240.0
Honda Interstate ABS,2015,Touring,0,0,0,1312.0,296.0,323.0,14240.0
Honda Metropolitan,2015,Scooter,0,0,0,49.0,0,81.2,1999.0
Honda Montesa Cota 4RT 260,2015,Trial,0,0,0,259.0,150.0,74.3,7799.0
Honda Montesa Cota 4RT Race Replica,2015,Trial,0,0,0,259.0,150.0,74.3,9499.0
Honda NC700X,2015,Super motard,0,0,0,670.0,240.0,214.1,7999.0
Honda NC700X DCT ABS,2015,Super motard,0,0,0,670.0,240.0,219.0,8799.0
Honda NM4,2015,Super motard,0,0,0,670.0,240.0,254.9,10999.0
Honda PCX150,2015,Scooter,0,0,0,153.0,153.0,129.7,3449.0
Honda RC213V-S,2015,Prototype / concept model,230.0,350.0,0,1000.0,0,0,100000.0
Honda Rebel,2015,Custom / cruiser,0,0,0,234.0,234.0,150.1,4190.0
Honda Ruckus,2015,Scooter,0,0,0,49.0,0,88.0,2649.0
Honda ST1300 ABS,2015,Sport touring,0,0,0,1261.0,316.0,331.0,18230.0
Honda Sabre,2015,Custom / cruiser,0,0,0,1312.0,296.0,301.2,12250.0
Honda Sabre ABS,2015,Custom / cruiser,0,0,0,1312.0,296.0,311.0,13250.0
Honda Shadow Aero,2015,Custom / cruiser,0,0,0,745.0,180.0,254.0,7499.0
Honda Shadow Aero ABS,2015,Custom / cruiser,0,0,0,745.0,180.0,260.0,8499.0
Honda Shadow Phantom,2015,Custom / cruiser,0,0,0,745.0,296.0,249.0,7499.0
Honda Shadow RS,2015,Custom / cruiser,0,0,0,745.0,296.0,228.2,7499.0
Honda Shadow Spirit 750,2015,Custom / cruiser,0,0,79.0,745.0,296.0,243.1,7499.0
Honda Shadow Spirit 750 ABS,2015,Custom / cruiser,0,0,79.0,745.0,296.0,249.0,8499.0
Honda Silver Wing,2015,Scooter,49.6,0,54.0,582.0,240.0,247.0,9270.0
Honda Stateline,2015,Custom / cruiser,0,0,0,1312.0,296.0,304.8,12150.0
Honda Stateline ABS,2015,Custom / cruiser,0,0,0,1312.0,296.0,309.0,13150.0
Honda TRX250X,2015,ATV,0,0,0,229.0,229.0,171.9,4499.0
Honda TRX400X,2015,ATV,0,0,0,397.0,220.0,185.1,6399.0
Honda TRX450R,2015,ATV,0,0,0,450.0,190.0,176.0,7799.0
Honda TRX90X,2015,ATV,0,0,0,86.0,0,118.8,2299.0
Honda VFR1200F,2015,Sport,0,0,0,1237.0,276.0,268.1,15999.0
Honda VFR1200F DCT,2015,Sport,0,0,0,1237.0,276.0,268.1,17499.0
Honda VFR1200X Crosstourer,2015,Sport touring,127.4,0,126.0,1237.0,276.0,275.0,19360.0
Honda Wave 110 Alpha,2015,Scooter,7.2,0,8.5,109.2,0,0,44900.0
Honda XR650L,2015,Enduro / offroad,0,0,0,644.0,0,156.9,6690.0
Indian Chieftain,2015,Custom / cruiser,0,0,138.9,1811.0,300.0,385.0,22900.0
Indian Roadmaster,2015,Touring,0,0,138.9,1811.0,300.0,421.0,26999.0
Indian Scout,2015,Custom / cruiser,100.0,0,97.7,1130.8,298.0,0,10999.0
KTM 1050 Adventure,2015,Allround,94.0,0,0,1050.0,267.0,0,10999.0
KTM 1290 Super Adventure,2015,Allround,160.0,0,0,1301.0,267.0,0,15999.0
Kawasaki Brute Force  300,2015,ATV,0,0,0,271.0,100.0,243.0,4299.0
Kawasaki Brute Force  750 4x4i,2015,ATV,0,0,0,749.0,200.0,310.1,8990.0
Kawasaki Brute Force  750 4x4i EPS,2015,ATV,0,0,0,749.0,200.0,315.1,9999.0
Kawasaki Brute Force  750 4x4i EPS Camo,2015,ATV,0,0,0,749.0,200.0,315.1,10599.0
Kawasaki Concours  14 ABS,2015,Sport touring,0,0,138.3,1352.0,270.0,312.1,15499.0
Kawasaki KFX50,2015,ATV,0,0,0,49.5,0,108.9,2000.0
Kawasaki KFX90,2015,ATV,0,0,0,89.0,0,118.8,2800.0
Kawasaki KLR 650,2015,Super motard,0,0,0,651.0,280.0,196.0,6599.0
Kawasaki KLX 110,2015,Enduro / offroad,0,0,0,111.0,0,76.2,2299.0
Kawasaki KLX 110L,2015,Enduro / offroad,0,0,0,111.0,0,76.2,2499.0
Kawasaki KLX 140,2015,Enduro / offroad,0,0,0,144.0,186.0,93.0,3099.0
Kawasaki KLX 140L,2015,Enduro / offroad,0,0,0,144.0,186.0,95.0,3399.0
Kawasaki KLX 250S,2015,Super motard,0,0,0,249.0,240.0,135.0,5099.0
Kawasaki KX 100,2015,Cross / motocross,0,0,0,99.0,0,71.0,4599.0
Kawasaki KX 250F,2015,Cross / motocross,0,0,0,249.0,240.0,106.0,7599.0
Kawasaki KX 450F,2015,Cross / motocross,0,0,0,449.0,240.0,112.5,8699.0
Kawasaki KX 65,2015,Cross / motocross,0,0,0,64.7,0,60.0,3699.0
Kawasaki KX 85,2015,Cross / motocross,0,0,0,84.0,0,69.0,4349.0
Kawasaki Ninja  1000 ABS,2015,Sport,0,0,0,1043.0,250.0,231.1,11990.0
Kawasaki Ninja  300 ABS,2015,Sport,0,0,0,296.0,220.0,174.0,5299.0
Kawasaki Ninja  300 SE,2015,Sport,38.9,0,27.0,296.0,220.0,172.0,5199.0
Kawasaki Ninja  650 ABS,2015,Sport,0,0,0,649.0,220.0,211.1,7599.0
Kawasaki Ninja  ZX-10R ABS,2015,Sport,0,0,0,998.0,220.0,201.0,15299.0
Kawasaki Ninja  ZX-10R ABS 30th Anniversary,2015,Sport,0,0,0,998.0,220.0,201.0,15599.0
Kawasaki Ninja  ZX-14R ABS 30th Anniversary,2015,Sport,0,0,0,1441.0,250.0,268.0,15899.0
Kawasaki Ninja  ZX-6R ABS 30th Anniversary,2015,Sport,0,0,0,636.0,220.0,194.1,12999.0
Kawasaki Ninja H2R,2015,Sport,0,0,0,998.0,250.0,216.1,50000.0
Kawasaki Ninja ZX-6R 636 ABS 30th Anniversary,2015,Sport,131.0,0,71.0,636.0,220.0,194.0,12999.0
Kawasaki Ninja ZX-6R ABS,2015,Sport,129.3,0,71.0,636.0,220.0,194.1,12699.0
Kawasaki VN1700 Classic Tourer,2015,Touring,72.4,0,136.0,1700.0,300.0,382.0,16399.0
Kawasaki Versys 1000LT,2015,Sport touring,116.4,0,102.0,1043.0,250.0,249.0,12799.0
Kawasaki Versys 650LT,2015,Sport touring,0,0,44.8,649.0,220.0,206.0,8699.0
Kawasaki Vulcan  1700 Vaquero  ABS,2015,Touring,0,0,146.5,1700.0,300.0,383.1,16999.0
Kawasaki Vulcan  1700 Voyager  ABS,2015,Touring,0,0,146.5,1700.0,300.0,406.1,17399.0
Kawasaki Vulcan  900 Classic,2015,Custom / cruiser,0,0,78.9,903.0,300.0,281.1,7999.0
Kawasaki Vulcan  900 Classic LT,2015,Touring,0,0,78.9,903.0,300.0,298.1,8999.0
Kawasaki Vulcan  900 Custom,2015,Custom / cruiser,0,0,78.9,903.0,300.0,277.1,8499.0
Kawasaki Vulcan  S ABS,2015,Custom / cruiser,0,0,0,649.0,250.0,226.0,7399.0
Kawasaki Z1000 ABS,2015,Naked bike,140.1,0,111.0,1043.0,250.0,223.0,11999.0
Marine Turbine Technologies Superbike,2015,Sport,320.0,402.3,576.3,0,320.0,0,175000.0
Matchless Model X Reloaded,2015,Naked bike,0,0,0,1916.0,0,0,55000.0
Moto Guzzi California 1400 Custom,2015,Custom / cruiser,95.2,0,120.0,1380.0,282.0,318.0,15490.0
Moto Guzzi California 1400 Touring,2015,Touring,96.0,0,120.0,1380.0,280.0,370.0,18490.0
Moto Guzzi Griso 8V SE,2015,Naked bike,110.0,0,108.0,1064.0,282.0,222.0,12990.0
Moto Guzzi Norge GT 8V,2015,Sport touring,102.0,0,104.0,1151.0,282.0,0,16290.0
Moto Guzzi Stelvio 1200 NTX,2015,Super motard,105.0,0,113.0,1151.0,282.0,272.0,15990.0
Moto Guzzi V7 II Racer,2015,Classic,49.6,0,57.9,744.0,260.0,190.0,8634.0
Moto Guzzi V7 Racer,2015,Classic,49.6,0,57.9,744.0,260.0,179.0,10490.0
Moto Guzzi V7 Racer Verde Legnano SE,2015,Classic,50.0,0,57.9,744.0,260.0,198.0,10999.0
Moto Guzzi V7 Special,2015,Classic,49.6,0,57.9,744.0,260.0,179.0,9290.0
Moto Guzzi V7 Stone,2015,Classic,49.6,0,57.9,744.0,260.0,179.0,8490.0
NCR M4,2015,Sport,107.0,0,115.0,1100.0,200.0,0,49900.0
Rokon Rokon for Hunters,2015,Enduro / offroad,7.0,56.0,12.4,208.0,0,0,7639.0
Rokon Scout,2015,Enduro / offroad,7.0,0,12.4,208.0,0,0,6500.0
Rokon Trail-Breaker,2015,Enduro / offroad,7.0,56.0,12.4,208.0,0,0,7350.0
Sucker Punch Sallys 66 Bobber,2015,Custom / cruiser,0,0,0,1337.3,0,0,21995.0
Sucker Punch Sallys Hot Rod,2015,Custom / cruiser,0,0,0,1527.0,0,0,27990.0
Sucker Punch Sallys Slim,2015,Custom / cruiser,0,0,0,1638.8,0,0,25990.0
Sucker Punch Sallys Special,2015,Custom / cruiser,0,0,0,1337.3,0,0,18990.0
Sucker Punch Sallys Swinger,2015,Custom / cruiser,0,0,0,1442.2,0,0,24990.0
Sucker Punch Sallys Traditional Bobber,2015,Custom / cruiser,0,0,0,1337.3,0,0,19995.0
Suzuki Boulevard C50,2015,Custom / cruiser,53.0,160.0,69.0,805.0,0,277.1,8190.0
Suzuki Boulevard C50 B O S S,2015,Custom / cruiser,79.0,0,131.0,805.0,275.0,277.1,12389.0
Suzuki Boulevard C50T,2015,Touring,53.0,0,69.0,805.0,0,292.1,9399.0
Suzuki Boulevard C90 B O S S,2015,Custom / cruiser,0,0,0,1462.0,0,362.9,12389.0
Suzuki Boulevard C90T,2015,Touring,58.0,0,131.0,1462.0,275.0,362.9,12899.0
Suzuki Boulevard M109R B O S S,2015,Custom / cruiser,125.0,0,160.0,1783.0,275.0,347.0,14999.0
Suzuki Boulevard M50,2015,Custom / cruiser,53.0,0,69.0,805.0,180.0,269.0,8599.0
Suzuki Boulevard M90,2015,Custom / cruiser,79.0,0,131.0,1462.0,180.0,328.0,11190.0
Suzuki Boulevard S40,2015,Custom / cruiser,0,0,0,652.0,0,173.0,5499.0
Suzuki Burgman 200 ABS,2015,Scooter,0,0,0,200.0,0,163.0,4499.0
Suzuki Burgman 400 ABS,2015,Scooter,0,0,0,398.0,0,222.0,7999.0
Suzuki Burgman 650 ABS,2015,Scooter,56.0,160.0,62.0,638.0,100.0,277.0,10999.0
Suzuki Burgman 650 Executive,2015,Scooter,56.0,160.0,62.0,638.0,100.0,277.0,10999.0
Suzuki DR-Z125L,2015,Enduro / offroad,0,0,0,124.0,0,89.0,3199.0
Suzuki DR-Z400S,2015,Enduro / offroad,0,0,0,398.0,0,144.0,6599.0
Suzuki DR-Z400SM,2015,Super motard,0,0,0,398.0,0,146.0,7189.0
Suzuki DR-Z70,2015,Enduro / offroad,0,0,0,67.0,0,55.0,1799.0
Suzuki DR200S,2015,Enduro / offroad,0,0,0,198.0,0,126.0,4499.0
Suzuki DR650S,2015,Super motard,0,0,0,644.0,0,166.0,6499.0
Suzuki GSX-R1000,2015,Sport,185.0,0,117.0,999.0,220.0,203.0,13899.0
Suzuki GSX-R600,2015,Sport,125.0,0,69.5,599.0,0,187.0,11190.0
Suzuki GSX-R750,2015,Sport,150.0,0,86.2,750.0,220.0,190.0,12999.0
Suzuki GSX-S750,2015,Sport,106.0,0,80.0,749.0,220.0,213.2,7999.0
Suzuki GSX-S750Z,2015,Sport,106.0,0,80.0,749.0,220.0,213.0,8140.0
Suzuki GW250,2015,Allround,24.0,0,22.0,248.0,0,182.8,4099.0
Suzuki GW250F,2015,Sport,24.0,0,22.0,248.0,0,189.0,4499.0
Suzuki GW250Z,2015,Allround,24.0,0,22.0,248.0,0,183.0,4099.0
Suzuki Hayabusa,2015,Sport,197.0,0,155.0,1340.0,320.0,0,14599.0
Suzuki RM-Z250,2015,Cross / motocross,0,0,0,249.0,0,106.5,7599.0
Suzuki RM-Z450,2015,Cross / motocross,0,0,0,449.0,0,113.0,8749.0
Suzuki RM85,2015,Cross / motocross,0,0,0,84.7,0,73.0,4099.0
Suzuki SFV650,2015,Naked bike,0,0,0,645.0,240.0,202.0,7699.0
Suzuki TU250X,2015,Allround,24.0,135.0,0,248.0,0,148.0,4399.0
Suzuki V-Strom 1000 ABS,2015,Super motard,100.0,0,103.0,996.0,260.0,228.0,12699.0
Suzuki V-Strom 1000 ABS Adventure,2015,Super motard,100.0,0,103.0,1037.0,0,228.0,13999.0
Suzuki V-Strom 1000 Desert,2015,Super motard,100.0,0,103.0,1037.0,260.0,228.0,10599.0
Suzuki V-Strom 1000 Sport,2015,Super motard,100.0,0,103.0,1037.0,260.0,228.0,9799.0
Suzuki V-Strom 650 ABS Adventure,2015,Super motard,69.0,185.0,60.0,645.0,0,214.0,10499.0
Suzuki V-Strom 650XT ABS,2015,Super motard,69.0,185.0,69.0,645.0,0,0,10399.0
Suzuki V-Strom 650XT ABS Adventure,2015,Super motard,69.0,185.0,69.0,645.0,0,0,10399.0
Triumph America,2015,Custom / cruiser,61.0,0,72.0,865.0,285.0,250.0,8399.0
Triumph America LT,2015,Touring,61.0,0,72.0,865.0,285.0,270.0,9799.0
Triumph Bonneville,2015,Classic,68.0,0,68.0,865.0,255.0,225.0,80999.0
Triumph Bonneville T100,2015,Classic,66.0,0,67.8,865.0,255.0,225.0,93900.0
Triumph Bonneville T100 Black,2015,Classic,66.0,0,67.8,865.0,255.0,225.0,8999.0
Triumph Daytona 675,2015,Sport,128.0,0,74.0,675.0,220.0,187.0,11990.0
Triumph Daytona 675 R ABS,2015,Sport,128.0,0,74.0,675.0,220.0,189.0,13999.0
Triumph Rocket III Roadster,2015,Custom / cruiser,148.0,0,221.0,2294.0,316.0,367.0,15499.0
Triumph Rocket III Touring,2015,Touring,148.0,0,221.0,2294.0,316.0,395.0,16999.0
Triumph Scrambler,2015,Classic,59.0,0,68.0,865.0,255.0,230.0,9099.0
Triumph Speed Triple ABS,2015,Naked bike,135.0,0,111.0,1050.0,255.0,214.0,12799.0
Triumph Speed Triple R ABS,2015,Naked bike,135.0,0,111.0,1050.0,255.0,212.0,14699.0
Triumph Speedmaster,2015,Custom / cruiser,61.0,0,72.0,865.0,285.0,250.0,8399.0
Triumph Street Triple ABS,2015,Naked bike,106.0,0,68.0,675.0,255.0,183.0,9399.0
Triumph Street Triple R ABS,2015,Naked bike,106.0,0,68.0,675.0,255.0,183.0,10399.0
Triumph Street Triple Rx,2015,Naked bike,106.0,0,68.0,675.0,255.0,183.0,11199.0
Triumph Thruxton,2015,Classic,69.0,0,69.0,865.0,255.0,230.0,9499.0
Triumph Thunderbird,2015,Custom / cruiser,86.0,0,146.0,1597.0,310.0,339.0,13499.0
Triumph Thunderbird Commander ABS,2015,Custom / cruiser,94.0,0,146.0,1699.0,310.0,339.0,15999.0
Triumph Thunderbird LT ABS,2015,Touring,94.0,0,146.0,1699.0,310.0,380.0,16999.0
Triumph Thunderbird Nightstorm,2015,Custom / cruiser,98.0,0,156.0,1699.0,310.0,339.0,14999.0
Triumph Thunderbird Storm ABS,2015,Custom / cruiser,98.0,0,156.0,1699.0,310.0,339.0,14999.0
Triumph Tiger 800 ABS,2015,Super motard,95.0,0,79.0,799.0,255.0,218.0,12399.0
Triumph Tiger 800 XC,2015,Super motard,95.0,0,79.0,799.0,255.0,215.0,11990.0
Triumph Tiger 800 XC SE ABS,2015,Super motard,95.0,0,79.0,799.0,255.0,215.0,12499.0
Triumph Tiger 800 XCx,2015,Super motard,95.0,0,79.0,799.0,255.0,215.0,13499.0
Triumph Tiger 800 XR,2015,Super motard,95.0,0,79.0,799.0,255.0,215.0,11390.0
Triumph Tiger 800 XRx,2015,Super motard,95.0,0,79.0,799.0,255.0,215.0,12499.0
Triumph Tiger Explorer,2015,Allround,137.0,0,121.0,1215.0,282.0,259.0,15899.0
Triumph Tiger Explorer XC ABS,2015,Allround,137.0,0,121.0,1215.0,190.0,265.5,17499.0
Triumph Trophy SE ABS,2015,Touring,134.0,0,120.0,1215.0,282.0,315.0,19499.0
Ural Gear Up,2015,Classic,41.0,0,52.0,749.0,0,0,15999.0
Ural M70,2015,Classic,41.0,105.0,42.0,749.0,0,0,15999.0
Ural Patrol,2015,Classic,41.0,0,42.0,749.0,245.0,0,15599.0
Ural cT,2015,Classic,41.0,100.0,42.0,745.0,0,0,12999.0
Vespa GTS 300,2015,Scooter,21.1,128.8,22.3,278.0,220.0,0,6599.0
Vespa GTS 300  Super,2015,Scooter,21.1,128.8,22.3,278.0,220.0,0,6599.0
Vespa PX 150,2015,Scooter,0,87.0,0,150.0,150.0,106.0,3930.0
Vespa Primavera 150,2015,Scooter,12.7,95.0,12.8,155.0,140.0,0,4899.0
Vespa Primavera 50,2015,Scooter,0,64.4,0,49.9,140.0,0,3599.0
Vespa Primavera ABS 150,2015,Scooter,12.7,95.0,12.8,155.0,140.0,0,4899.0
Vespa Sprint 150,2015,Scooter,12.7,95.0,12.8,155.0,140.0,0,5199.0
Vespa Sprint 150 ABS,2015,Scooter,12.7,95.0,12.8,155.0,140.0,0,5099.0
Vespa Sprint 50,2015,Scooter,0,64.4,0,49.9,140.0,0,3699.0
Victory Boardwalk,2015,Custom / cruiser,0,0,0,1737.1,300.0,0,14999.0
Victory Cross Country,2015,Touring,0,0,0,1737.1,300.0,0,18999.0
Victory Cross Country 8-Ball,2015,Custom / cruiser,0,0,0,1737.1,300.0,0,17999.0
Victory Cross Country Tour,2015,Touring,0,0,143.7,1737.1,300.0,0,21999.0
Victory Gunner,2015,Custom / cruiser,0,0,149.2,1737.1,300.0,0,12999.0
Victory Hammer 8-Ball,2015,Custom / cruiser,0,0,149.2,1737.1,300.0,0,14999.0
Victory Hammer S,2015,Custom / cruiser,97.0,0,153.2,1737.1,300.0,0,23995.0
Victory High-Ball,2015,Custom / cruiser,0,0,0,1737.1,300.0,0,13349.0
Victory Jackpot,2015,Custom / cruiser,0,0,0,1737.1,300.0,0,15999.0
Victory Judge,2015,Custom / cruiser,0,0,0,1737.1,300.0,0,13999.0
Victory Magnum,2015,Touring,0,0,0,1737.1,300.0,0,21999.0
Victory Ness Magnum,2015,Touring,0,0,143.7,1737.1,300.0,0,22900.0
Victory Vegas 8-Ball,2015,Custom / cruiser,0,0,0,1737.1,300.0,0,12499.0
Victory Vision Tour,2015,Touring,0,0,143.7,1737.1,300.0,0,20999.0
Viper Black Diamond,2015,Custom / cruiser,0,0,0,2491.0,0,0,55000.0
Yamaha FJ-09,2015,Naked bike,115.0,0,61.5,847.0,245.0,209.6,10490.0
Yamaha FJR1300A,2015,Sport touring,0,0,0,1298.0,282.0,288.9,15890.0
Yamaha FJR1300ES,2015,Sport touring,107.5,0,138.0,1298.0,282.0,292.1,16890.0
Yamaha FZ-07,2015,Naked bike,0,0,0,689.0,245.0,180.1,6990.0
Yamaha FZ-09,2015,Naked bike,115.0,0,61.5,847.0,245.0,187.8,8190.0
Yamaha FZ1,2015,Sport,0,0,0,998.0,245.0,220.9,10790.0
Yamaha FZ6R,2015,Sport,0,0,0,600.0,245.0,213.2,7790.0
Yamaha FZ8,2015,Sport,104.7,0,82.0,779.0,267.0,211.8,8890.0
Yamaha Grizzly 125 Automatic,2015,ATV,0,0,0,124.0,0,152.0,3699.0
Yamaha Grizzly 300 Automatic,2015,ATV,0,0,0,287.0,0,231.8,4199.0
Yamaha Grizzly 350 Auto. 4x4,2015,ATV,0,0,0,348.0,0,257.6,5599.0
Yamaha Grizzly 350 Automatic,2015,ATV,0,0,0,348.0,0,244.9,4699.0
Yamaha Grizzly 450 Auto. 4x4 EPS,2015,ATV,0,0,0,421.0,0,281.2,7199.0
Yamaha Grizzly 550 FI Auto. 4x4,2015,ATV,0,0,0,558.0,0,293.9,7999.0
Yamaha Grizzly 550 FI Auto. 4x4 EPS,2015,ATV,0,0,0,558.0,0,293.9,8699.0
Yamaha Majesty,2015,Scooter,0,0,0,395.0,267.0,211.8,6850.0
Yamaha PW50,2015,Enduro / offroad,0,0,0,49.0,0,39.0,1440.0
Yamaha Raptor 700,2015,ATV,0,0,0,686.0,0,191.4,8199.0
Yamaha Road Star S,2015,Custom / cruiser,0,0,0,1674.0,320.0,337.0,12900.0
Yamaha Road Star Silverado S,2015,Touring,0,0,0,1671.6,298.0,350.6,14900.0
Yamaha SR400 Lightening by Deus,2015,Enduro / offroad,22.9,0,27.4,399.0,150.0,0,5990.0
Yamaha Smax,2015,Scooter,0,0,0,155.0,245.0,148.8,3690.0
Yamaha Star Bolt,2015,Custom / cruiser,0,0,0,950.5,298.0,244.9,7990.0
Yamaha Star Bolt C-Spec,2015,Custom / cruiser,0,0,0,950.5,298.0,245.9,8690.0
Yamaha Star Bolt R-Spec,2015,Custom / cruiser,0,0,0,950.5,298.0,244.9,8390.0
Yamaha Star Raider,2015,Custom / cruiser,0,0,0,1851.9,310.0,331.0,14990.0
Yamaha Star Raider Bullet Cowl,2015,Custom / cruiser,0,0,0,1851.9,310.0,332.9,15390.0
Yamaha Star Raider S,2015,Custom / cruiser,0,0,0,1851.9,310.0,331.1,15790.0
Yamaha Star Raider SCL,2015,Custom / cruiser,0,0,0,1851.9,310.0,340.2,16990.0
Yamaha Star Roadliner S,2015,Custom / cruiser,0,0,0,1851.9,320.0,340.2,14999.0
Yamaha Star Stratoliner Deluxe,2015,Custom / cruiser,0,0,0,1851.9,320.0,360.2,17250.0
Yamaha Star Stratoliner S,2015,Touring,0,0,0,1851.9,320.0,368.0,16990.0
Yamaha Star Stryker,2015,Custom / cruiser,0,0,0,1311.1,310.0,293.0,11690.0
Yamaha Star Stryker Bullet Cowl,2015,Custom / cruiser,0,0,0,1311.1,310.0,294.8,12090.0
Yamaha TT-R110E,2015,Enduro / offroad,0,0,0,110.0,110.0,72.1,2240.0
Yamaha TT-R125LE,2015,Enduro / offroad,0,0,0,124.0,110.0,89.8,3290.0
Yamaha TT-R50E,2015,Enduro / offroad,0,0,0,49.0,0,57.2,1540.0
Yamaha TW200,2015,Enduro / offroad,0,0,0,196.0,110.0,126.1,4590.0
Yamaha V Star 1300,2015,Custom / cruiser,0,0,0,1311.1,298.0,303.0,11290.0
Yamaha V Star 1300 Deluxe,2015,Touring,0,0,0,1311.1,298.0,325.2,14090.0
Yamaha V Star 1300 Tourer,2015,Touring,0,0,0,1311.1,298.0,323.0,12390.0
Yamaha V Star 250,2015,Custom / cruiser,0,0,0,245.8,130.0,147.9,4340.0
Yamaha V Star 950,2015,Custom / cruiser,0,0,0,950.5,298.0,278.1,8690.0
Yamaha V Star 950 Tourer,2015,Touring,0,0,0,942.3,298.0,298.0,9790.0
Yamaha V Star Custom,2015,Custom / cruiser,0,0,0,655.5,200.0,233.2,6990.0
Yamaha Vino Classic,2015,Scooter,0,0,0,49.0,110.0,81.2,2290.0
Yamaha WR250F,2015,Enduro / offroad,0,0,0,250.0,245.0,117.0,7990.0
Yamaha WR250R,2015,Enduro / offroad,0,0,0,250.0,230.0,133.8,6690.0
Yamaha WR450F,2015,Enduro / offroad,0,0,0,449.0,0,123.8,8290.0
Yamaha XT1200Z Super Tenere,2015,Super motard,0,0,0,1199.0,282.0,262.2,15090.0
Yamaha XT1200Z Super Tenere ES,2015,Super motard,0,0,0,1199.0,282.0,265.8,16190.0
Yamaha XT250,2015,Enduro / offroad,0,0,0,249.0,203.0,132.0,5190.0
Yamaha YZ125,2015,Cross / motocross,0,0,0,124.0,245.0,94.8,6390.0
Yamaha YZ250,2015,Cross / motocross,0,0,0,249.0,245.0,103.0,7290.0
Yamaha YZ250F,2015,Cross / motocross,0,0,0,252.0,245.0,104.8,7590.0
Yamaha YZ250FX,2015,Enduro / offroad,0,0,0,250.0,245.0,112.9,7890.0
Yamaha YZ450F,2015,Cross / motocross,0,0,0,449.7,245.0,111.1,8590.0
Yamaha YZ85,2015,Cross / motocross,0,0,0,85.0,190.0,71.2,4090.0
Yamaha YZF-R1,2015,Sport,0,0,0,998.0,220.0,199.1,16490.0
Yamaha YZF-R1M,2015,Sport,0,0,0,998.0,220.0,200.9,21990.0
Yamaha YZF-R3,2015,Sport,0,0,0,321.0,220.0,166.9,4990.0
Yamaha YZF-R6,2015,Sport,0,0,0,599.0,220.0,189.2,11190.0
Yamaha Zuma 125,2015,Scooter,0,0,0,125.0,220.0,122.0,3390.0
Yamaha Zuma 50FX,2015,Scooter,0,0,0,49.0,0,93.0,2590.0
Zero FX,2015,Super motard,44.0,130.0,95.0,0,240.0,131.0,12340.0
Zero S Streetfighter,2015,Naked bike,54.0,153.0,92.0,0,240.0,171.0,13345.0
Aprilia Caponord 1200 ABS,2014,Sport touring,125.0,0,114.0,1197.0,240.0,0,15499.0
Aprilia Dorsoduro 1200 ATC ABS,2014,Sport touring,125.0,0,114.0,1197.0,240.0,0,15499.0
Aprilia Dorsoduro 750 ABS,2014,Super motard,90.3,0,82.0,749.9,240.0,0,10299.0
Aprilia Mana 850 GT ABS,2014,Allround,75.1,0,73.0,839.3,260.0,0,11999.0
Aprilia RSV4 Factory APRC ABS,2014,Sport,184.0,0,117.0,999.6,220.0,0,20499.0
Aprilia RSV4 R APRC ABS,2014,Sport,184.0,0,117.0,999.6,220.0,0,15499.0
Aprilia SR 50 Factory,2014,Scooter,5.4,0,4.7,49.0,190.0,0,3299.0
Aprilia SR Motard 50,2014,Scooter,4.6,0,3.8,49.4,150.0,0,2099.0
Aprilia SR Motard 50,2014,Scooter,4.6,0,3.8,49.4,150.0,0,2099.0
Aprilia Shiver 750,2014,Naked bike,95.0,0,81.0,749.9,240.0,189.0,8699.0
Aprilia Tuono V4 R APRC,2014,Naked bike,167.3,0,111.5,999.6,220.0,0,14499.0
Aprilia Tuono V4 R APRC,2014,Naked bike,167.3,0,111.5,999.6,220.0,0,14499.0
BMW S 1000 RR,2014,Sport,193.0,201.2,112.0,999.0,220.0,202.0,15150.0
Bennche Gray Wolf 500,2014,ATV,22.8,0,0,471.0,0,0,6099.0
Big Bear Choppers Venom 2UP V111 EFI,2014,Custom / cruiser,115.8,0,166.5,1819.1,0,0,47900.0
Big Bear Choppers Venom Two-Up V111 Carb,2014,Custom / cruiser,0,0,166.5,1819.1,0,0,45900.0
Borile B500Ricki,2014,Classic,0,0,0,487.0,0,0,17500.0
CPI GTR 50,2014,Scooter,4.4,0,5.1,49.2,210.0,0,3995.0
CPI Oliver City 50,2014,Scooter,3.2,0,4.4,49.2,210.0,0,2795.0
CPI Oliver Sport 50,2014,Scooter,3.2,0,4.4,49.2,110.0,0,3095.0
Can-Am DS 250,2014,ATV,0,0,0,249.4,0,0,4149.0
Can-Am DS 450 X mx,2014,ATV,0,0,0,449.3,198.0,0,9799.0
Can-Am DS 450 X xc,2014,ATV,0,0,0,449.3,198.0,0,9099.0
Can-Am DS 70,2014,ATV,0,0,0,69.0,0,0,2299.0
Can-Am DS X 90,2014,ATV,0,0,0,89.5,0,0,3699.0
Can-Am Outlander 1000 X MR,2014,ATV,0,0,0,976.0,214.0,0,14099.0
Can-Am Outlander 650,2014,ATV,0,0,0,649.6,214.0,0,8799.0
Can-Am Outlander 6x6 1000 XT,2014,ATV,0,0,0,976.0,214.0,0,13645.0
Can-Am Outlander 800R X MR,2014,ATV,0,0,0,799.9,214.0,0,12149.0
Can-Am Outlander L DPS 450,2014,ATV,0,0,0,427.0,214.0,0,7299.0
Can-Am Outlander L DPS 500,2014,ATV,0,0,0,499.6,214.0,0,7299.0
Can-Am Outlander L Max 500,2014,ATV,0,0,0,499.6,214.0,0,7249.0
Can-Am Outlander Max 650,2014,ATV,0,0,0,649.6,214.0,0,9799.0
Can-Am Renegade 500,2014,ATV,0,0,0,499.6,214.0,0,8249.0
Can-Am Renegade 800R X Xc,2014,ATV,0,0,0,799.9,214.0,0,12599.0
Confederate R135 Wraith Combat,2014,Naked bike,125.0,0,176.3,1966.0,0,0,135000.0
Confederate X132 Hellcat Combat,2014,Naked bike,132.0,277.1,203.4,2163.2,0,0,55000.0
Erik Buell Racing 1190RS,2014,Sport,185.0,0,137.8,1190.0,0,190.0,18995.0
Erik Buell Racing 1190RX,2014,Sport,185.0,0,137.8,1189.8,220.0,190.0,18950.0
Evolve Titanium XR,2014,Scooter,6.7,112.7,0,0,0,0,5400.0
Evolve Zinc XR,2014,Scooter,2.0,64.4,0,0,0,0,3400.0
Exile Cycles Bullfighter,2014,Custom / cruiser,0,0,0,1311.1,292.0,0,50000.0
Harley-Davidson CVO Limited,2014,Touring,0,0,143.1,1688.0,0,428.2,38999.0
Harley-Davidson CVO Road King,2014,Touring,0,0,160.0,1802.7,0,385.1,28499.0
Harley-Davidson CVO Softail Deluxe,2014,Custom / cruiser,0,0,107.7,1688.0,0,354.7,28999.0
Harley-Davidson Dyna Fat Bob,2014,Custom / cruiser,0,0,135.6,1688.0,0,320.2,15699.0
Harley-Davidson Dyna Fat Bob Dark Custom,2014,Custom / cruiser,0,0,135.6,1688.0,0,320.2,15899.0
Harley-Davidson Dyna Low Rider,2014,Custom / cruiser,0,0,134.0,1689.6,0,302.1,14199.0
Harley-Davidson Dyna Street Bob,2014,Custom / cruiser,0,0,124.8,1573.3,0,304.8,13349.0
Harley-Davidson Dyna Super Glide Custom,2014,Custom / cruiser,0,0,124.8,1573.3,0,309.8,13549.0
Harley-Davidson Dyna Switchback,2014,Touring,0,0,135.6,1688.0,0,325.7,16999.0
Harley-Davidson Dyna Wide Glide,2014,Custom / cruiser,0,0,134.2,1688.0,0,309.8,15799.0
Harley-Davidson Electra Glide Ultra Classic,2014,Touring,0,0,135.6,1688.0,0,413.2,23249.0
Harley-Davidson Heritage Softail Classic,2014,Touring,0,0,131.4,1688.0,0,341.1,18349.0
Harley-Davidson Road King,2014,Touring,0,0,135.6,1688.0,0,367.9,18249.0
Harley-Davidson Softail Breakout,2014,Custom / cruiser,0,0,129.1,1689.6,0,322.1,18499.0
Harley-Davidson Softail Deluxe,2014,Custom / cruiser,0,0,133.8,1688.0,0,330.2,18099.0
Harley-Davidson Softail Fat Boy,2014,Custom / cruiser,0,0,133.8,1688.0,0,330.2,17699.0
Harley-Davidson Softail Fat Boy Lo,2014,Custom / cruiser,0,0,132.1,1688.0,0,330.2,17499.0
Harley-Davidson Softail Slim,2014,Custom / cruiser,0,0,133.8,1688.0,0,317.5,15899.0
Harley-Davidson Sportster 1200 Custom,2014,Custom / cruiser,0,0,107.1,1201.3,0,259.9,10649.0
Harley-Davidson Sportster Forty-Eight,2014,Custom / cruiser,0,0,107.1,1201.3,0,259.9,10749.0
Harley-Davidson Sportster Forty-Eight Dark Custom,2014,Custom / cruiser,0,0,107.1,1201.3,0,259.9,10749.0
Harley-Davidson Sportster Iron 883,2014,Custom / cruiser,0,0,73.0,883.3,0,260.0,8399.0
Harley-Davidson Sportster Iron 883 Dark Custom,2014,Custom / cruiser,0,0,74.6,883.3,0,260.0,8399.0
Harley-Davidson Sportster Seventy-Two,2014,Custom / cruiser,0,0,99.0,1201.3,0,251.7,10849.0
Harley-Davidson Sportster Seventy-Two Dark Custom,2014,Custom / cruiser,0,0,99.0,1201.3,260.0,251.7,10490.0
Harley-Davidson Sportster Superlow,2014,Custom / cruiser,0,0,73.0,883.3,0,254.9,8245.0
Harley-Davidson Street Bob Dark Custom,2014,Custom / cruiser,0,0,124.8,1689.6,0,304.8,13349.0
Harley-Davidson Street Glide,2014,Touring,0,0,135.6,1688.0,0,367.9,20399.0
Harley-Davidson Street Glide Special,2014,Touring,0,0,135.6,1688.0,0,367.9,22499.0
Harley-Davidson Tri Glide Ultra,2014,Touring,0,0,135.6,1688.0,0,567.0,32549.0
Harley-Davidson Ultra Limited,2014,Touring,0,0,143.1,1688.0,0,413.2,25899.0
Harley-Davidson V-Rod Muscle,2014,Custom / cruiser,0,0,118.0,1250.1,0,307.1,15849.0
Harley-Davidson V-Rod Night Rod Special,2014,Naked bike,0,0,113.0,1250.1,0,302.1,16249.0
Honda CB1000R,2014,Naked bike,0,0,0,998.0,256.0,220.0,23990.0
Honda CB1100,2014,Classic,0,0,0,1140.0,256.0,244.9,10399.0
Honda CB1100 DLX,2014,Classic,0,0,0,1140.0,256.0,0,11880.0
Honda CB500F,2014,Naked bike,46.9,0,43.0,471.0,240.0,190.0,5799.0
Honda CB500F ABS,2014,Naked bike,46.9,0,43.0,471.0,240.0,195.0,6299.0
Honda CB500X,2014,Sport,46.9,0,43.0,471.0,240.0,195.0,6299.0
Honda CB500X ABS,2014,Sport,46.9,0,43.0,471.0,240.0,199.0,6799.0
Honda CBR1000RR,2014,Sport,0,0,0,999.0,220.0,200.0,13999.0
Honda CBR1000RR ABS,2014,Sport,0,0,0,999.0,220.0,200.0,14999.0
Honda CBR250R,2014,Sport,34.9,0,22.9,249.6,220.0,165.0,4199.0
Honda CBR250R ABS,2014,Sport,34.9,0,22.9,249.6,220.0,166.0,4599.0
Honda CBR400R,2014,Sport,46.0,0,37.0,399.0,220.0,192.0,4199.0
Honda CBR500R,2014,Sport,0,0,0,471.0,240.0,192.8,6299.0
Honda CBR500R ABS,2014,Sport,0,0,0,471.0,240.0,194.6,6799.0
Honda CBR600RR,2014,Sport,0,0,0,599.0,220.0,186.0,11490.0
Honda CBR600RR ABS,2014,Sport,0,0,0,599.0,220.0,186.0,12490.0
Honda CBR650F,2014,Sport,136.8,0,64.0,649.0,240.0,199.0,8499.0
Honda CBR650F ABS,2014,Sport,136.8,0,64.0,649.0,240.0,211.8,8999.0
Honda CRF100F,2014,Enduro / offroad,0,0,0,99.0,99.0,77.1,2880.0
Honda CRF110F,2014,Enduro / offroad,7.2,0,8.9,109.0,109.0,73.9,2099.0
Honda CRF125F,2014,Cross / motocross,23.5,0,14.1,124.9,125.0,88.0,3199.0
Honda CRF150F,2014,Enduro / offroad,0,0,0,149.0,149.0,106.1,3640.0
Honda CRF150R,2014,Cross / motocross,0,0,0,149.0,190.0,83.9,4990.0
Honda CRF230F,2014,Enduro / offroad,0,0,0,223.0,223.0,112.9,4170.0
Honda CRF250L,2014,Enduro / offroad,22.8,0,22.0,249.6,220.0,145.2,4999.0
Honda CRF250R,2014,Cross / motocross,51.4,0,47.7,249.0,240.0,104.8,7599.0
Honda CRF250X,2014,Enduro / offroad,0,0,0,249.0,240.0,115.2,7410.0
Honda CRF450X,2014,Enduro / offroad,0,0,0,449.0,240.0,122.0,8440.0
Honda CRF50F,2014,Enduro / offroad,0,0,0,49.0,0,0,1399.0
Honda CRF70F,2014,Enduro / offroad,0,0,0,72.0,0,63.1,1960.0
Honda CRF80F,2014,Enduro / offroad,0,0,0,80.0,0,73.9,2470.0
Honda CTX 700,2014,Sport touring,0,0,0,670.0,240.0,0,7799.0
Honda CTX1300,2014,Custom / cruiser,0,0,0,1261.0,315.0,328.5,15999.0
Honda CTX1300 DLX,2014,Custom / cruiser,0,0,0,1261.0,315.0,333.0,17499.0
Honda CTX700 DCT ABS,2014,Sport touring,0,0,0,670.0,240.0,0,8799.0
Honda CTX700N,2014,Custom / cruiser,0,0,0,670.0,240.0,0,6999.0
Honda CTX700N DCT ABS,2014,Custom / cruiser,0,0,0,670.0,240.0,0,7999.0
Honda FourTrax Foreman 4x4,2014,ATV,0,0,0,475.0,160.0,285.8,7099.0
Honda FourTrax Foreman Rubicon,2014,ATV,0,0,0,499.0,180.0,290.3,7999.0
Honda FourTrax Rancher,2014,ATV,0,0,0,420.0,160.0,259.9,5199.0
Honda FourTrax Rancher 4X4 Automatic DCT,2014,ATV,0,0,0,420.0,160.0,284.0,6699.0
Honda FourTrax Rancher 4X4 Automatic DCT EPS,2014,ATV,0,0,0,420.0,160.0,284.0,7399.0
Honda FourTrax Rancher 4x4 EPS,2014,ATV,0,0,0,420.0,160.0,276.2,6899.0
Honda FourTrax Rancher 4x4 ES,2014,ATV,0,0,0,420.0,160.0,276.2,6499.0
Honda FourTrax Rancher ES,2014,ATV,0,0,0,420.0,160.0,260.8,5449.0
Honda FourTrax Recon,2014,ATV,0,0,0,229.0,229.0,196.0,3949.0
Honda FourTrax Recon ES,2014,ATV,0,0,0,229.0,229.0,199.1,4199.0
Honda FourTrax Rincon,2014,ATV,0,0,0,675.0,180.0,293.9,9199.0
Honda Fury,2014,Custom / cruiser,0,0,89.5,1312.0,296.0,300.7,13390.0
Honda Fury ABS,2014,Custom / cruiser,0,0,89.5,1312.0,296.0,312.0,14390.0
Honda Gold Wing Airbag,2014,Touring,0,0,0,1832.0,316.0,423.2,29550.0
Honda Gold Wing Audio Comfort,2014,Touring,0,0,0,1832.0,316.0,415.5,28100.0
Honda Gold Wing Audio Comfort Navi XM,2014,Touring,0,0,0,1832.0,316.0,410.1,2688.0
Honda Gold Wing Audio Comfort Navi XM ABS,2014,Touring,0,0,0,1832.0,316.0,410.1,23990.0
Honda Gold Wing F6B,2014,Touring,0,0,0,1832.0,316.0,381.9,19999.0
Honda Gold Wing F6B Deluxe,2014,Touring,0,0,0,1832.0,316.0,381.9,20999.0
Honda Grom,2014,Sport,0,0,0,124.9,190.0,102.1,3199.0
Honda Interceptor,2014,Sport,0,0,0,782.0,256.0,244.9,12499.0
Honda Interceptor DLX,2014,Sport,0,0,0,782.0,256.0,249.0,13499.0
Honda Interstate,2014,Touring,0,0,0,1312.0,296.0,323.0,13240.0
Honda Interstate ABS,2014,Touring,0,0,0,1312.0,296.0,323.0,14240.0
Honda NC700X,2014,Super motard,0,0,0,670.0,240.0,214.1,7799.0
Honda NC700X DCT ABS,2014,Super motard,0,0,0,670.0,240.0,219.0,8799.0
Honda PCX150,2014,Scooter,0,0,0,153.0,153.0,129.7,3449.0
Honda Rebel,2014,Custom / cruiser,0,0,0,234.0,234.0,150.1,4190.0
Honda Ruckus,2014,Scooter,0,0,0,49.0,0,88.0,23990.0
Honda ST1300 ABS,2014,Sport touring,0,0,0,1261.0,316.0,331.0,18230.0
Honda Sabre,2014,Custom / cruiser,0,0,0,1312.0,296.0,301.2,12250.0
Honda Sabre ABS,2014,Custom / cruiser,0,0,0,1312.0,296.0,311.0,13250.0
Honda Shadow Aero,2014,Custom / cruiser,0,0,0,745.0,180.0,254.0,8240.0
Honda Shadow Aero ABS,2014,Custom / cruiser,0,0,0,745.0,180.0,260.0,9240.0
Honda Shadow Phantom,2014,Custom / cruiser,0,0,0,745.0,296.0,249.0,8240.0
Honda Shadow RS,2014,Custom / cruiser,0,0,0,745.0,296.0,228.2,8240.0
Honda Shadow Spirit 750,2014,Custom / cruiser,0,0,79.0,745.0,296.0,243.1,8240.0
Honda Shadow Spirit 750 ABS,2014,Custom / cruiser,0,0,79.0,745.0,296.0,249.0,9240.0
Honda Stateline,2014,Custom / cruiser,0,0,0,1312.0,296.0,304.8,12150.0
Honda Stateline ABS,2014,Custom / cruiser,0,0,0,1312.0,296.0,309.0,13150.0
Honda TRX450R,2014,ATV,0,0,0,450.0,190.0,176.0,7799.0
Honda TRX90X,2014,ATV,0,0,0,86.0,0,118.8,2999.0
Honda VFR1200F,2014,Sport,0,0,0,1237.0,276.0,268.1,15999.0
Honda VFR1200F DCT,2014,Sport,0,0,0,1237.0,276.0,268.1,17499.0
Honda XR650L,2014,Enduro / offroad,0,0,0,644.0,0,156.9,6690.0
Hyosung GT250,2014,Sport,27.0,0,22.7,249.0,230.0,0,3799.0
Hyosung GT250R,2014,Sport,27.0,0,22.7,249.0,230.0,187.8,4099.0
Hyosung GT650,2014,Naked bike,79.0,0,66.9,647.0,230.0,191.0,5699.0
Hyosung GT650R,2014,Sport,79.0,0,66.9,647.0,230.0,215.0,6399.0
Hyosung GV250,2014,Custom / cruiser,25.0,0,22.0,249.0,0,0,3999.0
Hyosung GV650,2014,Custom / cruiser,79.0,0,67.0,647.0,270.0,0,6899.0
Hyosung MS3-250,2014,Scooter,25.0,0,22.2,249.0,220.0,0,4499.0
Hyosung Prima,2014,Scooter,5.0,0,3.8,49.0,162.0,0,1799.0
Hyosung Rally,2014,Scooter,5.0,0,3.8,49.0,110.0,0,1899.0
Hyosung ST7,2014,Custom / cruiser,79.0,0,67.0,678.2,270.0,0,7299.0
Hyosung Sense,2014,Scooter,4.0,0,3.8,49.0,162.0,0,1599.0
Hyosung TE450S,2014,ATV,52.0,0,47.6,449.0,240.0,0,4999.0
Indian Chief Vintage,2014,Classic,0,0,161.4,1720.8,0,0,20999.0
Indian Chieftain,2014,Custom / cruiser,0,0,161.4,1720.8,0,0,22999.0
Kawasaki Brute Force  300,2014,ATV,0,0,0,271.0,148.0,243.0,4299.0
Kawasaki Brute Force  750 4x4i,2014,ATV,0,0,0,749.0,200.0,310.1,9299.0
Kawasaki Brute Force  750 4x4i EPS,2014,ATV,0,0,0,749.0,200.0,315.1,9999.0
Kawasaki Brute Force  750 4x4i EPS Camo,2014,ATV,0,0,0,749.0,200.0,315.1,10599.0
Kawasaki Concours  14 ABS,2014,Sport touring,0,0,138.3,1352.0,270.0,312.1,16199.0
Kawasaki KFX 450R,2014,ATV,0,0,0,449.0,200.0,178.0,8299.0
Kawasaki KFX 50,2014,ATV,0,0,0,49.5,0,108.9,1999.0
Kawasaki KFX 90,2014,ATV,0,0,0,89.0,0,118.8,2749.0
Kawasaki KLR 650,2014,Super motard,0,0,0,651.0,280.0,196.0,6499.0
Kawasaki KLR 650 New Edition,2014,Super motard,0,0,0,651.0,280.0,196.0,6599.0
Kawasaki KLX 110,2014,Enduro / offroad,0,0,0,111.0,0,76.2,2299.0
Kawasaki KLX 110L,2014,Enduro / offroad,0,0,0,111.0,0,76.2,2499.0
Kawasaki KLX 140,2014,Enduro / offroad,0,0,0,144.0,220.0,93.0,3099.0
Kawasaki KLX 140L,2014,Enduro / offroad,0,0,0,144.0,220.0,95.0,3399.0
Kawasaki KLX 250S,2014,Super motard,0,0,0,249.0,250.0,135.0,5099.0
Kawasaki KX 100,2014,Cross / motocross,0,0,0,99.0,0,71.0,4599.0
Kawasaki KX 250F,2014,Cross / motocross,0,0,0,249.0,240.0,106.0,5799.0
Kawasaki KX 65,2014,Cross / motocross,0,0,0,64.7,0,60.0,3699.0
Kawasaki KX 85,2014,Cross / motocross,0,0,0,84.0,0,69.0,4349.0
Kawasaki Ninja  1000,2014,Sport,0,0,0,1043.0,250.0,231.1,11099.0
Kawasaki Ninja  1000 ABS,2014,Sport,0,0,0,1043.0,250.0,231.1,11999.0
Kawasaki Ninja  250R,2014,Sport,0,0,0,249.0,220.0,170.1,4199.0
Kawasaki Ninja 300,2014,Sport,0,0,0,296.0,220.0,172.0,4999.0
Kawasaki Ninja 300 ABS,2014,Sport,0,0,0,296.0,220.0,174.0,5199.0
Kawasaki Ninja  300 ABS SE,2014,Sport,38.9,0,27.0,296.0,220.0,175.9,5499.0
Kawasaki Ninja  300 SE,2014,Sport,0,0,0,296.0,220.0,175.9,5199.0
Kawasaki Ninja  650,2014,Sport,0,0,0,649.0,220.0,209.0,7699.0
Kawasaki Ninja  650 ABS,2014,Sport,0,0,0,649.0,220.0,211.1,7999.0
Kawasaki Ninja  ZX-10R,2014,Sport,0,0,0,998.0,220.0,198.0,14299.0
Kawasaki Ninja  ZX-10R ABS,2014,Sport,0,0,0,998.0,220.0,201.0,15299.0
Kawasaki Ninja  ZX-14R,2014,Sport,0,0,0,1441.0,250.0,265.0,15299.0
Kawasaki Ninja  ZX-14R ABS,2014,Sport,0,0,0,1441.0,250.0,268.0,15699.0
Kawasaki Ninja  ZX-6R,2014,Sport,0,0,0,636.0,220.0,192.1,11699.0
Kawasaki Ninja  ZX-6R ABS,2014,Sport,0,0,0,636.0,220.0,194.1,12699.0
Kawasaki Ninja 300,2014,Sport,0,0,0,296.0,220.0,172.0,4999.0
Kawasaki Ninja 300 ABS,2014,Sport,0,0,0,296.0,220.0,174.0,5199.0
Kawasaki Prairie 360 4x4,2014,ATV,0,0,0,362.0,0,292.1,6299.0
Kawasaki Versys,2014,Allround,0,0,44.8,649.0,220.0,206.0,7999.0
Kawasaki Versys  ABS,2014,Allround,0,0,44.8,649.0,220.0,209.0,7999.0
Kawasaki Vulcan  1700 Classic,2014,Custom / cruiser,73.8,0,146.5,1700.0,300.0,345.2,11499.0
Kawasaki Vulcan  1700 Nomad,2014,Touring,0,0,146.5,1700.0,300.0,378.3,16099.0
Kawasaki Vulcan  1700 Nomad ABS,2014,Touring,0,0,146.5,1700.0,300.0,382.1,17499.0
Kawasaki Vulcan  1700 Vaquero,2014,Touring,0,0,146.5,1700.0,300.0,379.1,17149.0
Kawasaki Vulcan  1700 Vaquero  ABS,2014,Touring,0,0,146.5,1700.0,300.0,383.1,18299.0
Kawasaki Vulcan  1700 Voyager,2014,Touring,0,0,146.5,1700.0,300.0,401.9,18249.0
Kawasaki Vulcan  1700 Voyager  ABS,2014,Touring,0,0,146.5,1700.0,300.0,406.1,19399.0
Kawasaki Vulcan  900 Classic,2014,Custom / cruiser,0,0,78.9,903.0,300.0,281.1,7999.0
Kawasaki Vulcan  900 Classic LT,2014,Touring,0,0,78.9,903.0,300.0,298.1,8999.0
Kawasaki Vulcan  900 Custom,2014,Custom / cruiser,0,0,78.9,903.0,300.0,277.1,8499.0
Kawasaki Vulcan 1700 Vaquero ABS SE,2014,Touring,0,0,146.5,1700.0,300.0,383.1,18299.0
Kawasaki Z1000 ABS,2014,Naked bike,0,0,110.8,1043.0,250.0,221.0,11999.0
Kuberg Cross,2014,Minibike-cross,1.0,27.4,0,0,160.0,0,1499.0
Kuberg Free-Rider,2014,Enduro / offroad,2.7,54.7,0,0,160.0,0,3500.0
Kuberg Start,2014,Minibike-cross,0.7,24.1,0,0,0,0,1099.0
Kuberg Trial E,2014,Minibike-cross,1.0,27.4,0,0,0,0,1499.0
Leonart Raptor 125,2014,Custom / cruiser,12.5,0,0,124.0,0,0,2200.0
Moto Guzzi California 1400 Touring,2014,Touring,96.0,0,120.0,1380.0,280.0,370.0,18490.0
Moto Guzzi Griso 8V SE,2014,Naked bike,110.0,0,108.0,1064.0,282.0,222.0,12990.0
Moto Guzzi Norge GT 8V,2014,Sport touring,102.0,0,104.0,1151.0,282.0,0,16290.0
Moto Guzzi Stelvio 1200 NTX,2014,Super motard,105.0,0,113.0,1151.0,282.0,272.0,15990.0
Moto Guzzi V7 Racer,2014,Classic,49.6,0,57.9,744.0,260.0,179.0,10490.0
Moto Guzzi V7 Special,2014,Classic,49.6,0,57.9,744.0,260.0,179.0,9290.0
Moto Guzzi V7 Stone,2014,Classic,49.6,0,57.9,744.0,260.0,179.0,8490.0
NCR M4,2014,Sport,107.0,0,115.0,1100.0,200.0,0,49900.0
NCR M4 One Shot,2014,Sport,132.0,0,143.0,1200.0,200.0,0,69900.0
Polaris Outlaw 90,2014,ATV,0,0,0,89.0,0,0,2699.0
Polaris Phoenix 200,2014,ATV,0,0,0,196.0,200.0,0,3599.0
Polaris Scrambler WV850 H.O.,2014,ATV,0,0,0,850.0,0,0,14990.0
Polaris Scrambler XP 1000 EPS,2014,ATV,0,0,0,952.0,0,0,13299.0
Polaris Scrambler XP 850,2014,ATV,0,0,0,850.0,0,0,11990.0
Polaris Scrambler XP 850 H.O. EPS,2014,ATV,0,0,0,850.0,0,0,9990.0
Polaris Sportsman 400 HO,2014,ATV,0,0,0,455.0,0,0,5699.0
Polaris Sportsman 550 EPS,2014,ATV,0,0,0,549.0,0,0,8699.0
Polaris Sportsman 570 EFI,2014,ATV,0,0,0,567.0,0,0,6499.0
Polaris Sportsman 800 EFI,2014,ATV,54.0,0,0,760.0,0,0,7499.0
Polaris Sportsman 90,2014,ATV,0,0,0,89.0,0,0,2699.0
Polaris Sportsman Big Boss 6x6 800 EFI,2014,ATV,0,0,0,760.0,0,0,9999.0
Polaris Sportsman Touring 550 EPS,2014,ATV,0,0,0,549.0,0,0,9299.0
Polaris Sportsman Touring 570 EFI,2014,ATV,0,0,0,567.0,0,0,7699.0
Polaris Sportsman Touring 850 EPS,2014,ATV,0,0,0,850.0,0,0,13339.0
Polaris Sportsman X2 550,2014,ATV,0,0,0,549.0,0,0,9699.0
Rokon Ranger,2014,Enduro / offroad,5.0,0,10.9,160.0,0,0,6975.0
Rokon Scout,2014,Enduro / offroad,7.0,0,12.4,208.0,0,0,6500.0
Rokon Trail-Breaker,2014,Enduro / offroad,7.0,56.0,12.4,208.0,0,0,7350.0
Sucker Punch Sallys 66 Bobber,2014,Custom / cruiser,0,0,0,1337.3,0,0,21999.0
Sucker Punch Sallys Slim,2014,Custom / cruiser,0,0,0,1638.8,0,0,25995.0
Sucker Punch Sallys Special,2014,Custom / cruiser,0,0,0,1337.3,0,0,18995.0
Sucker Punch Sallys Swinger,2014,Custom / cruiser,0,0,0,1442.2,0,0,2995.0
Sucker Punch Sallys Traditional Bobber,2014,Custom / cruiser,0,0,0,1337.3,0,0,19995.0
Suzuki Boulevard C50,2014,Custom / cruiser,0,0,0,805.0,0,277.1,8399.0
Suzuki Boulevard C50 B O S S,2014,Custom / cruiser,0,0,0,805.0,0,277.1,8899.0
Suzuki Boulevard C50 Special Edition,2014,Custom / cruiser,0,0,0,805.0,0,277.1,8799.0
Suzuki Boulevard C50T,2014,Touring,0,0,0,805.0,0,292.1,9599.0
Suzuki Boulevard C90,2014,Custom / cruiser,0,0,0,1462.0,0,362.9,12999.0
Suzuki Boulevard C90 B O S S,2014,Custom / cruiser,0,0,0,1462.0,0,362.9,13389.0
Suzuki Boulevard M109R,2014,Custom / cruiser,0,0,0,1783.0,0,347.0,14299.0
Suzuki Boulevard M109R B O S S,2014,Custom / cruiser,0,0,0,1783.0,0,347.0,14999.0
Suzuki Boulevard M109R Limited Edition,2014,Custom / cruiser,0,0,0,1783.0,0,347.0,14799.0
Suzuki Boulevard M50,2014,Custom / cruiser,0,0,0,805.0,0,269.0,8799.0
Suzuki Boulevard M90,2014,Custom / cruiser,0,0,0,1462.0,290.0,328.0,11199.0
Suzuki Boulevard S40,2014,Custom / cruiser,0,0,0,652.0,0,173.0,5699.0
Suzuki Burgman 200 ABS,2014,Scooter,0,0,0,200.0,0,160.0,4999.0
Suzuki Burgman 400 ABS,2014,Scooter,0,0,0,398.0,0,222.0,7999.0
Suzuki Burgman 650 ABS,2014,Scooter,0,0,0,638.0,0,278.0,10999.0
Suzuki DR-Z125,2014,Enduro / offroad,0,0,0,124.0,0,88.0,3099.0
Suzuki DR-Z125L,2014,Enduro / offroad,0,0,0,124.0,0,89.0,3199.0
Suzuki DR-Z400S,2014,Enduro / offroad,0,0,0,398.0,0,144.0,6599.0
Suzuki DR-Z400SM,2014,Super motard,0,0,0,398.0,0,146.0,7189.0
Suzuki DR200SE,2014,Super motard,0,0,0,198.0,0,126.0,4199.0
Suzuki DR650SE,2014,Enduro / offroad,0,0,0,644.0,0,166.0,6499.0
Suzuki GSX-R1000,2014,Sport,0,0,0,999.0,0,203.0,13899.0
Suzuki GSX-R750,2014,Sport,0,0,0,750.0,0,190.0,12299.0
Suzuki GSX-R750 50th Anniversary,2014,Sport,0,0,0,750.0,0,190.0,12499.0
Suzuki GSX1250 FA,2014,Sport,0,0,0,1255.0,240.0,257.0,11599.0
Suzuki GW250,2014,Allround,0,0,0,248.0,0,182.8,3999.0
Suzuki Gladius 650,2014,Naked bike,0,0,0,645.0,240.0,202.0,7699.0
Suzuki Hayabusa,2014,Sport,0,0,0,1340.0,320.0,0,14599.0
Suzuki Hayabusa 50 Anniversary,2014,Sport,0,0,0,1340.0,320.0,0,15159.0
Suzuki Hayabusa ABS Z,2014,Sport,194.0,0,155.0,1340.0,320.0,0,14599.0
Suzuki Intruder 250LC,2014,Allround,0,0,0,245.0,275.0,159.0,6690.0
Suzuki Ozark 250,2014,ATV,0,0,0,249.0,0,194.0,4599.0
Suzuki RM-Z250,2014,Cross / motocross,0,0,0,249.0,0,106.5,7599.0
Suzuki RM-Z450,2014,Cross / motocross,0,0,0,449.0,0,113.0,8699.0
Suzuki RM85,2014,Cross / motocross,0,0,0,84.7,0,73.0,4149.0
Suzuki RM85L,2014,Cross / motocross,0,0,0,84.7,220.0,74.0,4199.0
Suzuki SV650S,2014,Sport,0,0,0,645.0,0,202.0,8149.0
Suzuki TU250X,2014,Allround,0,0,0,248.0,0,148.0,4399.0
Suzuki Trojan,2014,Super motard,0,0,0,198.0,0,126.0,4199.0
Suzuki V-Strom 1000 ABS,2014,Super motard,0,0,0,996.0,0,228.0,12699.0
Suzuki V-Strom 1000 ABS Adventure,2014,Super motard,0,0,0,996.0,0,228.0,13999.0
Suzuki V-Strom 650 ABS,2014,Super motard,0,0,0,645.0,0,214.0,8549.0
Suzuki V-Strom 650 ABS Adventure,2014,Super motard,0,0,0,645.0,0,0,10049.0
Triumph America,2014,Custom / cruiser,61.0,0,72.0,865.0,285.0,250.0,8299.0
Triumph America LT,2014,Touring,61.0,0,72.0,865.0,285.0,270.0,9499.0
Triumph Bonneville,2014,Classic,68.0,0,68.0,865.0,255.0,225.0,7899.0
Triumph Bonneville T100,2014,Classic,66.0,0,67.8,865.0,255.0,224.5,9199.0
Triumph Bonneville T100 Black,2014,Classic,66.0,0,67.8,865.0,255.0,224.5,8899.0
Triumph Daytona 675,2014,Sport,128.0,0,74.0,675.0,220.0,184.0,11599.0
Triumph Daytona 675 R ABS,2014,Sport,128.0,0,74.0,675.0,220.0,184.0,13499.0
Triumph Rocket III Roadster,2014,Custom / cruiser,148.0,0,221.0,2294.0,316.0,367.0,14999.0
Triumph Scrambler,2014,Classic,59.0,0,68.0,865.0,255.0,230.0,9099.0
Triumph Speed Triple ABS,2014,Naked bike,135.0,0,111.0,1050.0,255.0,214.0,12799.0
Triumph Speed Triple R ABS,2014,Naked bike,135.0,0,111.0,1050.0,255.0,212.0,14699.0
Triumph Speedmaster,2014,Custom / cruiser,61.0,0,72.0,865.0,285.0,250.0,8299.0
Triumph Street Triple ABS,2014,Naked bike,106.0,0,68.0,675.0,255.0,183.0,9399.0
Triumph Street Triple R ABS,2014,Naked bike,106.0,0,68.0,675.0,255.0,183.0,9999.0
Triumph Thruxton,2014,Classic,69.0,0,69.0,865.0,255.0,230.0,9099.0
Triumph Thunderbird,2014,Custom / cruiser,86.0,0,146.0,1597.0,310.0,339.0,13499.0
Triumph Thunderbird LT,2014,Touring,94.0,0,146.0,1699.0,310.0,339.0,16699.0
Triumph Thunderbird Storm,2014,Custom / cruiser,86.0,0,146.0,1597.0,310.0,339.0,14799.0
Triumph Tiger 800 ABS,2014,Sport,95.0,0,79.0,800.0,308.0,210.0,10999.0
Triumph Tiger 800 XC,2014,Super motard,95.0,0,79.0,799.0,255.0,215.0,11900.0
Triumph Tiger Explorer,2014,Allround,137.0,0,121.0,1215.0,0,259.0,15699.0
Triumph Tiger Explorer XC,2014,Allround,137.0,0,121.0,1215.0,0,259.0,171999.0
Triumph Trophy SE,2014,Touring,134.0,0,120.0,1215.0,282.0,301.0,18999.0
Vespa 946,2014,Scooter,0,91.7,0,155.0,220.0,0,9946.0
Vespa Primavera 150,2014,Scooter,12.7,95.0,12.8,155.0,140.0,0,4799.0
Vespa Primavera 50,2014,Scooter,0,40.0,0,49.9,140.0,0,3599.0
Vespa Sprint 50,2014,Scooter,0,64.4,0,49.9,140.0,0,3699.0
Victory Cross Country,2014,Touring,0,0,0,1737.1,300.0,0,18999.0
Victory Cross Country Factory Custom,2014,Touring,0,0,0,1737.1,300.0,0,20499.0
Victory Cross Country Tour 15th Anniversary,2014,Touring,0,0,0,1737.1,300.0,0,29999.0
Victory Cross Roads 8-ball,2014,Touring,0,0,143.7,1737.1,300.0,0,15999.0
Victory Cross Roads Classic,2014,Touring,0,0,0,1737.1,300.0,0,17999.0
Victory Gunner,2014,Custom / cruiser,0,0,0,1737.1,300.0,0,12999.0
Victory High-Ball,2014,Custom / cruiser,0,0,0,1737.1,300.0,0,13499.0
Victory Ness Cross Country Limited,2014,Touring,0,0,0,1737.1,300.0,0,22999.0
Victory Vegas 8-Ball,2014,Custom / cruiser,0,0,0,1737.1,300.0,0,12499.0
Yamaha FJR1300A,2014,Sport touring,0,0,0,1298.0,282.0,288.9,15890.0
Yamaha FZ-09,2014,Naked bike,115.0,0,61.5,847.0,245.0,187.8,7990.0
Yamaha FZ1,2014,Sport,0,0,0,998.0,245.0,220.9,10790.0
Yamaha FZ6R,2014,Sport,0,0,0,600.0,245.0,213.2,7790.0
Yamaha Majesty,2014,Scooter,0,0,0,395.0,267.0,211.8,6850.0
Yamaha PW50,2014,Enduro / offroad,0,0,0,49.0,0,39.0,1440.0
Yamaha Road Star S,2014,Custom / cruiser,0,0,0,1671.6,320.0,337.0,12990.0
Yamaha Road Star Silverado S,2014,Touring,0,0,0,1671.6,298.0,350.6,14990.0
Yamaha Royal Star Venture S,2014,Touring,97.0,0,0,1294.7,320.0,394.2,20590.0
Yamaha Star Bolt,2014,Custom / cruiser,0,0,0,1671.6,298.0,244.9,7990.0
Yamaha Star Raider,2014,Custom / cruiser,0,0,0,1851.9,310.0,331.1,14990.0
Yamaha Star Raider S,2014,Custom / cruiser,0,0,0,1851.9,310.0,331.1,15790.0
Yamaha Star Raider SCL,2014,Custom / cruiser,0,0,0,1851.9,310.0,340.2,16999.0
Yamaha Star Roadliner S,2014,Custom / cruiser,0,0,0,1851.9,320.0,340.2,14999.0
Yamaha Star Stratoliner Deluxe,2014,Custom / cruiser,0,0,0,1851.9,320.0,360.2,17240.0
Yamaha Star Stratoliner S,2014,Touring,0,0,0,1851.9,320.0,368.8,16990.0
Yamaha Star Stryker,2014,Custom / cruiser,0,0,0,1311.1,310.0,293.0,11690.0
Yamaha Super Tenere,2014,Super motard,0,0,0,1199.0,282.0,262.2,15090.0
Yamaha Super Tenere ES,2014,Super motard,0,0,0,1199.0,282.0,265.8,16190.0
Yamaha TT-R110E,2014,Enduro / offroad,0,0,0,110.0,110.0,72.1,2240.0
Yamaha TT-R125LE,2014,Enduro / offroad,0,0,0,124.0,110.0,89.8,3290.0
Yamaha TT-R230,2014,Enduro / offroad,0,0,0,223.0,130.0,113.9,3990.0
Yamaha TT-R50E,2014,Enduro / offroad,0,0,0,49.0,0,57.2,1540.0
Yamaha V Star 1300,2014,Custom / cruiser,0,0,0,1311.1,298.0,303.0,11290.0
Yamaha V Star 1300 Deluxe,2014,Touring,0,0,0,1311.1,298.0,0,13790.0
Yamaha V Star 1300 Tourer,2014,Touring,0,0,0,1311.1,298.0,323.0,12390.0
Yamaha V Star 250,2014,Custom / cruiser,0,0,0,245.8,130.0,147.9,4340.0
Yamaha V Star 950,2014,Custom / cruiser,0,0,0,942.3,298.0,278.1,8690.0
Yamaha V Star 950 Tourer,2014,Touring,0,0,0,942.3,298.0,298.0,9790.0
Yamaha V Star Custom,2014,Custom / cruiser,0,0,0,655.5,200.0,233.2,6990.0
Yamaha Vino Classic,2014,Scooter,0,0,0,49.0,110.0,81.2,2250.0
Yamaha WR250R,2014,Enduro / offroad,0,0,0,250.0,230.0,133.8,6690.0
Yamaha XT250,2014,Enduro / offroad,0,0,0,249.0,203.0,132.0,5190.0
Yamaha YZ250,2014,Cross / motocross,0,0,0,249.0,245.0,103.0,7150.0
Yamaha YZ250F,2014,Cross / motocross,0,0,0,250.0,245.0,103.0,7490.0
Yamaha YZ450F,2014,Cross / motocross,0,0,0,449.0,245.0,111.1,8499.0
Yamaha YZF-R6,2014,Sport,0,0,0,599.0,220.0,189.2,10090.0
Yamaha Zuma 125,2014,Scooter,0,0,0,125.0,220.0,122.0,3390.0
Yamaha Zuma 50F,2014,Scooter,0,0,0,49.0,0,93.0,2590.0
Yamaha Zuma 50FX,2014,Scooter,0,0,0,49.0,180.0,93.0,2590.0
Zero DS ZF 8.5,2014,Super motard,54.0,158.0,92.0,0,240.0,169.0,12995.0
Zero FX ZF  2.8,2014,Enduro / offroad,27.0,136.8,95.0,0,240.0,108.0,9495.0
Zero FX ZF 5.7,2014,Enduro / offroad,44.0,136.8,95.0,0,240.0,127.0,11990.0
Zero S ZF 11.4,2014,Sport,54.0,95.0,92.0,0,240.0,181.0,14995.0
Zero S ZF 8.5,2014,Sport,54.0,153.0,92.0,0,240.0,166.0,12995.0
Zero SR ZF 11.4,2014,Sport,67.0,164.0,144.0,0,240.0,162.0,16995.0
Aprilia Scarabeo 100,2013,Scooter,0,0,0,96.2,140.0,0,2799.0
Aprilia Scarabeo 200ie,2013,Scooter,19.0,0,17.2,181.0,240.0,0,3499.0
Aprilia Scarabeo 500ie,2013,Scooter,39.0,140.0,43.0,493.0,240.0,0,6399.0
Aprilia Scarabeo 500ie,2013,Scooter,39.0,140.0,43.0,493.0,240.0,0,6399.0
Aprilia SportCity 125,2013,Scooter,0,0,0,124.0,140.0,0,2899.0
Aprilia SportCity 50,2013,Scooter,0,0,0,49.0,140.0,0,2099.0
Arlen Ness Highliner,2013,Custom / cruiser,0,0,0,1851.9,0,0,44995.0
Arlen Ness Lowliner,2013,Custom / cruiser,0,0,0,1851.9,0,0,44995.0
Arlen Ness Speedliner,2013,Custom / cruiser,112.0,0,168.1,1851.9,0,0,44995.0
BMW C 600 Sport,2013,Scooter,59.0,175.4,66.0,647.0,270.0,249.0,9590.0
BMW C 600 Sport,2013,Scooter,59.0,175.4,66.0,647.0,270.0,249.0,9590.0
BMW C 650 GT,2013,Scooter,59.0,175.4,49.0,647.0,270.0,260.8,9990.0
BMW C 650 GT,2013,Scooter,59.0,175.4,49.0,647.0,270.0,260.8,9990.0
BMW F 700 GS,2013,Enduro / offroad,73.8,191.5,57.0,798.0,265.0,209.1,9900.0
BMW F 700 GS,2013,Enduro / offroad,73.8,191.5,57.0,798.0,265.0,209.1,9900.0
BMW F 800 GS,2013,Enduro / offroad,84.5,241.4,61.0,798.0,265.0,214.1,12090.0
BMW F 800 R,2013,Naked bike,87.0,201.2,63.0,798.0,265.0,199.1,10600.0
BMW G 650 GS,2013,Enduro / offroad,50.0,169.0,44.0,652.0,240.0,191.9,7850.0
BMW HP4,2013,Sport,193.0,0,83.0,999.0,220.0,199.1,20525.0
BMW K 1300 S,2013,Sport,175.0,201.2,103.0,1293.0,265.0,254.0,15555.0
BMW K 1600 GT,2013,Touring,160.0,201.2,129.0,1649.0,320.0,332.0,21200.0
BMW K 1600 GTL,2013,Touring,160.0,201.2,129.0,1649.0,320.0,348.4,23650.0
BMW R 1200 GS Adventure,2013,Enduro / offroad,110.0,201.2,89.0,1170.0,265.0,255.8,18350.0
BMW R 1200 R,2013,Naked bike,87.0,0,119.0,1170.0,265.0,223.0,13975.0
BMW R 1200 RT,2013,Touring,110.0,201.2,89.0,1170.0,265.0,263.1,17350.0
BMW S 1000 RR,2013,Sport,193.0,193.1,83.0,999.0,220.0,204.6,15050.0
Borile B500Ricki,2013,Classic,0,0,0,487.0,0,0,17500.0
Brudeli 654L,2013,Allround,63.0,170.0,65.0,654.7,240.0,0,25000.0
Cheetah Ecotec,2013,Custom / cruiser,175.0,0,0,1600.0,0,680.4,29000.0
Cheetah LS 1 SST,2013,Custom / cruiser,175.0,0,0,5700.0,0,0,38000.0
Confederate R131 Fighter,2013,Naked bike,150.0,0,203.4,2146.8,0,0,100000.0
Confederate R135 Wraith Combat,2013,Naked bike,125.0,0,176.3,1966.0,0,0,135000.0
Confederate X132 Hellcat Combat,2013,Naked bike,160.0,277.1,217.0,2163.2,0,0,7200.0
Di Blasi Express 50,2013,Allround,1.3,48.3,0,49.9,89.0,0,1995.0
Erik Buell Racing 1190RS,2013,Sport,175.0,0,131.5,1190.0,0,0,39999.0
Evolve Helium XR,2013,Scooter,2.0,64.4,0,0,0,0,4400.0
Evolve Neon XR,2013,Scooter,4.0,80.5,0,0,0,0,5400.0
Evolve Titanium XR,2013,Scooter,6.7,112.7,0,0,0,0,6900.0
Evolve Zinc XR,2013,Scooter,2.0,64.4,0,0,0,0,4600.0
Harley-Davidson CVO Breakout,2013,Custom / cruiser,0,0,151.9,1802.7,0,330.2,26499.0
Harley-Davidson CVO Road Glide Custom,2013,Touring,0,0,165.4,1802.7,0,380.1,32999.0
Harley-Davidson CVO Road Glide Custom 110th Anniversary,2013,Touring,0,0,165.4,1802.7,0,380.1,33999.0
Harley-Davidson CVO Road King,2013,Touring,0,0,160.0,1802.7,0,385.1,29999.0
Harley-Davidson CVO Road King 110th Anniversary,2013,Touring,0,0,160.0,1802.7,0,380.1,30999.0
Harley-Davidson CVO Ultra Classic Electra Glide,2013,Touring,0,0,160.0,1802.7,0,420.5,37599.0
Harley-Davidson CVO Ultra Classic Electra Glide 110th Anniversary,2013,Touring,0,0,160.0,1802.7,0,430.0,38599.0
Harley-Davidson Dyna Fat Bob,2013,Custom / cruiser,0,0,135.6,1688.0,0,320.2,15499.0
Harley-Davidson Dyna Fat Bob Dark Custom,2013,Custom / cruiser,0,0,135.6,1688.0,0,320.2,15499.0
Harley-Davidson Dyna Street Bob,2013,Custom / cruiser,0,0,124.8,1573.3,0,304.8,12999.0
Harley-Davidson Dyna Street Bob Dark Custom,2013,Custom / cruiser,0,0,124.8,1573.3,0,304.8,12999.0
Harley-Davidson Dyna Super Glide Custom,2013,Custom / cruiser,0,0,124.8,1573.3,0,309.8,13199.0
Harley-Davidson Dyna Switchback,2013,Touring,0,0,135.6,1688.0,0,325.7,16199.0
Harley-Davidson Dyna Wide Glide,2013,Custom / cruiser,0,0,134.2,1688.0,0,309.8,14999.0
Harley-Davidson Electra Glide Classic,2013,Touring,0,0,135.6,1688.0,0,413.2,19699.0
Harley-Davidson Electra Glide Ultra Limited,2013,Touring,0,0,135.6,1688.0,0,413.2,24199.0
Harley-Davidson Electra Glide Ultra Limited 110th Anniversary,2013,Touring,0,0,135.6,1688.0,0,413.2,25999.0
Harley-Davidson Fat Boy Lo 110th Anniversary,2013,Custom / cruiser,0,0,133.8,1688.0,0,330.2,19499.0
Harley-Davidson Heritage Softail Classic,2013,Touring,0,0,131.4,1688.0,0,341.1,17599.0
Harley-Davidson Heritage Softail Classic 110th Anniversary,2013,Touring,0,0,129.5,1688.0,0,341.1,20799.0
Harley-Davidson Road Glide Custom,2013,Touring,0,0,135.6,1688.0,0,380.1,19799.0
Harley-Davidson Road Glide Ultra,2013,Touring,0,0,135.6,1688.0,0,413.2,22799.0
Harley-Davidson Road King,2013,Touring,0,0,135.6,1688.0,0,367.9,17699.0
Harley-Davidson Road King 110th Anniversary,2013,Touring,0,0,135.6,1688.0,0,367.9,20999.0
Harley-Davidson Road King Classic,2013,Custom / cruiser,0,0,135.6,1688.0,0,367.9,19899.0
Harley-Davidson Softail Blackline,2013,Custom / cruiser,0,0,133.8,1688.0,0,306.2,15599.0
Harley-Davidson Softail Blackline Dark Custom,2013,Custom / cruiser,0,0,133.8,1688.0,0,306.2,15599.0
Harley-Davidson Softail Deluxe,2013,Custom / cruiser,0,0,133.8,1688.0,0,330.2,17399.0
Harley-Davidson Softail Fat Boy,2013,Custom / cruiser,0,0,133.8,1688.0,0,330.2,16999.0
Harley-Davidson Softail Fat Boy Lo,2013,Custom / cruiser,0,0,133.8,1688.0,0,330.2,16799.0
Harley-Davidson Softail Slim,2013,Custom / cruiser,0,0,133.8,1688.0,0,317.5,15699.0
Harley-Davidson Sportster 1200 Custom,2013,Custom / cruiser,0,0,107.1,1201.3,0,259.9,10499.0
Harley-Davidson Sportster Forty-Eight,2013,Custom / cruiser,0,0,107.1,1201.3,0,259.9,10599.0
Harley-Davidson Sportster Forty-Eight Dark Custom,2013,Custom / cruiser,0,0,107.1,1201.3,0,259.9,10599.0
Harley-Davidson Sportster Iron 833,2013,Custom / cruiser,0,0,74.6,883.3,0,260.0,7999.0
Harley-Davidson Sportster Iron 883 Dark Custom,2013,Custom / cruiser,0,0,74.6,883.3,0,260.0,7999.0
Harley-Davidson Sportster Seventy-Two,2013,Custom / cruiser,0,0,99.0,1201.3,0,251.7,10699.0
Harley-Davidson Sportster Seventy-Two Dark Custom,2013,Custom / cruiser,0,0,99.0,1201.3,260.0,251.7,10699.0
Harley-Davidson Sportster SuperLow,2013,Custom / cruiser,0,0,74.6,883.3,260.0,259.9,8099.0
Harley-Davidson Street Glide,2013,Touring,0,0,135.6,1688.0,0,367.9,19799.0
Harley-Davidson Super Glide Custom 110th Anniversary,2013,Touring,0,0,124.8,1573.3,0,309.8,15999.0
Harley-Davidson Tri Glide Ultra Classic,2013,Touring,0,0,135.6,1688.0,0,0.5,30999.0
Harley-Davidson Tri Glide Ultra Classic 110th Anniversary,2013,Custom / cruiser,0,0,135.6,1688.0,0,0.5,33499.0
Harley-Davidson Ultra Classic Electra Glide,2013,Touring,0,0,135.6,1688.0,0,413.2,21799.0
Harley-Davidson V-Rod Muscle,2013,Custom / cruiser,0,0,118.0,1250.1,0,307.1,15149.0
Harley-Davidson V-Rod Night Rod Special,2013,Naked bike,0,0,113.0,1250.1,0,302.1,15449.0
Honda CB1000R,2013,Naked bike,0,0,0,998.0,256.0,220.0,11760.0
Honda CB1100,2013,Classic,0,0,0,1140.0,256.0,0,9999.0
Honda CB400 Super Bol Dor,2013,Sport,52.3,0,38.0,399.0,235.0,0,10200.0
Honda CB500F,2013,Naked bike,46.9,0,43.0,471.0,240.0,190.0,5499.0
Honda CBR1000RR,2013,Sport,0,0,0,999.0,220.0,199.1,13800.0
Honda CBR500R,2013,Sport,0,0,0,500.0,240.0,192.8,5999.0
Honda CBR500R ABS,2013,Sport,0,0,0,500.0,240.0,194.6,5999.0
Honda CBR600RR,2013,Sport,0,0,0,599.0,220.0,186.0,23990.0
Honda CRF100F,2013,Enduro / offroad,0,0,0,99.0,0,77.1,2880.0
Honda CRF110F,2013,Enduro / offroad,7.2,0,8.9,109.0,95.0,74.0,2899.0
Honda CRF150F,2013,Enduro / offroad,0,0,0,149.0,149.0,106.1,23990.0
Honda CRF150R,2013,Cross / motocross,0,0,0,149.0,190.0,83.9,4990.0
Honda CRF150RII,2013,Cross / motocross,23.5,0,14.1,149.7,190.0,84.4,4990.0
Honda CRF230F,2013,Enduro / offroad,0,0,0,223.0,240.0,112.9,4170.0
Honda CRF250L,2013,Enduro / offroad,22.8,0,22.0,250.0,220.0,144.0,4495.0
Honda CRF250R,2013,Enduro / offroad,0,0,0,249.0,240.0,103.0,7420.0
Honda CRF250X,2013,Enduro / offroad,0,0,0,249.0,240.0,115.2,7410.0
Honda CRF450R,2013,Cross / motocross,51.4,0,47.7,449.7,220.0,111.0,8440.0
Honda CRF450X,2013,Enduro / offroad,0,0,0,449.0,240.0,122.0,8440.0
Honda Elite,2013,Scooter,0,0,0,108.0,130.0,115.2,2999.0
Honda FourTrax Foreman 4x4,2013,ATV,0,0,0,475.0,180.0,284.0,6999.0
Honda FourTrax Rancher AT,2013,ATV,0,0,0,420.0,0,283.0,7099.0
Honda FourTrax Recon,2013,ATV,0,0,0,229.0,229.0,196.0,3949.0
Honda FourTrax Rincon,2013,ATV,0,0,0,675.0,180.0,293.9,9199.0
Honda Fury,2013,Custom / cruiser,0,0,0,1312.0,296.0,300.7,13390.0
Honda Gold Wing Airbag,2013,Touring,0,0,0,1832.0,316.0,423.2,28100.0
Honda Gold Wing Audio Comfort,2013,Touring,0,0,0,1832.0,316.0,410.1,23990.0
Honda Gold Wing Audio Comfort Navi XM,2013,Touring,0,0,0,1832.0,316.0,410.1,26880.0
Honda Gold Wing Audio Comfort Navi XM ABS,2013,Touring,0,0,0,1832.0,316.0,415.5,28100.0
Honda Gold Wing F6B,2013,Touring,0,0,0,1832.0,316.0,381.9,19999.0
Honda Interstate,2013,Touring,0,0,0,1312.0,296.0,323.0,13240.0
Honda Metropolitan,2013,Scooter,0,0,0,49.0,0,81.2,1999.0
Honda NC700X,2013,Super motard,0,0,0,670.0,240.0,214.1,6999.0
Honda NT700V ABS,2013,Sport touring,0,0,0,680.0,276.0,258.1,11199.0
Honda PCX150,2013,Scooter,0,0,0,153.0,153.0,129.7,3449.0
Honda Rebel,2013,Custom / cruiser,0,0,0,234.0,234.0,150.1,4190.0
Honda Ruckus,2013,Scooter,0,0,0,49.0,0,88.0,23990.0
Honda SH150i,2013,Scooter,0,0,0,153.0,130.0,137.0,4499.0
Honda ST1300A Pan-European ABS,2013,Sport touring,0,0,0,1261.0,316.0,331.1,18230.0
Honda Sabre,2013,Custom / cruiser,0,0,0,1312.0,296.0,301.2,12250.0
Honda Shadow Aero,2013,Custom / cruiser,0,0,0,745.0,180.0,254.0,8240.0
Honda Shadow Phantom,2013,Custom / cruiser,0,0,0,745.0,296.0,249.0,23990.0
Honda Shadow RS,2013,Custom / cruiser,0,0,0,745.0,296.0,228.2,23990.0
Honda Shadow Spirit 750,2013,Custom / cruiser,0,0,79.0,745.0,296.0,243.1,8240.0
Honda Silver Wing ABS,2013,Scooter,0,0,0,582.0,240.0,249.9,23990.0
Honda Stateline,2013,Custom / cruiser,0,0,0,1312.0,296.0,304.8,12150.0
Honda TRX250X,2013,ATV,0,0,0,229.0,229.0,171.9,4499.0
Honda TRX400X,2013,ATV,0,0,0,397.0,220.0,185.1,6399.0
Honda TRX450R,2013,ATV,0,0,0,450.0,190.0,176.0,7799.0
Honda TRX90X,2013,ATV,0,0,0,86.0,0,118.8,2999.0
Honda VFR1200F,2013,Sport,0,0,0,1237.0,276.0,268.1,15999.0
Honda VFR1200F DCT,2013,Sport,0,0,0,1237.0,276.0,268.1,15999.0
Honda XR650L,2013,Enduro / offroad,0,0,0,644.0,0,156.9,23990.0
Hyosung GT250,2013,Sport,27.0,0,22.7,249.0,230.0,0,3799.0
Hyosung GT250R,2013,Sport,27.0,0,22.7,249.0,230.0,187.8,4099.0
Hyosung GT650,2013,Naked bike,79.0,0,66.9,647.0,230.0,191.0,5699.0
Hyosung GT650R,2013,Sport,79.0,0,66.9,647.0,230.0,215.0,6299.0
Hyosung GV250 Aquila,2013,Custom / cruiser,25.0,0,22.0,249.0,0,0,3999.0
Hyosung GV650 Aquila Pro,2013,Custom / cruiser,79.0,0,67.0,647.0,270.0,0,6899.0
Hyosung MS3-250,2013,Scooter,25.0,0,22.2,249.0,220.0,0,4499.0
Hyosung Prima,2013,Scooter,5.0,0,3.8,49.0,162.0,0,1799.0
Hyosung Rally,2013,Scooter,5.0,0,3.8,49.0,110.0,0,1899.0
Hyosung ST7,2013,Custom / cruiser,79.0,0,67.0,678.2,270.0,0,7299.0
Hyosung ST7 Deluxe,2013,Custom / cruiser,79.0,0,67.0,678.2,270.0,0,8999.0
Hyosung Sense,2013,Scooter,4.0,0,3.8,49.0,162.0,0,1599.0
Hyosung TE450S,2013,ATV,52.0,0,47.6,449.0,240.0,0,4999.0
Indian Chief Dark Horse,2013,Custom / cruiser,0,0,0,1720.8,0,0,27999.0
Indian Chief Vintage,2013,Classic,0,0,0,1720.8,0,0,35999.0
Indian Chief Vintage LE,2013,Classic,0,0,0,1720.8,0,0,37899.0
Johnny Pag Falcon 320i,2013,Sport,23.8,0,18.5,320.0,0,0,3999.0
Johnny Pag Malibu 320i,2013,Custom / cruiser,22.0,172.2,0,320.0,0,189.6,5199.0
Johnny Pag RX 320i,2013,Allround,23.8,0,0,320.0,0,0,3999.0
Johnny Pag Ventura 320i,2013,Custom / cruiser,22.0,170.6,0,320.0,0,185.1,5199.0
Kawasaki Brute Force 300,2013,ATV,0,0,0,271.0,148.0,243.0,4249.0
Kawasaki Brute Force 650 4x4,2013,ATV,0,0,0,633.0,0,294.1,7799.0
Kawasaki Brute Force 650 4x4i,2013,ATV,0,0,0,633.0,0,296.1,8199.0
Kawasaki Brute Force 750 4x4i,2013,ATV,0,0,0,749.0,200.0,310.1,9299.0
Kawasaki Brute Force 750 4x4i EPS,2013,ATV,0,0,0,749.0,200.0,315.1,9999.0
Kawasaki Brute Force 750 4x4i EPS Camo,2013,ATV,0,0,0,749.0,200.0,315.1,10599.0
Kawasaki Concours 14 ABS,2013,Sport touring,0,0,138.3,1352.0,270.0,312.1,16199.0
Kawasaki KFX 450R,2013,ATV,0,0,0,449.0,200.0,392.5,8099.0
Kawasaki KFX 50,2013,ATV,0,0,0,49.5,0,111.1,1999.0
Kawasaki KFX 90,2013,ATV,0,0,0,89.0,0,118.8,2749.0
Kawasaki KLR 650,2013,Super motard,0,0,0,651.0,240.0,196.0,6499.0
Kawasaki KLX 110,2013,Enduro / offroad,0,0,0,111.0,0,76.2,2249.0
Kawasaki KLX 110L,2013,Enduro / offroad,0,0,0,111.0,0,76.2,2399.0
Kawasaki KLX 140,2013,Enduro / offroad,0,0,0,144.0,186.0,93.0,2999.0
Kawasaki KLX 140L,2013,Enduro / offroad,0,0,0,144.0,186.0,95.0,3299.0
Kawasaki KLX 250S,2013,Super motard,0,0,0,249.0,240.0,135.0,5099.0
Kawasaki KX 100,2013,Cross / motocross,0,0,0,99.0,0,71.0,4249.0
Kawasaki KX 250F,2013,Cross / motocross,0,0,0,249.0,240.0,106.0,7599.0
Kawasaki KX 450F,2013,Cross / motocross,0,0,0,449.0,240.0,112.5,8699.0
Kawasaki KX 85,2013,Cross / motocross,0,0,0,84.0,0,69.0,4049.0
Kawasaki Ninja 1000,2013,Sport,0,0,0,1043.0,250.0,231.1,11399.0
Kawasaki Ninja 1000 ABS,2013,Sport,0,0,0,1043.0,250.0,231.1,12099.0
Kawasaki Ninja 250,2013,Sport,0,0,0,249.0,220.0,170.1,4199.0
Kawasaki Ninja 250 ABS Special Edition,2013,Sport,0,0,0,249.0,220.0,174.0,4499.0
Kawasaki Ninja 250 Special Edition,2013,Sport,0,0,0,249.0,220.0,170.1,4499.0
Kawasaki Ninja 250R,2013,Sport,0,0,0,249.0,220.0,170.1,4199.0
Kawasaki Ninja 300,2013,Sport,0,0,0,296.0,220.0,172.1,4799.0
Kawasaki Ninja 300 ABS,2013,Sport,0,0,0,296.0,220.0,174.0,5499.0
Kawasaki Ninja 650,2013,Sport,0,0,0,649.0,220.0,209.0,7599.0
Kawasaki Ninja 650 ABS,2013,Sport,0,0,0,649.0,220.0,211.1,8099.0
Kawasaki Ninja ZX -10R,2013,Sport,0,0,0,998.0,220.0,198.0,14299.0
Kawasaki Ninja ZX -10R ABS,2013,Sport,0,0,0,998.0,220.0,201.0,15299.0
Kawasaki Ninja ZX -14R,2013,Sport,0,0,0,1441.0,250.0,265.0,14999.0
Kawasaki Ninja ZX -14R ABS,2013,Sport,0,0,0,1441.0,250.0,265.0,15999.0
Kawasaki Ninja ZX -6R,2013,Sport,0,0,0,636.0,220.0,192.1,11699.0
Kawasaki Ninja ZX -6R ABS,2013,Sport,0,0,0,636.0,220.0,194.1,12699.0
Kawasaki Prairie 360 4x4,2013,ATV,0,0,0,362.0,0,292.1,6299.0
Kawasaki Versys,2013,Allround,0,0,0,649.0,220.0,206.0,7999.0
Kawasaki Vulcan 1700 Classic,2013,Custom / cruiser,0,0,146.5,1700.0,300.0,345.2,11499.0
Kawasaki Vulcan 1700 Nomad,2013,Touring,0,0,146.5,1700.0,300.0,378.3,16099.0
Kawasaki Vulcan 1700 Vaquero,2013,Touring,0,0,146.5,1700.0,300.0,379.1,17149.0
Kawasaki Vulcan 1700 Voyager,2013,Touring,0,0,146.5,1700.0,300.0,401.9,18249.0
Kawasaki Vulcan 1700 Voyager ABS,2013,Touring,0,0,146.5,1700.0,300.0,406.0,19349.0
Kawasaki Vulcan 900 Classic,2013,Custom / cruiser,0,0,78.9,903.0,300.0,281.1,8699.0
Kawasaki Vulcan 900 Classic LT,2013,Touring,0,0,78.9,903.0,300.0,298.1,9699.0
Kawasaki Vulcan 900 Custom,2013,Custom / cruiser,0,0,78.9,903.0,270.0,277.1,9199.0
Kawasaki Z1000,2013,Naked bike,0,0,0,1043.0,250.0,218.2,10999.0
Kymco Agility 50,2013,Scooter,0,0,3.2,49.0,110.0,0,1449.0
Kymco Compagno 110i,2013,Scooter,0,0,9.1,112.0,0,0,2999.0
Kymco Compagno 50i,2013,Scooter,0,0,3.8,49.5,0,0,2599.0
Kymco Downtown 200i,2013,Scooter,10.9,0,0,205.0,0,0,5199.0
Kymco Downtown 300i,2013,Scooter,29.5,144.8,0,299.0,240.0,0,5599.0
Kymco Like 200i,2013,Scooter,10.9,120.7,0,163.0,0,0,2699.0
Kymco Like 200i LX,2013,Scooter,10.9,120.7,0,163.0,0,0,2799.0
Kymco Like 50,2013,Scooter,1.5,0,2.5,49.0,0,0,2199.0
Kymco Like 50 LX,2013,Scooter,1.5,0,2.5,49.0,0,0,2299.0
Kymco MXU 150,2013,ATV,11.0,64.4,0,151.0,0,0,3099.0
Kymco MXU 300,2013,ATV,18.3,0,0,270.0,0,0,3899.0
Kymco MXU 375i,2013,ATV,26.0,0,0,366.9,0,0,5599.0
Kymco MXU 450i,2013,ATV,33.0,0,34.0,443.0,0,0,6099.0
Kymco MXU 450i LE,2013,ATV,33.0,0,34.0,443.0,0,0,6099.0
Kymco MXU 500,2013,ATV,18.0,0,0,498.5,220.0,0,5699.0
Kymco MXU 500i,2013,ATV,36.0,0,0,499.0,220.0,0,7499.0
Kymco MXU 500i LE,2013,ATV,47.6,0,40.0,498.5,220.0,0,8299.0
Kymco MXU 700i,2013,ATV,45.0,0,40.0,695.0,0,0,8599.0
Kymco MXU 700i LE,2013,ATV,45.0,0,40.0,695.0,0,0,9399.0
Kymco Maxxer 450i,2013,ATV,33.0,0,34.0,442.9,202.0,0,6899.0
Kymco Mongoose 300,2013,ATV,18.3,0,0,270.0,0,0,3849.0
Kymco Mongoose 70,2013,ATV,5.3,0,0,69.0,0,0,2199.0
Kymco Mongoose 90,2013,ATV,6.3,0,3.2,89.0,0,0,2499.0
Kymco Movie 150,2013,Scooter,0,0,12.5,149.0,0,0,3199.0
Kymco People GT 300i,2013,Scooter,0,0,0,298.9,0,0,5399.0
Kymco Super 8 150,2013,Scooter,9.4,0,0,149.7,0,0,2499.0
Kymco Super 8 50,2013,Scooter,1.5,0,2.5,49.0,0,0,2199.0
Kymco Xciting 500i ABS,2013,Scooter,0,0,0,498.5,0,0,6899.0
Lambretta UNO 150,2013,Scooter,0,104.6,0,149.6,0,121.0,2995.0
Lambretta UNO 50,2013,Scooter,0,48.3,0,49.3,0,0,2150.0
Moto Guzzi Griso 8V SE,2013,Naked bike,110.0,0,108.0,1064.0,282.0,0,12699.0
Moto Guzzi Norge GT 8V,2013,Sport touring,102.0,0,104.0,1151.0,282.0,0,16200.0
Moto Guzzi Stelvio 1200 NTX,2013,Super motard,105.0,0,113.0,1151.0,282.0,272.0,15990.0
Moto Guzzi V7 Racer,2013,Classic,49.6,0,57.9,744.0,260.0,0,9990.0
Moto Guzzi V7 Special,2013,Classic,49.6,0,57.9,744.0,260.0,0,8990.0
Moto Guzzi V7 Stone,2013,Classic,49.6,0,57.9,744.0,260.0,0,8390.0
Motus MST,2013,Sport touring,165.0,0,0,1650.0,0,0,30950.0
Motus MST-R,2013,Sport touring,185.0,0,0,1650.0,0,0,36950.0
NCR Leggera,2013,Super motard,90.0,0,0,1078.0,200.0,0,76000.0
NCR M4,2013,Sport,107.0,0,115.0,1100.0,200.0,0,49000.0
NCR Mike Hailwood TT,2013,Sport,130.0,0,135.0,1120.0,200.0,0,130000.0
NCR Millona One Shot,2013,Sport,116.0,0,108.0,1100.0,200.0,0,71500.0
NCR Millona R,2013,Sport,100.0,0,92.0,1000.0,200.0,0,51597.0
NCR Millona S,2013,Sport,100.0,0,92.0,1000.0,200.0,0,39149.0
Piaggio BV 350,2013,Scooter,33.0,0,32.3,330.0,260.0,177.0,5699.0
Piaggio Fly 150,2013,Scooter,11.4,98.2,11.5,150.0,140.0,112.0,2899.0
Piaggio Fly 50 4V,2013,Scooter,11.4,62.8,3.5,49.9,140.0,107.0,2199.0
Piaggio MP3 250,2013,Scooter,22.5,123.9,21.0,244.3,240.0,0,7199.0
Piaggio MP3 400,2013,Scooter,0,141.6,0,399.0,240.0,238.0,8699.0
Piaggio MP3 500,2013,Scooter,40.0,143.2,42.3,492.7,260.0,245.0,8899.0
Piaggio Typhoon 125,2013,Scooter,0,96.6,8.2,125.0,140.0,113.0,2699.0
Piaggio Typhoon 50,2013,Scooter,4.6,0,3.8,49.0,140.0,101.0,1899.0
Pitster Pro LXR 155R TEN Pit Bike,2013,Minibike-cross,0,0,0,155.0,190.0,0,2499.0
Pitster Pro T4 250 LC 21x18,2013,Enduro / offroad,0,0,0,248.0,241.0,223.0,2799.0
Pitster Pro T4 250 SC 19x16,2013,Enduro / offroad,5.4,0,0,248.0,241.0,0,2599.0
Pitster Pro X2 120 10x12,2013,Minibike-cross,0,0,0,120.0,0,0,1499.0
Pitster Pro X2 140R Pit Bike,2013,Minibike-cross,0,0,0,140.0,190.0,0,1649.0
Pitster Pro X2 Mini GP,2013,Minibike-sport,0,0,0,125.0,0,83.9,1999.0
Pitster Pro X5 140,2013,Minibike-cross,0,0,0,140.0,190.0,0,1749.0
Pitster Pro X5 155,2013,Minibike-cross,0,0,0,140.0,190.0,0,1899.0
Pitster Pro XJR SS 50 Auto,2013,Minibike-cross,0,0,0,49.0,0,0,999.0
Qlink Estate 50,2013,Scooter,4.3,0,4.2,49.3,250.0,0,1650.0
Qlink Hawk 50,2013,Scooter,4.3,0,4.2,49.0,0,0,1550.0
Qlink Rave 150,2013,Scooter,12.0,0,10.5,149.6,0,0,1950.0
Qlink Rodeo 500,2013,ATV,22.8,0,0,471.0,0,0,5299.0
Qlink Rodeo 700,2013,ATV,33.5,0,0,686.0,0,0,2699.0
Qlink XF 200,2013,Enduro / offroad,15.4,0,14.5,199.0,0,0,2650.0
Qlink XP 200,2013,Super motard,15.4,0,14.5,199.0,0,0,2650.0
Quantya Evo1 Track,2013,Cross / motocross,16.1,72.4,41.0,0,200.0,0,9975.0
Rokon Hunter,2013,Enduro / offroad,7.0,56.0,12.4,208.0,0,0,7250.0
Rokon Ranger,2013,Enduro / offroad,5.0,0,10.9,160.0,0,0,6375.0
Rokon Scout,2013,Enduro / offroad,7.0,0,12.4,208.0,0,0,6175.0
Rokon Trail-Breaker,2013,Enduro / offroad,7.0,56.0,12.4,208.0,0,0,6975.0
Sucker Punch Sallys 66 Bobber,2013,Custom / cruiser,0,0,0,1337.3,0,0,21999.0
Sucker Punch Sallys Hot Rod,2013,Custom / cruiser,0,0,0,1527.0,0,0,27995.0
Sucker Punch Sallys Slim,2013,Custom / cruiser,0,0,0,1638.8,0,0,25999.0
Sucker Punch Sallys Special,2013,Custom / cruiser,0,0,0,1337.3,0,0,18999.0
Sucker Punch Sallys Traditional,2013,Custom / cruiser,0,0,0,1337.3,0,0,19995.0
Suzuki Boulevard C50,2013,Custom / cruiser,0,0,0,805.0,0,277.1,8399.0
Suzuki Boulevard C50 Special Edition,2013,Custom / cruiser,0,0,0,805.0,0,277.1,8799.0
Suzuki Boulevard C50T,2013,Touring,0,0,0,805.0,0,292.1,9599.0
Suzuki Boulevard C90T B.O.S.S.,2013,Touring,0,0,0,1462.0,0,362.9,13999.0
Suzuki Boulevard M109R,2013,Custom / cruiser,0,0,0,1783.0,0,347.0,14299.0
Suzuki Boulevard M109R Limited Edition,2013,Custom / cruiser,0,0,0,1783.0,0,347.0,14799.0
Suzuki Boulevard M50,2013,Custom / cruiser,0,0,0,805.0,0,269.0,8799.0
Suzuki Boulevard M90,2013,Custom / cruiser,0,0,0,1462.0,290.0,328.0,11199.0
Suzuki Boulevard S40,2013,Custom / cruiser,0,0,0,652.0,0,173.0,5699.0
Suzuki Burgman 400 ABS,2013,Scooter,0,0,0,398.0,0,222.0,7899.0
Suzuki DR-Z125,2013,Enduro / offroad,0,0,0,124.0,0,88.0,3099.0
Suzuki DR-Z125L,2013,Enduro / offroad,0,0,0,124.0,0,89.0,3199.0
Suzuki DR-Z400S,2013,Enduro / offroad,0,0,0,398.0,0,144.0,6499.0
Suzuki DR-Z400SM,2013,Super motard,0,0,0,398.0,0,146.0,6999.0
Suzuki DR200SE,2013,Super motard,0,0,0,198.0,0,126.0,4199.0
Suzuki DR650SE,2013,Enduro / offroad,0,0,0,644.0,0,166.0,6399.0
Suzuki GSX-R1000,2013,Sport,0,0,0,999.0,0,203.0,13799.0
Suzuki GSX-R1000 1 Million,2013,Sport,0,0,0,999.0,0,203.0,13999.0
Suzuki GSX-R600,2013,Sport,0,0,0,750.0,0,187.0,11599.0
Suzuki GSX-R750,2013,Sport,0,0,0,750.0,0,190.0,12199.0
Suzuki GSX1250FA,2013,Sport,0,0,0,1255.0,240.0,257.0,11599.0
Suzuki Hayabusa,2013,Sport,0,0,0,1340.0,320.0,0,14399.0
Suzuki Hayabusa Limited Edition,2013,Sport,0,0,0,1340.0,260.0,0,14599.0
Suzuki RM-Z250,2013,Cross / motocross,0,0,0,249.0,0,106.5,7599.0
Suzuki RM-Z450,2013,Cross / motocross,0,0,0,449.0,0,113.0,8699.0
Suzuki RM85,2013,Cross / motocross,0,0,0,84.7,0,73.0,4149.0
Suzuki RM85L,2013,Cross / motocross,0,0,0,84.7,220.0,74.0,4199.0
Suzuki SFV650,2013,Naked bike,0,0,0,465.0,240.0,202.0,7999.0
Suzuki TU250X,2013,Allround,0,0,0,248.0,0,148.0,4399.0
Suzuki V-Strom 1000,2013,Super motard,0,0,0,996.0,0,238.0,10399.0
Suzuki V-Strom 1000 Adventure,2013,Super motard,0,0,0,996.0,0,252.0,10999.0
Triumph America,2013,Custom / cruiser,61.0,0,72.0,865.0,285.0,250.0,8299.0
Triumph Bonneville,2013,Classic,68.0,0,68.0,865.0,255.0,225.0,7699.0
Triumph Bonneville T100,2013,Classic,66.0,0,67.8,865.0,255.0,224.5,8599.0
Triumph Daytona 675,2013,Sport,128.0,0,74.0,675.0,220.0,184.0,11599.0
Triumph Daytona 675 R,2013,Sport,128.0,0,74.0,675.0,220.0,184.0,13499.0
Triumph Rocket III Roadster,2013,Custom / cruiser,148.0,0,221.0,2294.0,316.0,367.0,14999.0
Triumph Rocket III Touring,2013,Touring,148.0,0,221.0,2294.0,316.0,395.0,14999.0
Triumph Scrambler,2013,Classic,59.0,0,68.0,865.0,255.0,230.0,8799.0
Triumph Speed Triple,2013,Naked bike,135.0,0,111.0,1050.0,255.0,214.0,12799.0
Triumph Speed Triple R,2013,Naked bike,135.0,0,111.0,1050.0,255.0,212.0,15999.0
Triumph Speedmaster,2013,Custom / cruiser,61.0,0,72.0,865.0,285.0,250.0,8299.0
Triumph Street Triple,2013,Naked bike,106.0,0,68.0,675.0,220.0,182.0,9399.0
Triumph Street Triple R,2013,Naked bike,106.0,0,68.0,675.0,220.0,183.0,9999.0
Triumph Thruxton,2013,Classic,69.0,0,69.0,865.0,255.0,230.0,8799.0
Triumph Thunderbird,2013,Custom / cruiser,86.0,0,146.0,1597.0,310.0,339.0,13499.0
Triumph Thunderbird Storm,2013,Custom / cruiser,86.0,0,146.0,1597.0,310.0,339.0,14799.0
Triumph Tiger 800,2013,Sport,95.0,0,79.0,800.0,308.0,210.0,10999.0
Triumph Tiger Explorer,2013,Allround,137.0,0,121.0,1215.0,0,259.0,15699.0
Triumph Trophy SE,2013,Touring,134.0,0,120.0,1215.0,282.0,301.0,18999.0
Ural Gobi,2013,Classic,40.0,0,52.0,749.0,0,0,14099.0
Ural M70 Retro,2013,Classic,40.0,105.0,51.5,749.0,0,0,13849.0
Ural Patrol,2013,Classic,40.0,0,52.0,749.0,0,0,13699.0
Ural Solo sT,2013,Classic,40.0,130.0,52.0,745.0,245.0,0,7999.0
Ural T,2013,Classic,40.0,0,52.0,749.0,0,0,10499.0
Ural Tourist,2013,Classic,40.0,0,52.0,749.0,0,0,12099.0
Vectrix VX-1 Li Plus,2013,Scooter,28.2,104.6,65.0,0,0,0,13995.0
Vectrix VX-2,2013,Scooter,5.4,48.3,140.0,0,0,0,4295.0
Vespa GTS 300 IE,2013,Scooter,22.0,128.8,22.3,278.0,220.0,0,5999.0
Vespa GTS 300 IE Super,2013,Scooter,21.2,128.8,22.3,278.0,220.0,0,6199.0
Vespa GTS 300 Super Sport SE,2013,Scooter,21.2,128.8,22.3,278.0,220.0,0,6199.0
Vespa GTV 300 IE,2013,Scooter,21.2,128.8,22.3,278.0,220.0,0,6999.0
Vespa LX 50 4V,2013,Scooter,4.3,62.8,3.5,49.4,110.0,0,3399.0
Vespa LXV 150 IE,2013,Scooter,11.9,95.0,11.5,150.0,110.0,0,4599.0
Vespa S 150 Sport SE,2013,Scooter,11.7,95.0,11.5,150.0,110.0,0,4599.0
Vespa S 150 ie.,2013,Scooter,11.7,95.0,11.5,150.0,110.0,0,4499.0
Vespa S 50 4V,2013,Scooter,0,62.8,0,49.4,110.0,0,3299.0
Vespa S 50 Sport SE,2013,Scooter,0,62.8,0,49.4,110.0,0,3399.0
Victory Arlen Ness Vision,2013,Touring,0,0,12.0,1737.1,300.0,0,25999.0
Victory Boardwalk,2013,Custom / cruiser,0,0,12.0,1737.1,300.0,0,15499.0
Victory Cory Ness Cross Country Tour,2013,Touring,0,0,12.0,1737.1,300.0,0,28999.0
Victory Cross Country,2013,Touring,0,0,0,1737.1,300.0,0,18999.0
Victory Cross Country Tour,2013,Touring,0,0,12.0,1737.1,300.0,0,21999.0
Victory Cross Roads Classic,2013,Touring,0,0,0,1737.1,300.0,0,17999.0
Victory Hammer 8-Ball,2013,Custom / cruiser,0,0,12.0,1737.1,300.0,0,14499.0
Victory Hard-Ball,2013,Custom / cruiser,0,0,0,1737.1,300.0,0,18999.0
Victory High-Ball,2013,Custom / cruiser,0,0,12.0,1737.1,300.0,0,14499.0
Victory Jackpot,2013,Custom / cruiser,0,0,12.0,1737.1,300.0,0,18499.0
Victory Judge,2013,Custom / cruiser,0,0,12.0,1737.1,300.0,0,13999.0
Victory Vegas 8-Ball,2013,Custom / cruiser,0,0,0,1737.1,300.0,0,12499.0
Victory Vision Tour,2013,Touring,0,0,12.0,1737.1,300.0,0,20999.0
Victory Zach Ness Cross Country,2013,Touring,0,0,0,1737.1,300.0,0,25999.0
Yamaha C3,2013,Scooter,0,0,0,49.0,110.0,0,2250.0
Yamaha FJR1300A,2013,Sport touring,0,0,0,1298.0,282.0,288.9,15890.0
Yamaha FZ1,2013,Sport,0,0,0,998.0,245.0,220.9,10790.0
Yamaha FZ6R,2013,Sport,0,0,0,600.0,245.0,213.2,7890.0
Yamaha FZ8,2013,Sport,0,0,0,779.0,267.0,211.8,8890.0
Yamaha Majesty,2013,Scooter,0,0,0,395.0,267.0,211.8,6850.0
Yamaha PW50,2013,Enduro / offroad,0,0,0,49.0,0,39.0,1440.0
Yamaha Road Star S,2013,Custom / cruiser,0,0,0,1671.6,320.0,337.0,13790.0
Yamaha Road Star Silverado S,2013,Touring,0,0,0,1671.6,298.0,350.6,15890.0
Yamaha Royal Star Tour Deluxe,2013,Touring,97.0,0,0,1294.7,320.0,382.8,15690.0
Yamaha Royal Star Venture S,2013,Touring,97.0,0,0,1294.7,320.0,394.2,20590.0
Yamaha Star Midnight Warrior,2013,Custom / cruiser,0,0,0,1671.6,282.0,294.8,13390.0
Yamaha Star Raider,2013,Custom / cruiser,0,0,0,1851.9,310.0,331.1,14890.0
Yamaha Star Raider S,2013,Custom / cruiser,0,0,0,1851.9,310.0,331.1,15690.0
Yamaha Star Raider SCL,2013,Custom / cruiser,0,0,0,1851.9,310.0,340.2,19990.0
Yamaha Star Roadliner Midnight,2013,Custom / cruiser,0,0,0,1851.9,320.0,339.7,14090.0
Yamaha Star Roadliner S,2013,Custom / cruiser,0,0,0,1851.9,320.0,340.2,15690.0
Yamaha Star Stratoliner,2013,Touring,0,0,0,1851.9,320.0,363.8,15690.0
Yamaha Star Stratoliner Deluxe,2013,Custom / cruiser,0,0,0,1851.9,320.0,360.2,17990.0
Yamaha Star Stratoliner S,2013,Touring,0,0,0,1851.9,320.0,368.8,17590.0
Yamaha Star Stryker,2013,Custom / cruiser,0,0,0,1311.1,310.0,293.0,11590.0
Yamaha Star Warrior,2013,Custom / cruiser,0,0,0,1671.6,282.0,294.8,13190.0
Yamaha Super Tenere,2013,Super motard,0,0,0,1199.0,282.0,262.2,14790.0
Yamaha TMAX,2013,Scooter,0,0,0,499.0,267.0,221.8,8590.0
Yamaha TMAX ABS,2013,Scooter,0,0,0,499.0,267.0,227.0,8590.0
Yamaha TT-R110E,2013,Enduro / offroad,0,0,0,110.0,110.0,72.1,2240.0
Yamaha TT-R125,2013,Enduro / offroad,0,0,0,124.0,110.0,88.0,3099.0
Yamaha TT-R125LE,2013,Enduro / offroad,0,0,0,124.0,110.0,89.8,3290.0
Yamaha TT-R230,2013,Enduro / offroad,0,0,0,223.0,130.0,113.9,3990.0
Yamaha TT-R50E,2013,Enduro / offroad,0,0,0,49.0,0,57.2,1540.0
Yamaha TW200,2013,Enduro / offroad,0,0,0,196.0,110.0,126.1,4590.0
Yamaha V Star 1100 Classic,2013,Custom / cruiser,0,0,0,1065.2,282.0,284.9,9490.0
Yamaha V Star 1100 Custom,2013,Custom / cruiser,0,0,0,1065.2,282.0,274.9,9190.0
Yamaha V Star 1100 Silverado,2013,Touring,0,0,0,1065.2,282.0,303.9,10290.0
Yamaha V Star 1300,2013,Custom / cruiser,0,0,0,1311.1,298.0,303.0,11190.0
Yamaha V Star 1300 Deluxe,2013,Touring,0,0,0,1311.1,298.0,0,13690.0
Yamaha V Star 1300 Tourer,2013,Touring,0,0,0,1311.1,298.0,323.0,12290.0
Yamaha V Star 250,2013,Custom / cruiser,0,0,0,245.8,130.0,147.9,4290.0
Yamaha V Star 950,2013,Custom / cruiser,0,0,0,942.3,298.0,278.1,8590.0
Yamaha V Star 950 Tourer,2013,Touring,0,0,0,942.3,298.0,298.0,9690.0
Yamaha V Star Classic,2013,Custom / cruiser,0,0,0,655.5,200.0,246.8,6590.0
Yamaha V Star Custom,2013,Custom / cruiser,0,0,0,655.5,200.0,233.2,6990.0
Yamaha V Star Silverado,2013,Touring,0,0,0,655.5,200.0,264.4,7890.0
Yamaha VMAX,2013,Custom / cruiser,0,0,0,1671.6,298.0,309.8,19990.0
Yamaha Vino 125,2013,Scooter,0,0,0,124.0,110.0,108.9,2899.0
Yamaha Vino Classic,2013,Scooter,0,0,0,49.0,110.0,81.2,2290.0
Yamaha WR250F,2013,Enduro / offroad,0,0,0,250.0,245.0,115.2,6990.0
Yamaha WR250R,2013,Enduro / offroad,0,0,0,250.0,230.0,133.8,6690.0
Yamaha WR250X,2013,Super motard,0,0,0,250.0,230.0,137.0,6590.0
Yamaha WR450F,2013,Enduro / offroad,0,0,0,449.0,0,123.8,8290.0
Yamaha XT250,2013,Enduro / offroad,0,0,0,249.0,203.0,132.0,5190.0
Yamaha YZ125,2013,Cross / motocross,0,0,0,124.0,245.0,93.9,6290.0
Yamaha YZ250,2013,Cross / motocross,0,0,0,249.0,245.0,103.0,7150.0
Yamaha YZ250F,2013,Cross / motocross,0,0,0,250.0,245.0,103.0,7290.0
Yamaha YZ450F,2013,Cross / motocross,0,0,0,449.0,245.0,111.1,8490.0
Yamaha YZ85,2013,Cross / motocross,0,0,0,85.0,190.0,71.2,3990.0
Yamaha YZF-R1,2013,Sport,0,0,0,998.0,220.0,205.9,14490.0
Yamaha YZF-R6,2013,Sport,0,0,0,599.0,220.0,189.2,11190.0
Yamaha Zuma,2013,Scooter,0,0,0,49.0,155.0,93.9,2390.0
Yamaha Zuma 125,2013,Scooter,0,0,0,125.0,220.0,122.0,3390.0
Yamaha Zuma 50F,2013,Scooter,0,0,0,49.0,0,93.0,2590.0
ATK GT650R,2012,Sport,79.0,0,66.9,647.0,230.0,215.0,6395.0
BMW F 650 GS,2012,Enduro / offroad,48.0,185.0,75.0,798.0,265.0,199.0,7850.0
BMW F 800 GS,2012,Enduro / offroad,48.0,0,83.0,798.0,265.0,207.0,12355.0
BMW F 800 R,2012,Naked bike,85.8,0,86.0,798.0,265.0,199.0,10840.0
BMW F 800 ST,2012,Sport touring,83.8,0,86.0,798.0,265.0,204.0,12550.0
BMW G 650 GS,2012,Enduro / offroad,48.0,170.0,60.0,652.0,240.0,192.0,7850.0
BMW G 650 GS Sertao,2012,Enduro / offroad,48.0,169.0,60.0,652.0,240.0,192.0,8650.0
BMW K 1300 S,2012,Sport,173.0,0,140.0,1293.0,265.0,254.0,15555.0
BMW K 1600 GT,2012,Touring,160.0,0,175.0,1649.0,320.0,319.0,20900.0
BMW K 1600 GTL,2012,Touring,160.0,0,175.0,1649.0,320.0,348.0,23200.0
BMW R 1200 GS,2012,Enduro / offroad,48.0,0,120.0,1170.0,265.0,229.0,16150.0
BMW R 1200 R,2012,Naked bike,108.6,0,119.0,1170.0,265.0,223.0,13880.0
BMW R 1200 RT,2012,Touring,108.6,0,120.0,1170.0,265.0,259.0,17350.0
BMW S 1000 RR,2012,Sport,190.4,0,112.0,999.0,220.0,202.0,15050.0
BamX BX200-U Back Country,2012,ATV,10.5,0,15.0,197.0,0,0,2499.0
BamX BX250-U Back Country,2012,ATV,12.5,0,15.0,230.0,0,0,2999.0
BamX BX400-U4 Sierra,2012,ATV,19.0,0,25.0,387.0,0,0,4999.0
BamX BX50-U Exciter,2012,ATV,2.0,0,2.8,49.5,0,0,1199.0
BamX BX500-U4 Tahoe,2012,ATV,16.1,0,35.0,471.0,0,0,5299.0
BamX BX700-U4 Tahoe,2012,ATV,16.1,0,49.0,686.0,0,0,5999.0
Bennche Gray Wolf 500,2012,ATV,22.8,0,0,471.0,0,349.0,5999.0
Bennche Gray Wolf 700,2012,ATV,33.5,0,0,686.0,0,0,6899.0
Bennche Megelli 250 r,2012,Sport,25.0,0,0,249.0,0,0,3399.0
Big Bear Choppers Venom ProStreet 100 Smooth Carb,2012,Custom / cruiser,95.0,0,151.9,1638.8,0,0,28900.0
Brammo Empulse 10.0,2012,Naked bike,53.6,160.9,80.0,0,0,0,13995.0
Brammo Empulse 8.0,2012,Naked bike,53.6,160.9,80.0,0,0,0,11995.0
Brammo Enertia,2012,Sport,17.4,96.6,40.0,0,0,0,7995.0
Brammo Enertia Plus,2012,Sport,17.4,96.6,40.0,0,0,0,8995.0
Brammo Engage MX,2012,Prototype / concept model,0,0,0,0,0,0,9995.0
Brammo Engage SMR,2012,Prototype / concept model,0,0,0,0,0,0,10555.0
Can-Am Outlander 1000,2012,ATV,82.0,0,0,976.0,214.0,0,10499.0
Can-Am Outlander 1000 XT,2012,ATV,82.0,0,0,976.0,0,0,11950.0
Confederate X132 Hellcat,2012,Naked bike,132.0,0,196.6,2163.2,0,0,45000.0
Current Motor Maxi Scooter,2012,Scooter,16.1,96.6,0,0,0,0,7500.0
Di Blasi Express 50,2012,Allround,1.3,48.3,0,49.9,0,0,1995.0
Dirico HeartBreaker,2012,Custom / cruiser,0,0,0,1442.2,0,0,34900.0
Ducati Hypermotard 1100 Evo Corse,2012,Super motard,95.0,0,102.9,1078.0,245.0,0,14999.0
Enfield Bullet B5,2012,Classic,27.5,0,41.3,499.0,152.0,186.9,5999.0
Erik Buell Racing 1190RS,2012,Sport,175.0,0,131.5,1190.0,0,0,39999.0
Erik Buell Racing 1190RS Carbon Edition,2012,Sport,175.0,0,131.5,1190.0,0,0,43999.0
Evolve Helium,2012,Scooter,2.0,80.5,0,0,0,0,2900.0
Evolve Neon,2012,Scooter,4.0,80.5,0,0,0,0,3900.0
Evolve Titanium,2012,Scooter,6.7,112.7,0,0,0,0,5400.0
Evolve Xenon,2012,Sport,53.6,112.7,0,0,0,0,55000.0
Evolve Zinc,2012,Scooter,2.0,64.4,0,0,0,0,3100.0
Exile Cycles Fat Tracker,2012,Custom / cruiser,0,0,0,1983.0,292.0,0,55000.0
Genuine Scooter Buddy 170i,2012,Scooter,0,96.6,0,168.0,0,0,3299.0
Genuine Scooter Buddy Psycho,2012,Scooter,0,96.6,0,125.0,0,0,2999.0
Harley-Davidson FLHR Road King,2012,Touring,0,0,135.6,1688.0,300.0,368.3,17499.0
Harley-Davidson FLHRC Road King Classic,2012,Touring,0,0,135.6,1688.0,300.0,367.4,19599.0
Harley-Davidson FLHTC Electra Glide Classic,2012,Touring,0,0,135.6,1688.0,300.0,391.9,19499.0
Harley-Davidson FLHTCU Ultra Classic Electra Glide,2012,Touring,0,0,135.6,1688.0,300.0,403.2,21499.0
Harley-Davidson FLHTCUSE7 CVO Ultra Classic Electra Glide,2012,Custom / cruiser,0,0,160.0,1802.7,300.0,420.5,37249.0
Harley-Davidson FLHTCUTG Tri Glide Ultra Classic,2012,Custom / cruiser,0,0,135.6,1688.0,228.0,403.2,30499.0
Harley-Davidson FLHTK Electra Glide Ultra Limited,2012,Touring,0,0,135.6,1688.0,300.0,408.7,23799.0
Harley-Davidson FLHX Street Glide,2012,Touring,0,0,135.6,1688.0,300.0,372.9,19499.0
Harley-Davidson FLSTC Heritage Softail Classic,2012,Custom / cruiser,0,0,131.4,1688.0,292.0,345.2,17349.0
Harley-Davidson FLSTF Softail Fat Boy,2012,Custom / cruiser,0,0,133.8,1688.0,292.0,328.9,16349.0
Harley-Davidson FLSTFB Softail Fat Boy Lo,2012,Custom / cruiser,0,0,133.8,1688.0,292.0,331.6,16649.0
Harley-Davidson FLSTN Softail Deluxe,2012,Custom / cruiser,0,0,133.8,1688.0,292.0,329.3,17149.0
Harley-Davidson FLSTSE3 CVO Softail Convertible,2012,Custom / cruiser,0,0,142.4,1802.7,292.0,357.4,26699.0
Harley-Davidson FLTRU Road Glide Ultra,2012,Touring,0,0,135.6,1688.0,300.0,402.8,22499.0
Harley-Davidson FLTRX Road Glide Custom,2012,Touring,0,0,135.6,1688.0,300.0,370.6,19499.0
Harley-Davidson FXDB Dyna StreetBob,2012,Custom / cruiser,0,0,124.8,1573.3,292.0,303.9,12999.0
Harley-Davidson FXDC Dyna Super Glide Custom,2012,Custom / cruiser,0,0,124.8,1573.3,292.0,308.0,12999.0
Harley-Davidson FXDF Dyna Fat Bob,2012,Custom / cruiser,0,0,135.6,1688.0,292.0,320.2,15349.0
Harley-Davidson FXDWG Dyna Wide Glide,2012,Custom / cruiser,0,0,135.6,1688.0,292.0,303.0,14849.0
Harley-Davidson FXS Softail Blackline,2012,Custom / cruiser,0,0,133.8,1688.0,292.0,309.6,15499.0
Harley-Davidson VRSCDX Night Rod Special,2012,Custom / cruiser,0,0,115.3,1250.1,300.0,303.9,15299.0
Harley-Davidson VRSCDX V-Rod 10th Anniversary,2012,Custom / cruiser,0,0,115.3,1250.1,300.0,303.9,15999.0
Harley-Davidson VRSCF V-Rod Muscle,2012,Custom / cruiser,0,0,116.6,1250.1,300.0,305.3,14999.0
Harley-Davidson XL1200C Sportster 1200 Custom,2012,Custom / cruiser,0,0,107.1,1201.3,260.0,264.0,10299.0
Harley-Davidson XL1200N Nightster,2012,Custom / cruiser,0,0,107.1,1201.3,260.0,254.9,9999.0
Harley-Davidson XL1200X Springer Forty-Eight,2012,Custom / cruiser,0,0,107.1,1201.3,260.0,257.2,10499.0
Harley-Davidson XL883L Sportster SuperLow,2012,Custom / cruiser,0,0,74.6,883.3,260.0,255.4,7999.0
Harley-Davidson XL883N Sportster Iron 883,2012,Custom / cruiser,0,0,74.6,883.3,260.0,256.3,7999.0
Harley-Davidson XR1200X,2012,Custom / cruiser,0,0,100.2,1201.3,260.0,259.9,11799.0
Honda CBR1000RR,2012,Sport,0,0,0,999.0,220.0,200.0,13800.0
Honda CBR600RR,2012,Sport,0,0,0,599.0,220.0,186.0,11540.0
Honda CRF100F,2012,Enduro / offroad,0,0,0,99.0,0,78.9,2880.0
Honda CRF150F,2012,Enduro / offroad,0,0,0,149.0,240.0,107.1,3640.0
Honda CRF150R,2012,Cross / motocross,0,0,0,149.0,190.0,83.0,4990.0
Honda CRF150R Expert,2012,Cross / motocross,0,0,0,149.0,190.0,83.0,4990.0
Honda CRF230F,2012,Enduro / offroad,0,0,0,223.0,240.0,112.9,4170.0
Honda CRF230L,2012,Enduro / offroad,0,0,65.5,223.0,220.0,121.1,4999.0
Honda CRF230M,2012,Super motard,0,0,0,223.0,220.0,125.2,5399.0
Honda CRF250R,2012,Cross / motocross,0,0,0,249.0,240.0,103.9,7420.0
Honda CRF250X,2012,Enduro / offroad,0,0,0,249.0,240.0,114.8,7410.0
Honda CRF450R,2012,Cross / motocross,0,0,0,449.0,240.0,108.9,8440.0
Honda CRF450X,2012,Enduro / offroad,0,0,0,449.0,240.0,122.0,8440.0
Honda DN-01,2012,Allround,0,0,0,680.0,276.0,269.9,15599.0
Honda Elite,2012,Scooter,0,0,0,108.0,130.0,115.2,2999.0
Honda FourTrax Foreman 4x4,2012,ATV,0,0,0,475.0,180.0,284.0,6899.0
Honda FourTrax Rancher 4x4,2012,ATV,0,0,0,420.0,0,248.1,6099.0
Honda FourTrax Rancher ES,2012,ATV,0,0,0,420.0,0,248.1,5299.0
Honda FourTrax Recon,2012,ATV,0,0,0,229.0,0,196.0,3899.0
Honda FourTrax Recon ES,2012,ATV,0,0,0,229.0,0,196.0,3899.0
Honda FourTrax Rincon,2012,ATV,0,0,0,675.0,180.0,293.9,8999.0
Honda Fury,2012,Custom / cruiser,0,0,89.5,1312.0,296.0,300.7,13390.0
Honda GL1800 Gold Wing,2012,Touring,0,0,0,1832.0,316.0,406.0,22899.0
Honda Gold Wing Air Bag,2012,Touring,0,0,0,1832.0,316.0,423.2,29350.0
Honda Gold Wing Audio Comfort,2012,Touring,0,0,0,1832.0,316.0,410.1,23890.0
Honda Gold Wing Audio Comfort Navi Xm,2012,Touring,0,0,0,1832.0,316.0,412.0,26680.0
Honda Gold Wing Audio Comfort Navi Xm ABS,2012,Touring,0,0,0,1832.0,316.0,418.0,27900.0
Honda Interceptor,2012,Sport,0,0,0,782.0,256.0,244.9,11999.0
Honda Interstate,2012,Custom / cruiser,0,0,0,1312.0,296.0,323.0,13250.0
Honda Metropolitan,2012,Scooter,0,0,0,49.0,0,79.8,2049.0
Honda NT700V ABS,2012,Sport touring,0,0,0,680.0,276.0,258.1,11190.0
Honda PCX,2012,Scooter,0,0,0,125.0,220.0,127.0,3399.0
Honda Rebel,2012,Custom / cruiser,0,0,0,234.0,0,150.1,4190.0
Honda SH150i,2012,Scooter,0,0,0,153.0,130.0,137.0,4499.0
Honda ST1300 ABS,2012,Sport touring,0,0,0,1261.0,316.0,331.1,18230.0
Honda Sabre,2012,Custom / cruiser,0,0,0,1312.0,296.0,301.2,12250.0
Honda Shadow Aero,2012,Custom / cruiser,0,0,0,745.0,180.0,254.0,8250.0
Honda Shadow Phantom,2012,Custom / cruiser,0,0,0,745.0,296.0,249.0,8250.0
Honda Shadow RS,2012,Custom / cruiser,0,0,0,745.0,296.0,228.2,8250.0
Honda Shadow Spirit 750,2012,Custom / cruiser,0,0,79.0,745.0,296.0,243.1,8250.0
Honda Stateline,2012,Custom / cruiser,0,0,0,1312.0,296.0,304.8,12150.0
Honda TRX300X,2012,ATV,0,0,0,282.0,0,176.0,5299.0
Honda TRX400X,2012,ATV,0,0,0,397.0,220.0,185.1,6299.0
Honda TRX450R,2012,ATV,0,0,0,450.0,190.0,176.0,7999.0
Honda TRX700XX,2012,ATV,0,0,0,686.0,200.0,229.1,8499.0
Honda TRX90X,2012,ATV,0,0,0,86.0,0,118.8,2999.0
Honda VTX1300C,2012,Custom / cruiser,0,0,0,1312.0,296.0,307.5,101199.0
Honda VTX1300R,2012,Custom / cruiser,0,0,0,1312.0,296.0,322.1,10299.0
Honda VTX1300T,2012,Custom / cruiser,0,0,0,1312.0,296.0,339.3,10499.0
Honda XR650L,2012,Enduro / offroad,0,0,0,644.0,0,156.9,6699.0
Husqvarna CR125,2012,Cross / motocross,0,0,0,144.0,240.0,0,5999.0
Husqvarna TC250,2012,Cross / motocross,0,0,0,249.5,240.0,0,6999.0
Husqvarna TC449,2012,Cross / motocross,0,0,0,449.0,240.0,0,7999.0
Husqvarna TE310,2012,Enduro / offroad,0,0,0,302.4,240.0,0,8199.0
Husqvarna TE449,2012,Enduro / offroad,0,0,0,449.0,240.0,0,8699.0
Husqvarna TE511,2012,Enduro / offroad,0,0,0,477.5,240.0,0,8999.0
Husqvarna TXC 511,2012,Enduro / offroad,0,0,0,478.0,240.0,0,8299.0
Husqvarna TXC250,2012,Enduro / offroad,0,0,0,249.5,240.0,0,7399.0
Husqvarna TXC310,2012,Enduro / offroad,0,0,0,302.4,240.0,0,7889.0
Husqvarna WR125,2012,Enduro / offroad,0,0,0,124.8,240.0,0,5999.0
Husqvarna WR250,2012,Enduro / offroad,0,0,0,249.3,220.0,0,6799.0
Husqvarna WR300,2012,Enduro / offroad,0,0,0,293.1,220.0,0,6999.0
Hyosung GT250,2012,Sport,27.0,0,22.7,249.0,230.0,0,3799.0
Hyosung GT250R,2012,Sport,27.0,0,22.7,249.0,230.0,187.8,4099.0
Hyosung GT650,2012,Naked bike,79.0,0,66.9,647.0,230.0,191.0,5599.0
Hyosung GT650R,2012,Sport,79.0,0,66.9,647.0,230.0,215.0,6299.0
Hyosung GV250,2012,Custom / cruiser,25.0,0,22.0,249.0,0,0,3999.0
Hyosung GV650,2012,Custom / cruiser,79.0,0,67.0,647.0,270.0,0,6899.0
Hyosung ST7,2012,Custom / cruiser,79.0,0,67.0,678.2,270.0,0,7399.0
Johnny Pag Malibu,2012,Custom / cruiser,22.0,172.2,0,320.0,0,189.6,5199.0
Johnny Pag Ventura,2012,Custom / cruiser,22.0,170.6,0,320.0,0,185.1,5199.0
Kawasaki Bayou 250,2012,ATV,0,0,0,228.0,0,194.1,3599.0
Kawasaki Brute Force 300,2012,ATV,0,0,0,271.0,148.0,243.0,4199.0
Kawasaki Brute Force 650 4x4,2012,ATV,0,0,0,633.0,0,294.1,7599.0
Kawasaki Brute Force 650 4x4i,2012,ATV,0,0,0,633.0,0,297.1,8099.0
Kawasaki Brute Force 750 4x4i,2012,ATV,0,0,0,749.0,200.0,310.1,9299.0
Kawasaki Brute Force 750 4x4i EPS,2012,ATV,0,0,0,749.0,200.0,315.1,9999.0
Kawasaki Brute Force 750 4x4i EPS Camo,2012,ATV,0,0,0,749.0,0,315.1,10349.0
Kawasaki Concours 14 ABS,2012,Sport touring,0,0,138.3,1352.0,270.0,312.1,15899.0
Kawasaki KFX 450R,2012,ATV,0,0,0,449.0,200.0,392.5,8099.0
Kawasaki KFX 90,2012,ATV,0,0,0,89.0,0,392.5,2699.0
Kawasaki KLX 110,2012,Enduro / offroad,0,0,0,111.0,0,76.2,2199.0
Kawasaki KLX 110L Off-Road,2012,Enduro / offroad,0,0,0,111.0,0,76.2,2349.0
Kawasaki KLX 140,2012,Enduro / offroad,0,0,0,144.0,186.0,93.0,2949.0
Kawasaki KLX 140L,2012,Enduro / offroad,0,0,0,144.0,186.0,95.0,3249.0
Kawasaki KLX 250S,2012,Super motard,0,0,0,249.0,200.0,135.0,4999.0
Kawasaki KLX 250SF,2012,Super motard,0,0,0,249.0,240.0,137.0,4999.0
Kawasaki KX 100,2012,Cross / motocross,0,0,0,99.0,0,71.0,4199.0
Kawasaki KX 250F,2012,Cross / motocross,0,0,0,249.0,240.0,106.1,7399.0
Kawasaki KX 450F,2012,Cross / motocross,0,0,0,449.0,240.0,113.0,8499.0
Kawasaki KX 65,2012,Cross / motocross,0,0,0,64.0,0,60.0,3599.0
Kawasaki KX 85,2012,Cross / motocross,0,0,0,84.0,0,69.0,3999.0
Kawasaki Ninja 1000,2012,Sport,0,0,0,1043.0,250.0,228.0,11199.0
Kawasaki Ninja 1000 ABS,2012,Sport,0,0,0,1043.0,250.0,231.1,11899.0
Kawasaki Ninja 250R,2012,Sport,0,0,0,249.0,220.0,170.1,4199.0
Kawasaki Ninja 650,2012,Sport,0,0,0,649.0,220.0,209.0,7499.0
Kawasaki Ninja ZX-10R,2012,Sport,0,0,0,998.0,220.0,198.0,13699.0
Kawasaki Ninja ZX-10R ABS,2012,Sport,0,0,0,998.0,220.0,0,14999.0
Kawasaki Ninja ZX-14R,2012,Sport,0,0,0,1441.0,250.0,265.0,14699.0
Kawasaki Ninja ZX-6R,2012,Sport,0,0,0,599.0,220.0,191.1,10299.0
Kawasaki Prairie 360 4x4,2012,ATV,0,0,0,362.0,0,292.1,6199.0
Kawasaki Prairie 360 4x4 Realtree APG HD,2012,ATV,0,0,0,362.0,0,292.1,6499.0
Kawasaki Versys 650,2012,Sport,0,0,0,649.0,220.0,206.0,7899.0
Kawasaki Vulcan 1700 Classic,2012,Custom / cruiser,0,0,146.5,1700.0,300.0,345.2,11499.0
Kawasaki Vulcan 1700 Nomad,2012,Touring,0,0,146.5,1700.0,300.0,378.3,15799.0
Kawasaki Vulcan 1700 Vaquero,2012,Touring,0,0,146.5,1700.0,300.0,379.1,16799.0
Kawasaki Vulcan 1700 Voyager,2012,Sport touring,0,0,146.5,1700.0,0,401.9,17899.0
Kawasaki Vulcan 1700 Voyager ABS,2012,Sport touring,0,0,146.5,1700.0,300.0,406.0,18999.0
Kawasaki Vulcan 2000 Classic LT,2012,Custom / cruiser,0,0,191.2,2053.0,320.0,401.1,15799.0
Kawasaki Vulcan 900 Classic,2012,Custom / cruiser,0,0,78.9,903.0,300.0,281.1,8299.0
Kawasaki Vulcan 900 Classic LT,2012,Custom / cruiser,0,0,78.9,903.0,300.0,298.1,9499.0
Kawasaki Vulcan 900 Custom,2012,Custom / cruiser,0,0,78.9,903.0,300.0,277.1,8699.0
Kawasaki Z1000,2012,Naked bike,0,0,0,1043.0,250.0,0,10799.0
Kymco Agility 125,2012,Scooter,9.4,104.6,0,125.0,0,0,1799.0
Kymco Agility 50,2012,Scooter,0,0,3.2,49.0,110.0,0,1399.0
Kymco Downtown 200i,2012,Scooter,10.9,0,0,205.0,0,0,5199.0
Kymco Downtown 300i,2012,Scooter,29.5,144.8,0,299.0,240.0,0,5599.0
Kymco Like 200i LX,2012,Scooter,10.9,120.7,0,163.0,0,0,2699.0
Kymco Like 50 2T,2012,Scooter,1.5,0,2.5,49.0,0,0,2099.0
Kymco Like 50 2T LX,2012,Scooter,1.5,0,2.5,49.0,0,0,2199.0
Kymco MXU 150,2012,ATV,11.0,64.4,0,151.0,0,0,2999.0
Kymco MXU 300 Shaft Drive,2012,ATV,18.3,0,0,270.0,0,0,3799.0
Kymco MXU 375i 4x4 IRS,2012,ATV,26.0,0,0,366.9,0,0,5399.0
Kymco MXU 450i IRS,2012,ATV,33.0,0,34.0,443.0,0,0,5899.0
Kymco MXU 500 4x4 IRS,2012,ATV,18.0,0,0,498.5,220.0,0,5499.0
Kymco Maxxer 375i 4x4 IRS,2012,ATV,26.0,0,0,366.9,0,0,5749.0
Kymco Maxxer 450i,2012,ATV,33.0,0,34.0,442.9,202.0,0,6599.0
Kymco Mongoose 300,2012,ATV,18.3,0,0,270.0,0,0,3749.0
Kymco Mongoose 70,2012,ATV,5.3,0,0,69.0,0,0,1999.0
Kymco Mongoose 90,2012,ATV,6.3,0,3.2,89.0,0,0,2399.0
Kymco People 150,2012,Scooter,0,0,0,152.0,0,0,2799.0
Kymco People 50,2012,Scooter,0,0,0,49.0,0,0,1999.0
Kymco People GT 200i,2012,Scooter,0,0,0,205.0,0,0,4899.0
Kymco People GT 300i,2012,Scooter,0,0,0,298.9,0,0,5399.0
Kymco Pulsar 125 LX,2012,Sport,10.1,104.6,9.2,124.1,0,0,1599.0
Kymco Sento 50,2012,Scooter,4.0,0,0,49.5,0,0,1999.0
Kymco Super 8 150,2012,Scooter,9.4,0,0,149.7,0,0,2399.0
Kymco Super 8 50 2T,2012,Scooter,1.5,0,2.5,49.0,0,0,2090.0
Kymco Xciting 500RI ABS,2012,Scooter,0,0,0,498.5,0,0,6799.0
Kymco Yager GT 200i,2012,Scooter,0,112.7,0,174.5,0,0,3499.0
Lambretta UNO 150,2012,Scooter,0,104.6,0,149.6,0,0,2995.0
Lambretta UNO 50,2012,Scooter,0,48.3,0,49.3,0,0,2150.0
Moto Guzzi 1200 Sport,2012,Naked bike,103.3,0,105.0,1151.0,282.0,240.0,9249.0
Moto Guzzi Breva 1100,2012,Naked bike,84.5,0,85.0,1064.0,282.0,0,12490.0
Moto Guzzi California 90 Anniversary,2012,Classic,74.0,0,88.0,1064.0,282.0,0,15990.0
Moto Guzzi California Black Eagle,2012,Classic,73.4,0,94.0,1064.0,282.0,0,13490.0
Moto Guzzi California Vintage,2012,Classic,72.4,0,94.0,1064.0,282.0,0,15490.0
Moto Guzzi Griso 1100,2012,Naked bike,86.9,0,89.0,1064.0,282.0,0,13420.0
Moto Guzzi Griso 1200 8V,2012,Naked bike,110.0,0,108.0,1151.0,282.0,0,14290.0
Moto Guzzi Griso 8V SE,2012,Naked bike,110.0,0,108.0,1064.0,282.0,0,14490.0
Moto Guzzi Norge 1200 GT,2012,Touring,95.0,0,100.0,1151.0,282.0,266.0,15690.0
Moto Guzzi Norge GT 8V,2012,Touring,102.0,0,104.0,1151.0,282.0,0,15990.0
Moto Guzzi Stelvio 1200 ABS,2012,Enduro / offroad,110.0,0,108.0,1151.0,282.0,251.0,15990.0
Moto Guzzi Stelvio 4V,2012,Enduro / offroad,103.3,0,108.0,1151.0,282.0,251.0,14990.0
Moto Guzzi V7 Cafe Classic,2012,Classic,47.6,0,54.7,744.0,260.0,198.0,8990.0
Moto Guzzi V7 Classic,2012,Classic,0,0,54.7,744.0,260.0,198.0,8790.0
Moto Guzzi V7 Racer,2012,Classic,47.6,0,54.7,744.0,260.0,198.0,9790.0
NCR Leggera,2012,Super motard,90.0,0,0,1078.0,200.0,0,76000.0
NCR M4,2012,Sport,107.0,0,115.0,1100.0,200.0,0,49900.0
NCR M4 One Shot,2012,Sport,132.0,0,143.0,1200.0,200.0,0,69900.0
NCR Mike Hailwood TT,2012,Sport,130.0,0,135.0,1120.0,200.0,0,130000.0
NCR Millona One Shot,2012,Sport,116.0,0,108.0,1100.0,200.0,0,71500.0
NCR Millona R,2012,Sport,100.0,0,92.0,1000.0,200.0,0,39149.0
NCR Millona S,2012,Sport,100.0,0,92.0,1000.0,200.0,0,39140.0
Piaggio BV Tourer 300,2012,Scooter,22.0,128.8,22.3,278.0,260.0,148.8,4999.0
Piaggio BV Tourer 500,2012,Scooter,38.9,159.3,43.0,492.0,240.0,189.0,6399.0
Piaggio Fly 150,2012,Scooter,11.4,98.2,11.5,150.0,140.0,112.0,2899.0
Piaggio Fly 50 4V,2012,Scooter,11.4,62.8,3.5,49.9,140.0,107.0,2199.0
Piaggio MP3 250,2012,Scooter,22.5,123.9,21.0,244.3,240.0,0,7199.0
Piaggio MP3 400,2012,Scooter,0,141.6,0,399.0,240.0,238.0,8699.0
Piaggio MP3 500,2012,Scooter,40.0,143.2,42.3,492.7,260.0,245.0,8899.0
Piaggio MP3 Business LT 500,2012,Scooter,40.0,145.0,44.0,492.7,260.0,245.0,8650.0
Piaggio MP3 Hybrid,2012,Scooter,18.2,125.0,27.5,278.0,240.0,0,7995.0
Piaggio MP3 Touring LT 400,2012,Scooter,34.0,141.6,37.0,399.0,240.0,0,8699.0
Piaggio Typhoon 125,2012,Scooter,0,96.6,0,125.0,140.0,113.0,2699.0
Pitster Pro Classic  Pro 125,2012,Allround,0,0,0,124.0,155.0,0,1849.0
Pitster Pro Classic 125,2012,Allround,0,0,0,124.0,155.0,0,1499.0
Pitster Pro LXM 155R Twelve Motard,2012,Super motard,0,0,0,155.0,190.0,0,2699.0
Pitster Pro LXT 160 R Fourteen,2012,Enduro / offroad,0,0,0,160.0,190.0,0,2649.0
Pitster Pro MX 110R,2012,Minibike-cross,0,0,0,110.0,190.0,0,1999.0
Pitster Pro Mini Monster 125,2012,Allround,0,0,0,124.0,155.0,0,1749.0
Pitster Pro Mini Rover 125,2012,Allround,0,0,0,124.0,155.0,0,1299.0
Pitster Pro Sherpa 125,2012,Allround,0,0,0,124.0,155.0,0,1699.0
Pitster Pro XTR 150 SC,2012,Enduro / offroad,0,0,0,144.6,220.0,0,2199.0
Pitster Pro XTR 230 LC,2012,Enduro / offroad,0,0,0,223.0,220.0,0,2299.0
Pitster Pro XTR 230 SC,2012,Enduro / offroad,0,0,0,223.0,220.0,0,2199.0
Rokon Ranger,2012,Enduro / offroad,5.5,0,0,160.0,0,0,6175.0
Rokon Scout,2012,Enduro / offroad,6.6,0,0,172.0,0,0,5775.0
Rokon Trail-Breaker,2012,Enduro / offroad,6.0,56.0,0,172.0,0,0,6175.0
Sucker Punch Sallys 66 Bobber,2012,Custom / cruiser,0,0,0,1337.3,0,0,21995.0
Sucker Punch Sallys Hot Rod,2012,Custom / cruiser,0,0,0,1524.1,0,0,27995.0
Sucker Punch Sallys Slim,2012,Custom / cruiser,0,0,0,1638.8,0,0,25995.0
Sucker Punch Sallys Swinger,2012,Custom / cruiser,0,0,0,1442.2,0,0,24995.0
Sucker Punch Sallys Traditional Bobber,2012,Custom / cruiser,0,0,0,1337.3,0,0,19995.0
Sucker Punch Sallys Working Mans Special,2012,Custom / cruiser,0,0,0,1337.3,0,0,18995.0
Suzuki Boulevard C109R,2012,Custom / cruiser,0,0,0,1783.0,0,380.0,14799.0
Suzuki Boulevard C109RT,2012,Touring,0,0,0,1783.0,0,0,15999.0
Suzuki Boulevard C50 Special,2012,Custom / cruiser,0,0,0,805.0,180.0,277.0,7999.0
Suzuki Boulevard C50T,2012,Touring,0,0,0,805.0,180.0,295.0,9499.0
Suzuki Boulevard C50T Classic,2012,Custom / cruiser,0,0,0,805.0,180.0,292.1,7999.0
Suzuki Boulevard M109R,2012,Custom / cruiser,0,0,0,1783.0,0,347.0,14299.0
Suzuki Boulevard M109R Limited,2012,Custom / cruiser,0,0,0,1783.0,0,347.0,14799.0
Suzuki Boulevard M50 Special,2012,Custom / cruiser,0,0,0,805.0,0,265.0,7999.0
Suzuki Boulevard M90,2012,Custom / cruiser,0,0,0,1462.0,275.0,328.0,10590.0
Suzuki Boulevard S40,2012,Custom / cruiser,0,0,0,652.0,0,173.0,5399.0
Suzuki Burgman 400 ABS,2012,Scooter,0,0,0,398.0,210.0,222.0,7599.0
Suzuki Burgman 650 Exec,2012,Scooter,55.0,0,0,638.0,250.0,278.0,9899.0
Suzuki DR-Z125,2012,Enduro / offroad,0,0,0,124.0,0,73.0,2999.0
Suzuki DR-Z125L,2012,Enduro / offroad,0,0,0,124.0,0,74.0,3099.0
Suzuki DR-Z400S,2012,Enduro / offroad,0,0,0,398.0,220.0,144.0,6199.0
Suzuki DR650SE,2012,Super motard,0,0,0,644.0,240.0,166.0,5999.0
Suzuki GSR 750,2012,Sport,0,0,0,749.0,0,190.0,12199.0
Suzuki GSX-R1000,2012,Sport,182.4,0,117.0,999.0,220.0,203.0,13799.0
Suzuki GSX-R600,2012,Sport,124.0,0,69.6,599.0,220.0,187.0,11599.0
Suzuki GSX1250FA,2012,Sport,96.6,0,108.0,1250.0,240.0,257.0,11599.0
Suzuki GZ250,2012,Custom / cruiser,0,0,0,249.0,0,150.0,2999.0
Suzuki Hayabusa GSX1300R,2012,Sport,0,0,0,1340.0,260.0,260.0,13999.0
Suzuki KingQuad 400ASi,2012,ATV,0,0,0,376.0,0,285.0,6299.0
Suzuki KingQuad 400FSi,2012,ATV,0,0,0,376.0,0,279.0,6199.0
Suzuki KingQuad 500AXi,2012,ATV,0,0,0,493.0,0,305.0,7799.0
Suzuki KingQuad 750AXi,2012,ATV,0,0,0,722.0,0,302.0,8399.0
Suzuki Ozark 250,2012,ATV,0,0,0,249.0,0,194.0,4499.0
Suzuki QuadSport Z400,2012,ATV,0,0,0,450.0,0,193.0,7099.0
Suzuki RM-Z250,2012,Cross / motocross,0,0,0,249.0,240.0,104.5,7399.0
Suzuki RM-Z450,2012,Cross / motocross,0,0,0,449.0,0,113.0,8399.0
Suzuki RM85,2012,Cross / motocross,0,0,0,84.7,0,73.0,4149.0
Suzuki RM85L,2012,Cross / motocross,0,0,0,84.7,200.0,74.0,4199.0
Suzuki TU250X,2012,Classic,0,0,0,249.0,0,148.0,4099.0
Suzuki V-Strom 1000,2012,Allround,0,0,0,996.0,260.0,238.0,10399.0
Suzuki V-Strom 1000 Adventure,2012,Enduro / offroad,0,0,0,996.0,260.0,252.0,10999.0
Suzuki V-Strom 650 ABS,2012,Allround,65.7,0,0,645.0,260.0,220.0,8299.0
Suzuki V-Strom 650 ABS Adventure,2012,Enduro / offroad,0,0,0,645.0,260.0,235.0,9799.0
Triumph America,2012,Custom / cruiser,61.0,0,72.0,865.0,285.0,250.0,8299.0
Triumph Bonneville,2012,Classic,68.0,0,68.0,865.0,255.0,225.0,7699.0
Triumph Bonneville SE,2012,Classic,66.0,0,67.8,865.0,255.0,225.0,8399.0
Triumph Bonneville T100,2012,Classic,66.0,0,67.8,865.0,255.0,224.5,8599.0
Triumph Bonneville T100 Steve McQueen,2012,Classic,66.0,0,67.8,865.0,255.0,230.0,9999.0
Triumph Daytona 675,2012,Sport,125.0,0,72.0,675.0,220.0,185.0,10999.0
Triumph Daytona 675 R,2012,Sport,125.0,0,72.0,675.0,220.0,185.0,12699.0
Triumph Rocket III Roadster,2012,Custom / cruiser,148.0,0,221.0,2294.0,316.0,367.0,14999.0
Triumph Rocket III Touring ABS,2012,Touring,106.0,0,203.0,2294.0,316.0,395.0,16999.0
Triumph Scrambler,2012,Classic,59.0,0,68.0,865.0,255.0,230.0,8799.0
Triumph Speed Triple,2012,Naked bike,135.0,0,111.0,1050.0,0,214.0,11999.0
Triumph Speedmaster,2012,Custom / cruiser,61.0,0,72.0,865.0,285.0,250.0,8299.0
Triumph Sprint GT,2012,Sport touring,130.0,0,108.0,1050.0,255.0,265.0,13399.0
Triumph Street Triple,2012,Naked bike,106.0,0,68.0,675.0,250.0,189.0,8899.0
Triumph Street Triple R,2012,Naked bike,106.0,0,68.0,675.0,270.0,189.0,9599.0
Triumph Thunderbird,2012,Custom / cruiser,86.0,0,146.0,1597.0,310.0,339.0,13499.0
Triumph Thunderbird Storm,2012,Custom / cruiser,98.0,0,156.0,1699.0,310.0,339.0,14799.0
Triumph Tiger 800XC,2012,Allround,94.0,0,78.7,799.0,255.0,215.0,11999.0
Ultra Ground Pounder 330 Anniversary,2012,Custom / cruiser,0,0,0,1573.3,0,0,19999.0
Ural Gear Up 750,2012,Classic,40.0,0,52.0,749.0,0,0,13799.0
Ural M70 Anniversary Edition,2012,Classic,40.0,105.0,51.5,749.0,0,0,14200.0
Ural M70 Solo,2012,Classic,40.0,90.0,51.5,749.0,0,0,9150.0
Ural Patrol 750,2012,Classic,40.0,0,52.0,749.0,0,0,13199.0
Ural Patrol T,2012,Classic,40.0,104.6,51.5,749.0,0,0,12599.0
Ural Retro 750,2012,Classic,40.0,0,51.5,749.0,0,0,13999.0
Ural T,2012,Classic,40.0,0,52.0,749.0,0,0,9999.0
Ural Tourist 750,2012,Classic,40.0,0,52.0,749.0,0,0,11599.0
Vectrix VX-2,2012,Scooter,5.4,48.3,140.0,0,0,0,4259.0
Vectrix VX-3,2012,Scooter,28.2,109.4,65.0,0,0,0,14995.0
Vento V-Thunder XL,2012,Custom / cruiser,24.1,0,16.0,249.0,0,0,3599.0
Vespa GTS 300,2012,Scooter,22.0,128.8,22.3,278.0,200.0,0,5999.0
Vespa GTS 300 Super,2012,Scooter,21.2,128.8,22.3,278.0,200.0,0,6199.0
Vespa GTV 300,2012,Scooter,21.2,0,22.3,278.0,200.0,0,6999.0
Vespa LX 150 i.e.,2012,Scooter,11.7,95.0,11.5,150.0,110.0,0,4599.0
Vespa LX 50 4V,2012,Scooter,4.3,63.0,3.5,49.4,110.0,0,3399.0
Vespa LXV 150 i.e.,2012,Scooter,11.9,95.0,11.8,150.0,110.0,0,5499.0
Vespa S 150 i.e.,2012,Scooter,11.7,0,11.5,150.0,110.0,0,4499.0
Vespa S 50 4V,2012,Scooter,4.3,62.8,3.5,49.4,110.0,0,3299.0
Victory Arlen Ness Vision,2012,Touring,97.0,0,153.2,1737.1,300.0,0,25799.0
Victory Cory Ness Cross Country,2012,Touring,97.0,0,153.2,1737.1,300.0,0,25999.0
Victory Cross Country,2012,Touring,97.0,0,147.8,1737.1,300.0,0,18999.0
Victory Cross Country Tour,2012,Touring,97.0,0,147.8,1737.1,300.0,0,21999.0
Victory Cross Roads,2012,Touring,97.0,0,147.8,1737.1,300.0,0,15999.0
Victory Cross Roads Classic LE,2012,Touring,97.0,0,147.8,1737.1,300.0,0,17999.0
Victory Hammer 8 Ball,2012,Custom / cruiser,97.0,0,153.2,1737.1,300.0,0,14999.0
Victory Hammer S,2012,Custom / cruiser,97.0,0,153.2,1737.1,300.0,0,18499.0
Victory High Ball,2012,Custom / cruiser,97.0,0,153.2,1737.1,300.0,0,13499.0
Victory Kingpin,2012,Custom / cruiser,97.0,0,153.2,1737.1,300.0,0,14999.0
Victory Vegas,2012,Custom / cruiser,97.0,0,153.2,1737.1,300.0,0,14499.0
Victory Vegas 8 Ball,2012,Custom / cruiser,97.0,0,153.2,1737.1,300.0,0,12499.0
Victory Vegas Jackpot,2012,Custom / cruiser,97.0,0,153.2,1737.1,300.0,0,18499.0
Victory Vision Tour,2012,Touring,97.0,0,147.8,1737.1,300.0,0,20999.0
Victory Zach Ness Vegas,2012,Custom / cruiser,97.0,0,153.2,1737.1,300.0,0,16999.0
Yamaha Big Bear 400 4x4 IRS,2012,ATV,0,0,0,386.0,0,284.9,6599.0
Yamaha C3,2012,Scooter,0,0,0,49.0,110.0,0,2250.0
Yamaha FJR1300A,2012,Sport touring,0,0,0,1298.0,282.0,292.1,15590.0
Yamaha FZ1,2012,Sport,0,0,0,998.0,245.0,220.9,10590.0
Yamaha FZ6R,2012,Sport,0,0,0,600.0,245.0,213.2,7590.0
Yamaha FZ8,2012,Sport,0,0,0,779.0,267.0,0,8690.0
Yamaha Grizzly 125 Automatic,2012,ATV,0,0,0,124.0,0,152.0,3599.0
Yamaha Grizzly 300 Automatic,2012,ATV,0,0,0,287.0,0,231.8,4099.0
Yamaha Grizzly 350 Auto 4x4,2012,ATV,0,0,0,348.0,0,257.6,5599.0
Yamaha Grizzly 350 Auto 4x4 IRS,2012,ATV,0,0,0,348.0,0,274.9,6649.0
Yamaha Grizzly 350 Automatic,2012,ATV,0,0,0,348.0,0,244.9,4999.0
Yamaha Grizzly 450 Auto 4x4,2012,ATV,0,0,0,421.0,0,274.9,6899.0
Yamaha Grizzly 450 Auto 4x4 EPS,2012,ATV,0,0,0,421.0,0,281.2,7499.0
Yamaha Grizzly 550 FI Auto 4x4,2012,ATV,0,0,0,558.0,0,293.9,7999.0
Yamaha Grizzly 550 FI Auto 4x4 EPS,2012,ATV,0,0,0,558.0,0,293.9,8699.0
Yamaha Majesty,2012,Scooter,0,0,0,395.0,267.0,211.8,6750.0
Yamaha PW50,2012,Enduro / offroad,0,0,0,49.0,0,38.6,1390.0
Yamaha Raptor 125,2012,ATV,0,0,0,124.0,0,135.6,3399.0
Yamaha Raptor 250,2012,ATV,0,0,0,249.0,0,149.7,4599.0
Yamaha Raptor 250R,2012,ATV,0,0,0,249.0,0,149.7,5099.0
Yamaha Raptor 350,2012,ATV,0,0,0,348.0,0,179.6,5499.0
Yamaha Raptor 700R,2012,ATV,0,0,0,686.0,0,191.4,8399.0
Yamaha Raptor 700R SE,2012,ATV,0,0,0,686.0,0,191.4,8999.0
Yamaha Raptor 90,2012,ATV,0,0,0,88.0,0,119.8,2699.0
Yamaha Road Star,2012,Custom / cruiser,0,0,0,1671.6,320.0,337.0,12390.0
Yamaha Road Star S,2012,Custom / cruiser,0,0,0,1671.6,320.0,337.0,13490.0
Yamaha Road Star Silverado,2012,Touring,0,0,0,1671.6,320.0,351.1,14590.0
Yamaha Road Star Silverado S,2012,Touring,0,0,0,1671.6,298.0,350.6,15590.0
Yamaha Royal Star Tour Deluxe,2012,Touring,97.0,0,0,1294.7,320.0,382.8,15690.0
Yamaha Royal Star Venture,2012,Touring,97.0,0,0,1294.7,320.0,394.2,18190.0
Yamaha Royal Star Venture S,2012,Touring,97.0,0,115.3,1294.7,320.0,394.2,20190.0
Yamaha Star Midnight Warrior,2012,Custom / cruiser,0,0,0,1671.6,282.0,294.8,13390.0
Yamaha Star Raider,2012,Custom / cruiser,0,0,0,1851.9,310.0,331.1,14590.0
Yamaha Star Raider S,2012,Custom / cruiser,0,0,0,1851.9,310.0,331.1,15190.0
Yamaha Star Raider SCL,2012,Custom / cruiser,0,0,0,1851.9,310.0,331.1,19990.0
Yamaha Star Roadliner Midnight,2012,Custom / cruiser,0,0,0,1851.9,320.0,339.7,14090.0
Yamaha Star Roadliner S,2012,Custom / cruiser,0,0,0,1851.9,320.0,340.2,15390.0
Yamaha Star Stratoliner,2012,Touring,0,0,0,1851.9,320.0,363.8,15690.0
Yamaha Star Stratoliner Deluxe,2012,Custom / cruiser,0,0,0,1851.9,320.0,360.2,17990.0
Yamaha Star Stratoliner S,2012,Touring,0,0,0,1851.9,320.0,363.8,17390.0
Yamaha Star Stryker,2012,Custom / cruiser,0,0,0,1311.1,310.0,293.0,11090.0
Yamaha Star VMAX,2012,Naked bike,0,0,0,1671.6,298.0,309.8,19890.0
Yamaha Star Warrior,2012,Custom / cruiser,0,0,0,1671.6,282.0,294.8,13190.0
Yamaha TT-R110E,2012,Enduro / offroad,0,0,0,110.0,110.0,71.7,2190.0
Yamaha TT-R125E,2012,Enduro / offroad,0,0,0,124.0,110.0,89.8,2699.0
Yamaha TT-R125LE,2012,Enduro / offroad,0,0,0,124.0,110.0,89.8,3190.0
Yamaha TT-R230,2012,Enduro / offroad,0,0,0,223.0,130.0,113.9,3850.0
Yamaha TT-R50E,2012,Enduro / offroad,0,0,0,49.0,0,56.7,1490.0
Yamaha TW200,2012,Super motard,0,0,0,196.0,110.0,126.6,4490.0
Yamaha V Star 1100 Classic,2012,Custom / cruiser,0,0,0,1065.2,282.0,284.9,9290.0
Yamaha V Star 1100 Custom,2012,Custom / cruiser,0,0,0,1065.2,282.0,274.9,9190.0
Yamaha V Star 1100 Silverado,2012,Touring,0,0,0,1065.2,282.0,303.9,10290.0
Yamaha V Star 1300,2012,Custom / cruiser,0,0,0,1311.1,298.0,303.0,10990.0
Yamaha V Star 1300 Tourer,2012,Touring,0,0,0,1311.1,298.0,323.0,12090.0
Yamaha V Star 250,2012,Custom / cruiser,0,0,0,245.8,130.0,146.5,4190.0
Yamaha V Star 950,2012,Custom / cruiser,0,0,0,942.3,298.0,278.1,8490.0
Yamaha V Star 950 Tourer,2012,Touring,0,0,0,942.3,298.0,298.0,9490.0
Yamaha V Star Classic,2012,Custom / cruiser,0,0,0,655.5,200.0,246.8,6590.0
Yamaha V Star Custom,2012,Custom / cruiser,0,0,0,655.5,200.0,232.7,6890.0
Yamaha V Star Silverado,2012,Touring,0,0,0,655.5,200.0,264.4,7890.0
Yamaha VMAX,2012,Naked bike,200.0,0,166.8,1679.0,298.0,310.0,19890.0
Yamaha Vino 125,2012,Scooter,0,0,0,124.0,110.0,108.9,2899.0
Yamaha Vino Classic,2012,Scooter,0,0,0,49.0,110.0,80.7,2250.0
Yamaha WR250F,2012,Enduro / offroad,0,0,0,250.0,245.0,116.1,6890.0
Yamaha WR250R,2012,Enduro / offroad,0,0,0,250.0,230.0,135.2,6590.0
Yamaha WR250X,2012,Super motard,0,0,0,250.0,230.0,137.0,6590.0
Yamaha WR450F,2012,Enduro / offroad,0,0,0,449.0,0,0,8090.0
Yamaha Wolverine 450 Auto 4x4,2012,ATV,0,0,0,421.0,0,249.5,6399.0
Yamaha XT1200Z Super Tenere,2012,Super motard,0,0,0,1199.0,282.0,260.8,14500.0
Yamaha XT250,2012,Enduro / offroad,0,0,0,249.0,203.0,132.0,5090.0
Yamaha YFZ450,2012,ATV,0,0,0,449.0,173.0,172.8,6799.0
Yamaha YFZ450R,2012,ATV,0,0,0,449.0,0,182.8,8599.0
Yamaha YFZ450R SE,2012,ATV,0,0,0,449.0,0,183.7,8949.0
Yamaha YFZ450X,2012,ATV,0,0,0,449.0,0,181.4,8599.0
Yamaha YFZ450X SE,2012,ATV,0,0,0,449.0,0,181.4,8949.0
Yamaha YZ125,2012,Cross / motocross,0,0,0,124.0,245.0,94.4,6290.0
Yamaha YZ250,2012,Cross / motocross,0,0,0,249.0,245.0,103.0,7150.0
Yamaha YZ250F,2012,Cross / motocross,0,0,0,250.0,245.0,103.0,7290.0
Yamaha YZ450F,2012,Cross / motocross,0,0,0,449.0,245.0,111.1,8350.0
Yamaha YZ85,2012,Cross / motocross,0,0,0,85.0,190.0,71.2,3990.0
Yamaha YZF-R1,2012,Sport,0,0,0,998.0,220.0,205.9,13990.0
Yamaha YZF-R6,2012,Sport,0,0,0,599.0,220.0,189.2,10890.0
Yamaha Zuma 125,2012,Scooter,0,0,0,125.0,220.0,122.0,3350.0
Yamaha Zuma 50,2012,Scooter,0,0,0,49.0,155.0,93.9,2390.0
Yamaha Zuma 50F,2012,Scooter,0,0,0,49.0,0,93.0,2540.0
Arctic Cat 1000 LTD,2011,ATV,0,0,0,951.0,0,0,12299.0
Arctic Cat 150,2011,ATV,0,0,0,149.0,0,0,3399.0
Arctic Cat 300,2011,ATV,0,0,0,270.0,0,0,3999.0
Arctic Cat 300 DVX,2011,ATV,0,0,0,270.0,0,0,3999.0
Arctic Cat 366 SE,2011,ATV,0,0,0,366.0,0,0,6249.0
Arctic Cat 450,2011,ATV,0,0,0,443.0,0,0,6999.0
Arctic Cat 450 LTD,2011,ATV,0,0,0,443.0,0,0,7799.0
Arctic Cat 550,2011,ATV,0,0,0,545.0,0,0,7790.0
Arctic Cat 550 LTD,2011,ATV,0,0,0,545.0,0,0,9499.0
Arctic Cat 550 S,2011,ATV,0,0,0,545.0,0,0,8599.0
Arctic Cat 650,2011,ATV,0,0,0,641.0,0,0,7299.0
Arctic Cat 700,2011,ATV,0,0,0,695.0,0,0,8699.0
Arctic Cat 700 LTD,2011,ATV,0,0,0,695.0,0,0,10339.0
Arctic Cat 700 S,2011,ATV,0,0,0,695.0,0,0,9499.0
Arctic Cat 90,2011,ATV,0,0,0,90.0,0,0,2699.0
Arctic Cat 90 DVX,2011,ATV,0,0,0,90.0,0,0,2699.0
Arctic Cat 90 DVX,2011,ATV,0,0,0,90.0,0,0,2699.0
Arctic Cat Mud Pro 1000,2011,ATV,0,0,0,951.0,0,0,13299.0
Arctic Cat Mud Pro 1000,2011,ATV,0,0,0,951.0,0,0,13299.0
Arctic Cat Mud Pro 650,2011,ATV,0,0,0,641.0,0,0,8799.0
Arctic Cat Mud Pro 650,2011,ATV,0,0,0,641.0,0,0,8799.0
Arctic Cat Mud Pro 700,2011,ATV,0,0,0,695.0,0,0,9999.0
Arctic Cat Mud Pro 700,2011,ATV,0,0,0,695.0,0,0,9999.0
Arctic Cat Super Duty Diesel,2011,ATV,0,0,0,695.0,0,0,9999.0
Arctic Cat TBX 700 LTD,2011,ATV,0,0,0,695.0,0,0,9999.0
Arctic Cat TRV 1000 Cruiser,2011,ATV,0,0,0,951.0,0,0,13799.0
Arctic Cat TRV 450,2011,ATV,0,0,0,443.0,0,0,7699.0
Arctic Cat TRV 550 Cruiser,2011,ATV,0,0,0,545.0,0,0,10399.0
Arctic Cat TRV 550 GT,2011,ATV,0,0,0,545.0,0,0,9549.0
Arctic Cat TRV 550 H1 EFI,2011,ATV,0,0,0,545.0,0,0,8499.0
Arctic Cat TRV 700,2011,ATV,0,0,0,695.0,0,0,9299.0
Arctic Cat TRV 700 Cruiser,2011,ATV,0,0,0,681.0,0,0,11199.0
Arctic Cat TRV 700 GT,2011,ATV,0,0,0,695.0,0,0,10349.0
BMC Choppers Hooligan 541,2011,Custom / cruiser,0,0,0,1442.2,292.0,0,18995.0
BMW F 650 GS,2011,Enduro / offroad,69.7,185.0,75.0,798.0,265.0,199.0,9195.0
BMW F 800 GS,2011,Enduro / offroad,84.5,0,83.0,798.0,265.0,207.0,11395.0
BMW F 800 ST,2011,Touring,83.8,0,86.0,798.0,265.0,204.0,10990.0
BMW G 450 X,2011,Enduro / offroad,40.2,145.0,42.8,449.5,220.0,0,8200.0
BMW G 650 GS,2011,Enduro / offroad,50.0,165.0,44.0,652.0,0,191.9,7900.0
BMW HP2 Sport,2011,Sport,131.4,0,115.0,1170.0,265.0,199.0,25500.0
BMW K 1200 LT,2011,Touring,116.0,200.0,120.0,1171.0,285.0,0,21700.0
BMW K 1300 GT,2011,Touring,158.2,0,135.0,1293.0,294.0,288.0,22595.0
BMW R 1200 GS,2011,Enduro / offroad,108.6,0,120.0,1170.0,265.0,229.0,14950.0
BMW R 1200 GS Adventure,2011,Enduro / offroad,108.6,0,120.0,1170.0,265.0,256.0,17000.0
BMW R 1200 R,2011,Naked bike,107.3,0,115.0,1170.0,265.0,223.0,13795.0
BMW R 1200 RT,2011,Touring,108.6,0,120.0,1170.0,265.0,259.0,17250.0
BMW S 1000 RR,2011,Sport,190.4,0,112.0,999.0,220.0,204.0,13950.0
BPG Uno I,2011,Prototype / concept model,0,48.3,0,0,0,0,7500.0
BamX BX125 DB1 Enforcer,2011,Minibike-cross,6.5,0,8.5,124.0,0,60.0,1299.0
BamX BX125 DB2 Renegade,2011,Minibike-cross,6.5,0,8.5,124.0,0,61.0,1399.0
BamX BX150-DB Voyager,2011,Enduro / offroad,9.5,0,12.5,149.0,0,0,1399.0
BamX BX200-DB Outback,2011,Enduro / offroad,14.5,0,13.0,196.0,0,132.0,1499.0
BamX BX50-DB Pee Wee,2011,Minibike-cross,2.0,0,2.8,49.5,0,0,849.0
BamX BX70-DB Trailstar,2011,Minibike-cross,3.6,0,4.2,72.0,0,0,999.0
Big Bear Choppers Bear Bones,2011,Custom / cruiser,95.0,0,151.9,1638.8,0,0,21500.0
Big Dog Bulldog,2011,Custom / cruiser,0,0,0,1807.0,0,0,39900.0
Big Dog Bulldog Sport,2011,Custom / cruiser,0,0,0,1807.0,0,365.0,37400.0
Big Dog Coyote,2011,Custom / cruiser,0,0,0,1917.0,0,0,23900.0
Big Dog K-9,2011,Custom / cruiser,0,0,0,1917.0,0,0,29900.0
Big Dog K-9 250,2011,Custom / cruiser,0,0,0,1819.1,0,0,22595.0
Big Dog Mastiff,2011,Custom / cruiser,0,0,0,1917.0,0,0,28900.0
Big Dog Pitbull,2011,Custom / cruiser,0,0,0,1916.0,0,0,26900.0
Big Dog Ridgeback,2011,Custom / cruiser,0,0,0,1917.0,0,324.0,27900.0
Big Dog Wolf,2011,Custom / cruiser,0,0,0,1976.0,0,0,35900.0
Bourget Suicide King Cobra,2011,Custom / cruiser,0,0,0,2146.8,0,0,120000.0
Brammo Enertia,2011,Sport,17.4,96.6,40.0,0,0,0,9995.0
Brudeli 654L,2011,Allround,63.0,170.0,65.0,654.7,240.0,0,25000.0
CMC DeLuxe,2011,Scooter,16.0,104.6,0,0,178.0,0,7999.0
CMC Economy,2011,Scooter,12.0,88.5,0,0,178.0,0,6499.0
CMC Standard,2011,Scooter,12.0,88.5,0,0,178.0,0,6999.0
California Scooter Baby Doll,2011,Custom / cruiser,13.3,0,12.3,149.0,0,0,4295.0
California Scooter Classic,2011,Custom / cruiser,13.3,0,12.3,149.0,0,0,4995.0
California Scooter Greaser,2011,Custom / cruiser,13.3,0,12.3,149.0,0,0,4295.0
Can-Am Outlander 800R X MR,2011,ATV,0,0,0,799.9,0,0,13099.0
Can-Am Outlander 800R X XC,2011,ATV,0,0,0,799.9,0,0,12449.0
Can-Am Outlander 800R XT-P,2011,ATV,0,0,0,799.9,0,0,11549.0
Can-Am Renegade 800R,2011,ATV,71.0,0,0,799.9,0,0,9899.0
Can-Am Renegade 800R X XC,2011,ATV,71.0,0,0,799.9,0,0,12399.0
Can-Am Spyder Roadster RT,2011,Touring,100.0,0,104.0,998.0,250.0,0,21399.0
Can-Am Spyder Roadster RT Limited,2011,Touring,100.0,0,104.0,998.0,250.0,0,28099.0
Cobra CX50 Junior,2011,Minibike-cross,0,0,0,50.0,140.0,0,3498.0
Cobra CX50 SR,2011,Minibike-cross,0,0,0,50.0,140.0,0,3898.0
Cobra CX65,2011,Minibike-cross,0,0,0,65.0,165.0,0,4398.0
Covingtons 300R,2011,Custom / cruiser,0,0,0,1868.2,0,0,29900.0
Covingtons Beach Cruiser,2011,Custom / cruiser,0,0,0,1311.1,0,0,20900.0
Covingtons Bobber,2011,Custom / cruiser,0,0,0,1311.1,0,0,19900.0
Covingtons Chopper,2011,Custom / cruiser,0,0,0,1311.1,0,0,20900.0
Covingtons Speed Demon,2011,Custom / cruiser,0,0,0,1868.2,0,0,24900.0
Covingtons Speedster,2011,Custom / cruiser,0,0,0,1311.1,0,0,19900.0
Derringer 50,2011,Classic,0,0,0,49.0,0,0,3500.0
Diamo Torino 150,2011,Scooter,12.0,104.6,0,149.0,0,0,2695.0
Diamo Turista 300,2011,ATV,18.4,0,0,299.0,0,0,3995.0
Diamo Tuscany 150,2011,Scooter,9.4,104.6,0,149.0,0,0,2495.0
Diamo Tuscany 50,2011,Scooter,3.0,64.4,0,49.0,0,0,1695.0
Diamo Velocity 150,2011,Scooter,9.4,104.6,0,149.0,0,0,2495.0
Dirico Flyer,2011,Touring,0,0,0,1442.2,0,0,31900.0
Dirico Speedster,2011,Custom / cruiser,0,0,0,1802.7,0,0,39000.0
Ducati Hypermotard 1100 Evo,2011,Super motard,95.0,0,10.5,1078.0,245.0,0,11995.0
Ducati Hypermotard 1100 Evo SP,2011,Super motard,95.0,0,10.5,1078.0,245.0,0,14995.0
Ducati Hypermotard 796,2011,Super motard,81.0,0,75.5,803.0,245.0,0,9995.0
Ducati Monster 696,2011,Naked bike,78.9,0,50.6,696.0,245.0,0,8495.0
Ducati Monster 796,2011,Naked bike,85.8,0,58.0,803.0,245.0,0,9995.0
Ducati Multistrada 1200,2011,Sport touring,150.0,0,118.7,1198.4,245.0,0,14995.0
Ducati Multistrada 1200 S Sport,2011,Sport touring,150.0,0,118.7,1198.4,245.0,0,19995.0
Ducati Streetfighter,2011,Naked bike,155.0,0,115.3,1099.0,245.0,0,14995.0
Ducati Streetfighter S,2011,Naked bike,155.0,0,115.3,1099.0,245.0,0,18995.0
Ducati Superbike 1198,2011,Sport,170.0,0,131.4,849.4,245.0,0,16495.0
Ducati Superbike 1198 R Corse SE,2011,Sport,180.0,0,134.2,1198.4,245.0,0,39995.0
Ducati Superbike 848 Evo,2011,Sport,140.0,0,98.0,849.4,245.0,0,12995.0
Enfield Bullet C5 Military,2011,Classic,27.2,0,41.3,499.0,152.0,183.0,6395.0
Enfield Bullet Electra Deluxe,2011,Classic,27.5,100.0,41.3,346.0,152.0,0,6095.0
Enfield Bullet G5 Deluxe EFI,2011,Classic,36.8,0,41.3,499.0,152.0,0,6095.0
Erik Buell Racing 1125R DSB,2011,Sport,140.0,0,108.5,1126.0,205.0,0,15900.0
Erik Buell Racing 1125RR ASB,2011,Sport,170.0,0,116.6,1126.0,205.0,0,41900.0
Erik Buell Racing 1190RR,2011,Sport,185.0,0,126.1,1190.0,240.0,0,44900.0
Exile Cycles Fat Bloke,2011,Custom / cruiser,0,0,0,1983.0,292.0,0,55000.0
Genuine Scooter Black Jack,2011,Scooter,0,96.6,0,149.0,0,0,3499.0
Genuine Scooter Buddy 125,2011,Scooter,0,96.6,0,125.0,0,0,2699.0
Genuine Scooter Buddy 50,2011,Scooter,0,48.3,0,50.0,0,0,1999.0
Genuine Scooter Buddy International,2011,Scooter,0,48.3,0,50.0,0,0,2199.0
Genuine Scooter Stella 150 4-stroke,2011,Scooter,0,96.6,0,147.5,152.0,0,3599.0
Harley-Davidson FLHR Road King,2011,Touring,0,0,126.0,1584.0,300.0,0,16999.0
Harley-Davidson FLHRC Road King Classic,2011,Touring,0,0,138.0,1584.0,300.0,0,19499.0
Harley-Davidson FLHTC Electra Glide Classic,2011,Touring,0,0,126.0,1584.0,300.0,0,18999.0
Harley-Davidson FLHTCU Ultra Classic Electra Glide,2011,Touring,0,0,126.0,1584.0,300.0,0,20999.0
Harley-Davidson FLHTCUSE6 CVO Ultra Classic Electra Glide,2011,Touring,0,0,156.0,1802.7,300.0,0,36499.0
Harley-Davidson FLHTCUTG Tri Glide Ultra Classic,2011,Allround,0,0,137.0,1688.0,229.0,0,30499.0
Harley-Davidson FLHTK Electra Glide Ultra Limited,2011,Touring,0,0,138.0,1690.0,300.0,0,23699.0
Harley-Davidson FLHX Street Glide,2011,Touring,0,0,126.0,1584.0,300.0,372.9,18999.0
Harley-Davidson FLHXSE2 CVO Street Glide,2011,Touring,0,0,156.0,1802.7,300.0,0,32499.0
Harley-Davidson FLHXXX Street Glide Trike,2011,Custom / cruiser,0,0,137.0,1688.0,228.0,503.0,30499.0
Harley-Davidson FLSTC Heritage Softail Classic,2011,Touring,0,0,125.0,1584.0,292.0,0,16999.0
Harley-Davidson FLSTF Fat Boy,2011,Custom / cruiser,0,0,127.0,1584.0,292.0,0,15999.0
Harley-Davidson FLSTFB Fat Boy Lo,2011,Custom / cruiser,0,0,127.0,1584.0,292.0,0,16299.0
Harley-Davidson FLSTN Softail Deluxe,2011,Custom / cruiser,0,0,127.0,1584.0,292.0,0,16799.0
Harley-Davidson FLSTSB Softail Cross Bones,2011,Custom / cruiser,0,0,127.0,1584.0,292.0,0,16999.0
Harley-Davidson FLSTSE CVO Softail Convertible,2011,Touring,0,0,149.0,1802.7,292.0,0,29599.0
Harley-Davidson FLTRU Road Glide Ultra,2011,Custom / cruiser,0,0,138.0,1688.0,300.0,0,22499.0
Harley-Davidson FLTRUSE CVO Road Glide Ultra,2011,Custom / cruiser,0,0,156.0,1802.7,300.0,0,35999.0
Harley-Davidson FLTRX Road Glide Custom,2011,Custom / cruiser,0,0,126.0,1573.3,300.0,0,18999.0
Harley-Davidson FXCWC Softail Rocker C,2011,Custom / cruiser,0,0,125.0,1584.0,292.0,0,19499.0
Harley-Davidson FXDB Street Bob,2011,Custom / cruiser,0,0,125.0,1584.0,292.0,0,12999.0
Harley-Davidson FXDC Dyna Super Glide Custom,2011,Custom / cruiser,0,0,125.0,1584.0,292.0,0,12990.0
Harley-Davidson FXDF Fat Bob,2011,Custom / cruiser,0,0,125.0,1584.0,292.0,0,14999.0
Harley-Davidson FXDWG Dyna Wide Glide,2011,Custom / cruiser,0,0,125.0,1573.3,292.0,301.6,14499.0
Harley-Davidson Sportster XL883N Iron 833,2011,Custom / cruiser,0,0,75.0,883.3,260.0,256.3,7999.0
Harley-Davidson VRSCDX Night Rod Special,2011,Custom / cruiser,0,0,115.0,1250.0,300.0,0,14699.0
Harley-Davidson VRSCF V-Rod Muscle,2011,Custom / cruiser,0,0,117.0,1250.0,300.0,0,14999.0
Harley-Davidson XL 1200L Sportster 1200 Low,2011,Custom / cruiser,0,0,107.0,1201.3,260.0,263.5,9899.0
Harley-Davidson XL 1200N Nightster,2011,Custom / cruiser,0,0,107.0,1201.3,0,254.9,9999.0
Harley-Davidson XL 1200X Forty-Eight,2011,Custom / cruiser,0,0,107.0,1201.3,260.0,0,10499.0
Harley-Davidson XL 883L Sportster 883 SuperLow,2011,Custom / cruiser,0,0,75.0,883.3,269.0,255.4,7999.0
Headbanger Foxy Lady,2011,Custom / cruiser,0,0,0,1638.8,0,270.0,24200.0
Headbanger Gypsy Soul,2011,Custom / cruiser,0,0,0,1530.0,0,0,25200.0
Headbanger High Flyin,2011,Custom / cruiser,0,0,0,1983.0,0,0,25500.0
Headbanger Hollister,2011,Custom / cruiser,0,0,0,1450.0,0,0,21300.0
Honda CRF100F,2011,Trial,0,0,0,99.0,0,78.9,2799.0
Honda CRF150F,2011,Trial,0,0,0,149.0,240.0,107.1,3399.0
Honda CRF150R,2011,Cross / motocross,0,0,0,149.0,190.0,83.0,4699.0
Honda CRF150R Expert,2011,Cross / motocross,0,0,0,149.0,190.0,83.0,4799.0
Honda CRF230F,2011,Trial,0,0,0,223.0,240.0,112.9,3899.0
Honda CRF230L,2011,Enduro / offroad,0,0,65.5,223.0,220.0,121.1,5399.0
Honda CRF230M,2011,Super motard,0,0,0,223.0,220.0,125.2,5399.0
Honda CRF250R,2011,Cross / motocross,0,0,0,249.0,240.0,103.0,7199.0
Honda CRF250X,2011,Trial,0,0,0,249.0,240.0,114.8,7149.0
Honda CRF450R,2011,Cross / motocross,0,0,0,449.0,240.0,108.0,8199.0
Honda CRF450X,2011,Trial,0,0,0,449.0,240.0,122.0,7899.0
Honda CRF50F,2011,Trial,0,0,0,49.0,0,49.9,1499.0
Honda CRF70F,2011,Trial,0,0,0,72.0,0,63.1,1899.0
Honda CRF80F,2011,Trial,0,0,0,80.0,0,73.9,2399.0
Honda DN-01,2011,Allround,0,0,0,680.0,276.0,269.9,15999.0
Honda Elite,2011,Scooter,0,0,0,108.0,130.0,115.2,2999.0
Honda FourTrax Foreman 4x4,2011,ATV,0,0,0,475.0,180.0,281.2,6799.0
Honda FourTrax Foreman Rubicon,2011,ATV,0,0,0,499.0,180.0,285.8,7699.0
Honda FourTrax Foreman Rubicon GPScape,2011,ATV,0,0,0,499.0,180.0,285.8,8349.0
Honda FourTrax Recon,2011,ATV,0,0,0,229.0,0,199.1,3899.0
Honda FourTrax Rincon,2011,ATV,0,0,0,675.0,180.0,293.9,8799.0
Honda Interceptor,2011,Naked bike,0,0,0,782.0,256.0,244.9,11999.0
Honda Metropolitan,2011,Scooter,0,0,0,49.0,0,79.8,2049.0
Honda NT700V,2011,Sport touring,0,0,0,680.0,276.0,254.9,9999.0
Honda PCX,2011,Scooter,0,0,0,125.0,220.0,127.0,3399.0
Honda Rebel,2011,Custom / cruiser,0,0,79.0,234.0,0,150.1,6999.0
Honda Ruckus,2011,Scooter,0,0,0,49.0,0,88.0,2499.0
Honda SH150i,2011,Scooter,0,0,0,153.0,130.0,137.0,4499.0
Honda ST1300 Pan-European,2011,Sport touring,0,0,0,1261.0,316.0,326.1,16499.0
Honda Sabre,2011,Custom / cruiser,0,0,0,1312.0,296.0,301.2,11799.0
Honda Shadow Aero,2011,Custom / cruiser,0,0,79.0,745.0,180.0,250.8,6999.0
Honda Shadow Spirit 750,2011,Custom / cruiser,0,0,79.0,745.0,296.0,243.1,6999.0
Honda Stateline,2011,Custom / cruiser,0,0,0,1312.0,296.0,304.8,11699.0
Honda TRX250X,2011,ATV,0,0,0,229.0,174.0,171.9,4399.0
Honda TRX300X,2011,ATV,0,0,0,282.0,0,176.0,5299.0
Honda TRX400X,2011,ATV,0,0,0,397.0,220.0,185.1,6299.0
Honda TRX450R,2011,ATV,0,0,0,450.0,190.0,172.8,7499.0
Honda TRX450R E,2011,ATV,0,0,0,450.0,190.0,176.0,7499.0
Honda TRX700XX,2011,ATV,0,0,0,686.0,200.0,229.1,8499.0
Honda TRX90X,2011,ATV,0,0,0,86.0,0,118.8,2999.0
Honda VFR1200F,2011,Sport,0,0,0,1237.0,276.0,268.1,15999.0
Honda VFR1200F DCT,2011,Sport,0,0,0,1237.0,276.0,268.1,17499.0
Honda VTX1300C,2011,Custom / cruiser,0,0,0,1312.0,296.0,307.5,10199.0
Honda VTX1300R,2011,Custom / cruiser,0,0,0,1312.0,296.0,322.1,10199.0
Honda VTX1300T,2011,Touring,0,0,0,1312.0,296.0,339.3,11499.0
Honda VTX1800F,2011,Custom / cruiser,0,0,0,1795.0,316.0,351.1,13499.0
Honda VTX1800N,2011,Custom / cruiser,0,0,0,1795.0,316.0,364.7,15999.0
Honda VTX1800T,2011,Touring,0,0,101.0,1795.0,316.0,362.9,14899.0
Honda XR650L,2011,Enduro / offroad,0,0,100.0,644.0,0,156.9,5399.0
Hyosung GT250,2011,Sport,27.0,0,22.7,249.0,230.0,0,3499.0
Hyosung GT250R,2011,Sport,27.0,0,22.7,249.0,230.0,187.8,3799.0
Hyosung GT650,2011,Naked bike,79.0,0,66.9,647.0,230.0,191.0,5399.0
Hyosung GT650R,2011,Sport,79.0,0,66.9,647.0,230.0,215.0,6099.0
Hyosung GT650S,2011,Sport touring,79.0,0,66.9,647.0,230.0,208.2,5699.0
Hyosung GV 250,2011,Custom / cruiser,25.0,0,22.0,249.0,0,176.0,3699.0
Hyosung GV 650 Avitar,2011,Custom / cruiser,79.0,0,67.0,647.0,270.0,244.0,6699.0
Hyosung GV 650 SE,2011,Custom / cruiser,79.0,0,67.0,647.0,270.0,0,7499.0
Hyosung MS3-250,2011,Scooter,25.0,0,22.2,249.0,220.0,0,4499.0
Hyosung SB50ZR Sense,2011,Scooter,4.0,0,3.8,49.0,162.0,0,1599.0
Hyosung SF50B Prima,2011,Scooter,5.0,0,3.8,49.0,162.0,0,1799.0
Hyosung SF50R Rally,2011,Scooter,5.0,0,3.8,49.0,162.0,0,1899.0
Hyosung TE450S,2011,ATV,52.0,0,47.6,449.0,240.0,0,4999.0
Kawasaki Bayou 250,2011,ATV,0,0,0,228.0,0,194.1,3599.0
Kawasaki Brute Force 650 4x4,2011,ATV,0,0,0,633.0,0,294.1,7599.0
Kawasaki Brute Force 650 4x4i,2011,ATV,0,0,0,633.0,0,296.1,8099.0
Kawasaki Brute Force 750 4x4i,2011,ATV,0,0,0,749.0,200.0,296.1,8849.0
Kawasaki Concours 14,2011,Sport touring,0,0,0,1352.0,270.0,304.0,14599.0
Kawasaki Concours 14 ABS,2011,Sport touring,0,0,138.3,1352.0,270.0,312.1,15599.0
Kawasaki ER-6n,2011,Naked bike,0,0,0,649.0,220.0,200.0,6699.0
Kawasaki KFX 450R,2011,ATV,0,0,0,449.0,200.0,392.5,8099.0
Kawasaki KFX 90,2011,ATV,0,0,0,89.0,200.0,392.5,2690.0
Kawasaki KLR 650,2011,Super motard,0,0,0,651.0,280.0,196.0,6149.0
Kawasaki KLX 110,2011,Minibike-cross,0,0,0,111.0,0,76.2,2149.0
Kawasaki KLX 110L,2011,Enduro / offroad,0,0,0,111.0,0,76.2,2299.0
Kawasaki KLX 140,2011,Enduro / offroad,0,0,0,144.0,186.0,93.0,2899.0
Kawasaki KLX 140L,2011,Enduro / offroad,0,0,0,144.0,186.0,95.0,3199.0
Kawasaki KLX 250S,2011,Enduro / offroad,0,0,0,249.0,240.0,135.0,4999.0
Kawasaki KLX 250SF,2011,Super motard,0,0,0,249.0,300.0,137.0,4999.0
Kawasaki KX 100,2011,Cross / motocross,0,0,0,99.0,0,71.0,4099.0
Kawasaki KX 250F,2011,Cross / motocross,0,0,0,249.0,240.0,105.6,7299.0
Kawasaki KX 450F,2011,Cross / motocross,0,0,0,449.0,240.0,113.4,8149.0
Kawasaki KX 65,2011,Minibike-cross,0,0,0,64.0,0,60.0,3499.0
Kawasaki KX 85 Motocross,2011,Minibike-cross,0,0,0,84.0,0,69.0,3899.0
Kawasaki Ninja 1000,2011,Sport,0,0,0,1043.0,250.0,228.0,10999.0
Kawasaki Ninja 250R,2011,Sport,0,0,0,249.0,220.0,170.1,3999.0
Kawasaki Ninja 650R,2011,Sport,0,0,0,649.0,220.0,204.0,7199.0
Kawasaki Ninja ZX -10R,2011,Sport,0,0,0,998.0,220.0,198.0,14799.0
Kawasaki Ninja ZX -10R ABS,2011,Sport,0,0,0,998.0,220.0,0,14799.0
Kawasaki Ninja ZX -14 Supersport,2011,Sport,0,0,0,1352.0,250.0,257.1,13599.0
Kawasaki Ninja ZX-6R,2011,Sport,0,0,0,599.0,220.0,191.1,10699.0
Kawasaki Prairie 360 4X4,2011,ATV,0,0,0,362.0,0,292.1,6149.0
Kawasaki Prairie 360 4x4 Realtree APG HD,2011,ATV,0,0,0,362.0,0,292.1,6499.0
Kawasaki Versys,2011,Allround,0,0,0,649.0,220.0,206.0,7699.0
Kawasaki Vulcan 1700 Classic LT,2011,Touring,0,0,146.5,1700.0,0,362.0,14199.0
Kawasaki Vulcan 1700 Nomad,2011,Touring,0,0,146.5,1700.0,0,378.3,15499.0
Kawasaki Vulcan 1700 Vaquero,2011,Custom / cruiser,0,0,146.5,1700.0,0,379.1,16499.0
Kawasaki Vulcan 1700 Voyager,2011,Touring,0,0,146.5,1700.0,0,401.9,17499.0
Kawasaki Vulcan 1700 Voyager ABS,2011,Touring,0,0,146.5,1700.0,0,406.1,18599.0
Kawasaki Vulcan 2000 Classic LT,2011,Touring,0,0,191.2,2053.0,320.0,401.1,15999.0
Kawasaki Vulcan 900 Classic LT,2011,Touring,0,0,78.9,903.0,300.0,298.1,9399.0
Kawasaki Vulcan 900 Classic SE,2011,Custom / cruiser,0,0,78.9,903.0,300.0,281.1,8199.0
Kawasaki Vulcan 900 Custom,2011,Custom / cruiser,0,0,78.9,903.0,270.0,277.1,8549.0
Kawasaki Z1000,2011,Naked bike,0,0,0,1043.0,250.0,0,10599.0
Kymco Yager GT 200i,2011,Scooter,0,112.7,0,174.5,0,0,3499.0
Marine Turbine Technologies Streetfighter,2011,Naked bike,320.0,402.0,678.0,0,320.0,0,175000.0
Moto Guzzi California Vintage,2011,Classic,72.4,0,94.0,1064.0,282.0,0,15490.0
Moto Guzzi Norge 1200 GT,2011,Touring,95.0,0,100.0,1151.0,282.0,266.0,15690.0
Moto Guzzi Norge 1200 GT 8V,2011,Touring,95.0,0,100.0,1151.0,282.0,0,15690.0
Moto Guzzi Stelvio 1200 4V ABS,2011,Enduro / offroad,105.0,0,108.0,1151.0,282.0,0,15990.0
NCR Leggera,2011,Super motard,90.0,0,0,1078.0,200.0,0,76000.0
NCR Mike Hailwood TT,2011,Sport,130.0,0,132.9,1120.0,200.0,0,130000.0
NCR Millona One Shot,2011,Sport,116.0,0,0,1100.0,200.0,0,71500.0
NCR Millona R,2011,Sport,100.0,0,0,1000.0,200.0,0,51597.0
NCR Millona S,2011,Sport,100.0,0,0,1000.0,200.0,0,39149.0
Piaggio BV Tourer 250,2011,Scooter,22.0,129.0,23.0,250.0,260.0,149.0,4899.0
Piaggio BV Tourer 500,2011,Scooter,38.9,129.0,43.0,492.0,240.0,189.0,6399.0
Piaggio Fly 150,2011,Scooter,11.4,0,11.5,150.0,140.0,112.0,2899.0
Piaggio Fly 50,2011,Scooter,11.4,0,3.5,49.9,140.0,107.0,2099.0
Piaggio MP3 500,2011,Scooter,40.0,143.0,42.3,492.7,260.0,245.0,8899.0
Piaggio MP3 LT 400,2011,Scooter,34.0,142.0,37.0,398.0,240.0,244.0,8699.0
Polaris Outlaw 50,2011,ATV,0,0,0,49.0,0,0,1999.0
Polaris Outlaw 525 IRS,2011,ATV,0,0,0,510.0,0,0,7699.0
Polaris Outlaw 90,2011,ATV,0,0,0,89.0,0,0,2699.0
Polaris Phoenix 200,2011,ATV,0,0,0,196.0,0,0,3499.0
Polaris Scrambler 500 4X4,2011,ATV,0,0,0,498.0,0,0,6399.0
Polaris Sportsman 400 HO,2011,ATV,0,0,0,455.0,0,0,5590.0
Polaris Sportsman 500 HO,2011,ATV,0,0,0,498.0,0,0,5999.0
Polaris Sportsman 550,2011,ATV,0,0,0,549.0,0,0,7499.0
Polaris Sportsman 550 EPS,2011,ATV,0,0,0,549.0,0,0,8499.0
Polaris Sportsman 550 Touring EPS,2011,ATV,0,0,0,549.0,0,0,9299.0
Polaris Sportsman 800 EFI,2011,ATV,0,0,0,760.0,0,0,7499.0
Polaris Sportsman 850 Touring EPS,2011,ATV,0,0,0,850.0,0,0,10999.0
Polaris Sportsman 90,2011,ATV,0,0,0,89.0,0,0,2699.0
Polaris Sportsman Big Boss 6x6 800,2011,ATV,0,0,0,760.0,0,0,9999.0
Polaris Sportsman X2 550,2011,ATV,0,0,0,549.0,0,0,8999.0
Polaris Sportsman XP 850,2011,ATV,0,0,0,850.0,0,0,8799.0
Polaris Sportsman XP 850 EPS,2011,ATV,70.0,0,0,850.0,0,0,9999.0
Polaris Trail Blazer 330,2011,ATV,0,0,0,329.0,0,0,4299.0
Polaris Trail Boss 330,2011,ATV,0,0,0,329.0,0,0,4299.0
Quantya Evo1 Strada,2011,Super motard,11.4,88.5,31.5,0,200.0,0,10700.0
Quantya Evo1 Track,2011,Cross / motocross,16.1,88.5,31.5,0,200.0,88.5,9985.0
Roehr eSuperBike,2011,Sport,96.0,0,0,0,245.0,0,27595.0
Roehr eSuperSport,2011,Sport,48.0,0,0,0,245.0,0,16995.0
Rokon Ranger,2011,Enduro / offroad,5.5,0,0,160.0,0,0,5850.0
Rokon Scout,2011,Enduro / offroad,6.6,0,0,172.0,0,0,5575.0
Rokon Trail-Breaker,2011,Enduro / offroad,6.6,0,0,172.0,0,0,5975.0
Samurai Chopper Type 5,2011,Custom / cruiser,0,0,0,1337.0,0,238.0,27200.0
Samurai Chopper Type 6,2011,Custom / cruiser,0,0,0,1524.1,0,0,28800.0
Suzuki Access 125,2011,Scooter,8.6,90.0,9.8,124.0,120.0,115.0,1000.0
Suzuki B-King,2011,Naked bike,181.0,0,146.0,1340.0,260.0,0,12899.0
Suzuki B-King ABS,2011,Naked bike,181.0,0,146.0,1340.0,260.0,0,13499.0
Suzuki Bandit 1250S,2011,Naked bike,96.6,0,0,1255.0,240.0,250.0,9299.0
Suzuki Bandit 1250S ABS,2011,Naked bike,96.6,0,0,1255.0,240.0,254.0,9799.0
Suzuki Boulevard C109R,2011,Custom / cruiser,0,0,0,1783.0,0,380.0,14799.0
Suzuki Boulevard C109RT,2011,Touring,0,0,0,1783.0,0,401.0,15999.0
Suzuki Boulevard C50,2011,Custom / cruiser,0,0,0,32.0,180.0,277.0,7799.0
Suzuki Boulevard C50 Special Edition,2011,Custom / cruiser,0,0,0,805.0,180.0,277.0,7999.0
Suzuki Boulevard C50T,2011,Touring,0,0,0,805.0,180.0,295.0,9099.0
Suzuki Boulevard C90,2011,Custom / cruiser,0,0,0,1462.0,0,320.0,11299.0
Suzuki Boulevard C90T,2011,Touring,0,0,0,1462.0,0,339.0,12299.0
Suzuki Boulevard M109R,2011,Custom / cruiser,0,0,0,1783.0,275.0,347.0,14099.0
Suzuki Boulevard M109R Limited Edition,2011,Custom / cruiser,0,0,0,1783.0,275.0,347.0,14499.0
Suzuki Boulevard M109R2,2011,Custom / cruiser,0,0,46.0,1783.0,275.0,347.0,13799.0
Suzuki Boulevard M50,2011,Custom / cruiser,0,0,0,805.0,0,265.0,7799.0
Suzuki Boulevard M50 Special Edition,2011,Custom / cruiser,0,0,0,805.0,0,265.0,7999.0
Suzuki Boulevard M90,2011,Custom / cruiser,0,0,0,1462.0,275.0,328.0,10599.0
Suzuki Boulevard S40,2011,Custom / cruiser,0,0,0,652.0,0,173.0,5099.0
Suzuki Boulevard S50,2011,Custom / cruiser,0,0,0,805.0,0,217.0,7199.0
Suzuki Boulevard S83,2011,Custom / cruiser,0,0,0,1360.0,0,295.0,8499.0
Suzuki Burgman 400,2011,Scooter,0,0,0,398.0,0,215.0,6599.0
Suzuki Burgman 400 ABS,2011,Scooter,0,0,0,398.0,210.0,222.0,7499.0
Suzuki Burgman 650,2011,Scooter,55.0,0,0,638.0,0,269.0,8699.0
Suzuki Burgman 650 Exec,2011,Scooter,55.0,0,0,638.0,250.0,278.0,9899.0
Suzuki DR-Z125,2011,Enduro / offroad,0,0,0,124.0,0,89.0,2699.0
Suzuki DR-Z400E,2011,Enduro / offroad,0,0,0,398.0,220.0,123.5,5199.0
Suzuki DR-Z400S,2011,Enduro / offroad,0,0,0,398.0,220.0,144.0,6199.0
Suzuki DR-Z400SM,2011,Super motard,0,0,0,398.0,240.0,146.0,6699.0
Suzuki DR-Z70,2011,Enduro / offroad,0,0,0,67.0,0,55.0,1799.0
Suzuki DR200SE,2011,Enduro / offroad,0,0,0,199.0,0,126.0,4199.0
Suzuki DR650SE,2011,Super motard,0,0,0,644.0,240.0,166.0,5899.0
Suzuki GS500F,2011,Naked bike,0,0,0,487.0,310.0,199.0,4399.0
Suzuki GSX-R1000,2011,Sport,182.4,0,117.0,999.0,220.0,205.0,13599.0
Suzuki GSX-R600,2011,Sport,124.0,0,69.6,599.0,220.0,187.0,11599.0
Suzuki GSX-R750,2011,Sport,201.2,0,86.3,999.0,220.0,190.0,11999.0
Suzuki GSX1250FA,2011,Sport,96.6,0,108.0,1250.0,240.0,257.0,11599.0
Suzuki GSX650F,2011,Allround,84.5,0,62.0,656.0,240.0,241.0,7899.0
Suzuki GZ250,2011,Custom / cruiser,0,0,0,249.0,0,150.0,2999.0
Suzuki Gladius,2011,Naked bike,72.0,0,0,645.0,240.0,202.0,6899.0
Suzuki Hayabusa GSX-R 1300,2011,Sport,0,0,0,1340.0,0,260.0,13699.0
Suzuki KingQuad 400ASi,2011,ATV,0,0,0,376.0,0,285.0,6199.0
Suzuki KingQuad 400FSi,2011,ATV,0,0,0,376.0,0,279.0,6099.0
Suzuki KingQuad 450AXi,2011,ATV,0,0,0,454.0,0,305.0,6999.0
Suzuki KingQuad 500AXi,2011,ATV,0,0,0,493.0,0,305.0,7699.0
Suzuki KingQuad 750AXi,2011,ATV,0,0,0,722.0,0,302.0,8199.0
Suzuki Ozark 250,2011,ATV,0,0,0,249.0,0,194.0,3899.0
Suzuki QuadRacer R450,2011,ATV,0,0,0,450.0,0,188.0,8099.0
Suzuki QuadSport Z400,2011,ATV,0,0,0,450.0,0,193.0,6499.0
Suzuki QuadSport Z50,2011,ATV,0,0,0,50.0,0,78.0,1899.0
Suzuki QuadSport Z90,2011,ATV,0,0,0,90.0,0,127.0,2499.0
Suzuki RM-Z250,2011,Cross / motocross,0,0,0,249.0,240.0,104.5,7299.0
Suzuki RM-Z450,2011,Cross / motocross,0,0,0,449.0,0,113.0,8149.0
Suzuki RM250,2011,Cross / motocross,0,0,0,249.0,0,104.5,6099.0
Suzuki RM85,2011,Cross / motocross,0,0,0,84.7,0,73.0,3999.0
Suzuki RM85L,2011,Cross / motocross,0,0,28.0,84.7,200.0,73.0,3199.0
Suzuki RMX450Z,2011,Enduro / offroad,0,0,0,449.0,0,123.5,8399.0
Suzuki SV650,2011,Naked bike,0,0,0,645.0,0,0,5999.0
Suzuki SV650 ABS,2011,Naked bike,0,0,0,645.0,0,0,6599.0
Suzuki SV650SF,2011,Naked bike,0,0,0,645.0,0,200.0,7499.0
Suzuki SV650SF ABS,2011,Naked bike,0,0,0,645.0,240.0,203.0,7999.0
Suzuki TU250,2011,Classic,0,0,0,249.0,0,148.0,3999.0
Suzuki V-Strom 1000,2011,Sport touring,0,0,0,996.0,260.0,238.0,9799.0
Suzuki V-Strom 650,2011,Sport touring,65.7,0,0,645.0,260.0,217.0,7499.0
Suzuki V-Strom 650 ABS,2011,Sport touring,65.7,0,0,645.0,260.0,220.0,8099.0
Suzuki V-Strom 650 Traveller,2011,Sport touring,0,0,0,645.0,0,0,6599.0
Travertson VR-2,2011,Custom / cruiser,0,0,115.0,1250.0,0,0,53900.0
Triumph Bonneville,2011,Classic,66.0,0,67.8,865.0,255.0,224.5,7699.0
Triumph Bonneville SE,2011,Classic,66.0,0,67.8,865.0,255.0,224.5,8599.0
Triumph Bonneville T100,2011,Classic,66.0,0,67.8,865.0,255.0,224.5,8790.0
Triumph Daytona 675,2011,Sport,124.0,0,71.9,675.0,220.0,184.6,10499.0
Triumph New Tiger 800,2011,Allround,94.0,0,78.7,799.0,255.0,209.6,7140.0
Triumph Rocket III Roadster,2011,Custom / cruiser,146.0,0,221.0,2294.0,316.0,366.1,13999.0
Triumph Rocket III Touring,2011,Touring,105.0,0,203.4,2294.0,316.0,394.2,17299.0
Triumph Scrambler,2011,Classic,58.0,0,67.8,865.0,255.0,229.5,8799.0
Triumph Sprint GT,2011,Touring,128.0,0,108.5,1050.0,255.0,267.6,13199.0
Triumph Street Triple R,2011,Naked bike,105.0,0,67.8,675.0,220.0,188.7,9599.0
Triumph Thruxton,2011,Classic,68.0,0,69.2,865.0,255.0,229.5,8799.0
Triumph Thunderbird,2011,Custom / cruiser,85.0,0,146.5,1597.0,310.0,338.4,12499.0
Triumph Tiger 1050,2011,Allround,111.0,0,97.6,1050.0,255.0,227.7,11999.0
Triumph Tiger 1050  SE,2011,Allround,111.0,0,97.6,1050.0,255.0,227.7,13999.0
Ultra Ground Pounder Rigid 330,2011,Custom / cruiser,0,0,0,1573.3,0,0,19999.0
Ultra Ground Pounder ST,2011,Custom / cruiser,0,0,0,1573.3,0,0,22900.0
Ultra Intimidator Chopper,2011,Custom / cruiser,0,0,0,1851.9,0,0,28900.0
Ultra Lowdown Drop Seat,2011,Custom / cruiser,0,0,0,1851.9,0,0,29990.0
Ural Gear Up 750,2011,Classic,38.9,95.0,52.0,745.0,0,0,13599.0
Ural Patrol 750,2011,Classic,38.9,95.0,52.0,745.0,0,0,12999.0
Ural Retro 750,2011,Classic,38.9,105.0,52.0,745.0,0,0,13999.0
Ural Tourist 750,2011,Classic,38.9,105.0,52.0,745.0,0,0,11499.0
Ural Wolf 750 Solo,2011,Custom / cruiser,38.9,130.0,52.0,745.0,0,0,10899.0
Vento Hot Rod,2011,Scooter,9.4,0,8.5,150.0,130.0,0,1699.0
Vento Phantom R5,2011,Scooter,9.4,0,8.5,150.0,0,0,1599.0
Vento Reptile 400,2011,ATV,0,0,0,392.0,200.0,0,6199.0
Vento Triton LI,2011,Scooter,4.9,0,9.2,49.0,0,0,1499.0
Vento V-Thunder XL,2011,Custom / cruiser,24.1,0,0,249.0,0,0,3599.0
Vespa GTS 300,2011,Scooter,0,128.8,22.3,278.0,220.0,0,5999.0
Vespa GTS 300 Super,2011,Scooter,0,128.8,22.3,278.0,200.0,0,6199.0
Vespa GTV 300,2011,Scooter,21.2,0,20.2,278.0,200.0,0,6899.0
Vespa LX 150 i.e.,2011,Scooter,11.7,95.0,11.5,150.0,110.0,0,4599.0
Vespa LX 50 4V,2011,Scooter,4.3,62.8,3.5,49.4,110.0,0,3299.0
Vespa LXV 150 i.e.,2011,Scooter,11.7,95.0,11.5,150.0,110.0,0,5399.0
Vespa S 150 ie.,2011,Scooter,11.7,95.0,11.5,150.0,110.0,0,4499.0
Vespa S 50 4V,2011,Scooter,0,62.8,3.5,49.4,110.0,0,3199.0
Victory Arlen Ness Vision,2011,Custom / cruiser,97.0,0,0,1731.0,300.0,0,27999.0
Victory Cory Ness Cross Country,2011,Custom / cruiser,97.0,0,0,1731.0,300.0,0,24999.0
Victory Cross Country,2011,Touring,0,0,0,1737.1,300.0,0,17999.0
Victory Cross Roads,2011,Touring,0,0,0,1737.1,300.0,0,14999.0
Victory Hammer,2011,Custom / cruiser,97.0,0,0,1731.0,300.0,0,17799.0
Victory Hammer 8 Ball,2011,Custom / cruiser,0,0,0,1731.0,300.0,0,14499.0
Victory Hammer S,2011,Custom / cruiser,0,0,0,1731.0,0,0,18499.0
Victory Kingpin,2011,Custom / cruiser,0,0,0,1731.0,0,0,14999.0
Victory Kingpin 8 Ball,2011,Custom / cruiser,0,0,0,1731.0,300.0,0,12999.0
Victory Vegas,2011,Custom / cruiser,0,0,0,1731.0,300.0,0,14499.0
Victory Vegas 8-Ball,2011,Custom / cruiser,0,0,0,1634.0,300.0,0,12499.0
Victory Vegas Jackpot,2011,Custom / cruiser,0,0,0,1731.0,300.0,0,18499.0
Victory Vision 8 Ball,2011,Custom / cruiser,0,0,0,1731.0,300.0,0,17999.0
Victory Vision Tour,2011,Touring,97.0,0,0,1731.0,300.0,0,23199.0
Victory Zach Ness Vegas,2011,Custom / cruiser,0,0,0,1731.0,300.0,0,18999.0
Yamaha Bruin 250,2011,ATV,0,0,0,230.0,0,0,3499.0
Yamaha Bruin 350,2011,ATV,0,0,0,348.0,0,0,4199.0
Yamaha C3,2011,Scooter,0,0,0,49.0,110.0,0,2250.0
Yamaha FJR1300A,2011,Sport touring,140.8,0,134.0,1298.0,282.0,292.1,15490.0
Yamaha FZ1,2011,Naked bike,147.5,0,115.0,998.0,245.0,220.9,10490.0
Yamaha FZ6R,2011,Sport,0,0,0,600.0,245.0,213.2,7590.0
Yamaha FZ8,2011,Naked bike,104.7,0,82.0,779.0,267.0,220.9,8490.0
Yamaha Majesty 400,2011,Scooter,0,0,0,395.0,267.0,211.8,6590.0
Yamaha PW50,2011,Enduro / offroad,0,0,0,49.0,0,38.6,1199.0
Yamaha Raider,2011,Custom / cruiser,0,0,0,1851.9,310.0,331.1,14490.0
Yamaha Raider S,2011,Custom / cruiser,0,0,0,1851.9,310.0,331.1,15290.0
Yamaha Raptor 125,2011,ATV,0,0,0,124.0,0,135.6,3399.0
Yamaha Raptor 250,2011,ATV,0,0,0,249.0,0,149.7,4599.0
Yamaha Raptor 250R,2011,ATV,0,0,0,249.0,0,149.7,5099.0
Yamaha Raptor 350,2011,ATV,0,0,0,348.0,0,179.6,5499.0
Yamaha Raptor 700R,2011,ATV,0,0,0,686.0,0,191.4,8399.0
Yamaha Raptor 700R SE,2011,ATV,0,0,0,686.0,0,191.4,8999.0
Yamaha Raptor 90,2011,ATV,0,0,0,88.0,0,119.8,2699.0
Yamaha Road Star,2011,Touring,0,0,0,1671.6,320.0,337.0,12390.0
Yamaha Road Star S,2011,Touring,0,0,0,1671.6,320.0,337.0,13390.0
Yamaha Road Star Silverado,2011,Touring,0,0,0,1671.6,320.0,351.1,14590.0
Yamaha Road Star Silverado S,2011,Touring,0,0,0,1671.6,320.0,350.6,15490.0
Yamaha Roadliner Midnight,2011,Custom / cruiser,0,0,0,1851.9,320.0,339.7,14090.0
Yamaha Roadliner S,2011,Custom / cruiser,0,0,0,1851.9,320.0,339.7,15290.0
Yamaha Royal Star Tour Deluxe,2011,Touring,97.0,0,120.7,1294.7,320.0,382.8,15690.0
Yamaha Royal Star Venture,2011,Touring,97.0,0,120.7,1294.7,320.0,394.2,18690.0
Yamaha Royal Star Venture S,2011,Touring,97.0,0,120.7,1294.7,320.0,394.2,20090.0
Yamaha Star Midnight Warrior,2011,Custom / cruiser,0,0,166.8,1671.6,282.0,294.8,13390.0
Yamaha Star Warrior,2011,Custom / cruiser,0,0,0,1671.6,282.0,294.8,13190.0
Yamaha Stratoliner,2011,Custom / cruiser,0,0,0,1851.9,320.0,363.8,15690.0
Yamaha Stratoliner Deluxe,2011,Custom / cruiser,0,0,0,1851.9,320.0,360.2,17490.0
Yamaha Stratoliner S,2011,Custom / cruiser,0,0,0,1851.9,320.0,363.8,17290.0
Yamaha Stryker,2011,Custom / cruiser,0,0,0,1311.1,310.0,293.0,11240.0
Yamaha TMAX,2011,Scooter,0,0,0,499.0,267.0,221.8,8590.0
Yamaha TT-R110E,2011,Enduro / offroad,0,0,0,110.0,110.0,71.7,2150.0
Yamaha TT-R125,2011,Enduro / offroad,0,0,0,124.0,110.0,89.8,3199.0
Yamaha TT-R125LE,2011,Enduro / offroad,0,0,0,124.0,110.0,89.8,3150.0
Yamaha TT-R230,2011,Enduro / offroad,0,0,0,223.0,130.0,113.9,3790.0
Yamaha TW200,2011,Super motard,0,0,0,196.0,110.0,126.6,4350.0
Yamaha V Star 1100 Classic,2011,Custom / cruiser,0,0,0,1065.2,282.0,284.9,9490.0
Yamaha V Star 1100 Custom,2011,Custom / cruiser,0,0,0,1065.2,282.0,274.9,9190.0
Yamaha V Star 1100 Silverado,2011,Touring,0,0,0,1065.2,282.0,303.9,10290.0
Yamaha V Star 1300,2011,Custom / cruiser,0,0,0,1311.1,298.0,303.0,10890.0
Yamaha V Star 1300 Tourer,2011,Touring,0,0,0,1311.1,298.0,323.0,11990.0
Yamaha V Star 250,2011,Custom / cruiser,0,0,0,245.8,130.0,147.0,4090.0
Yamaha V Star 950,2011,Custom / cruiser,0,0,0,942.0,298.0,278.1,8390.0
Yamaha V Star 950 Tourer,2011,Touring,0,0,0,942.0,298.0,298.0,9390.0
Yamaha V Star Classic,2011,Custom / cruiser,0,0,0,655.5,200.0,246.8,6590.0
Yamaha V Star Custom,2011,Custom / cruiser,0,0,0,655.5,200.0,232.7,6890.0
Yamaha V Star Silverado,2011,Custom / cruiser,0,0,0,655.5,200.0,264.4,7890.0
Yamaha VMAX,2011,Naked bike,197.4,0,166.8,1671.6,298.0,309.8,19890.0
Yamaha Vino 125,2011,Scooter,0,0,0,124.0,110.0,108.9,2899.0
Yamaha Vino Classic,2011,Scooter,0,0,0,49.0,110.0,80.7,2250.0
Yamaha WR250F,2011,Enduro / offroad,0,0,0,250.0,245.0,116.1,6850.0
Yamaha WR250R,2011,Enduro / offroad,30.3,0,23.7,250.0,230.0,135.2,6490.0
Yamaha WR250X,2011,Super motard,30.3,0,23.7,250.0,230.0,137.0,6590.0
Yamaha WR450F,2011,Enduro / offroad,0,0,0,449.0,245.0,121.1,7650.0
Yamaha XT1200Z Super Tenere,2011,Super motard,107.3,0,114.0,1199.0,282.0,260.8,13900.0
Yamaha XT250,2011,Enduro / offroad,29.5,0,23.0,249.0,203.0,132.0,4990.0
Yamaha YFZ450X,2011,ATV,0,0,0,449.0,0,181.4,8599.0
Yamaha YFZ450X SE,2011,ATV,0,0,0,449.0,0,181.4,8949.0
Yamaha YZ125,2011,Cross / motocross,0,0,0,124.0,245.0,94.4,6250.0
Yamaha YZ250,2011,Cross / motocross,0,0,0,249.0,245.0,103.0,7150.0
Yamaha YZ250F,2011,Cross / motocross,0,0,0,250.0,245.0,102.0,7250.0
Yamaha YZ450F,2011,Cross / motocross,0,0,0,449.0,245.0,111.1,8250.0
Yamaha YZ85,2011,Cross / motocross,0,0,0,85.0,190.0,70.8,3850.0
Yamaha YZF-R1,2011,Sport,179.6,0,115.0,998.0,220.0,205.9,13790.0
Yamaha YZF-R1 LE,2011,Sport,179.6,0,115.0,998.0,220.0,205.9,14500.0
Yamaha YZF-R6,2011,Sport,122.0,0,65.7,599.0,220.0,189.2,10890.0
Yamaha Zuma,2011,Scooter,0,0,0,49.0,155.0,0,2390.0
Yamaha Zuma 125,2011,Scooter,0,0,0,125.0,220.0,93.9,3250.0
Arctic Cat 150 Youth 2x4,2010,ATV,0,0,0,149.0,0,0,3349.0
Arctic Cat 300,2010,ATV,0,0,0,270.0,0,0,3999.0
Arctic Cat 300 DVX,2010,ATV,0,0,0,270.0,0,0,3999.0
Arctic Cat 366 SE,2010,ATV,0,0,0,366.0,0,0,6899.0
Arctic Cat 450 H1 EFI,2010,ATV,0,0,0,443.0,0,0,6899.0
Arctic Cat 550 H1 EFI,2010,ATV,0,0,0,545.0,0,0,7599.0
Arctic Cat 550 H1 EFI LE,2010,ATV,0,0,0,545.0,0,0,8499.0
Arctic Cat 550 H1 EFI LE,2010,ATV,0,0,0,545.0,0,0,8499.0
Arctic Cat 550 S,2010,ATV,0,0,0,545.0,0,0,7199.0
Arctic Cat 550 S,2010,ATV,0,0,0,545.0,0,0,7199.0
Arctic Cat 650 H1,2010,ATV,0,0,0,641.0,0,0,7199.0
Arctic Cat 650 H1,2010,ATV,0,0,0,641.0,0,0,7199.0
Arctic Cat 700 H1 EFI,2010,ATV,0,0,0,695.0,0,0,8499.0
Arctic Cat 700 H1 EFI  LE,2010,ATV,0,0,0,695.0,0,0,9399.0
Arctic Cat 90 DVX Youth,2010,ATV,0,0,0,90.0,0,0,3349.0
Arctic Cat MudPro 1000 H2 EFI,2010,ATV,0,0,0,951.0,0,0,12999.0
Arctic Cat MudPro 650 H1,2010,ATV,0,0,0,641.0,0,0,8599.0
Arctic Cat MudPro 700 H1 EFI,2010,ATV,0,0,0,695.0,0,0,9899.0
Arctic Cat Super Duty Diesel,2010,ATV,0,0,0,695.0,0,0,9699.0
Arctic Cat TBX 700 H1 EFI,2010,ATV,0,0,0,695.0,0,0,8799.0
Arctic Cat TRV 1000 H2 EFI Cruiser,2010,ATV,0,0,0,951.0,0,0,12699.0
Arctic Cat TRV 1000 H2 LE,2010,ATV,0,0,0,951.0,0,0,11699.0
Arctic Cat TRV 400 H1,2010,ATV,0,0,0,366.0,0,0,7299.0
Arctic Cat TRV 550 H1 EFI,2010,ATV,0,0,0,545.0,0,0,8399.0
Arctic Cat TRV 700 H1 EFI,2010,ATV,0,0,0,695.0,0,0,9199.0
Arctic Cat TRV 700 H1 EFI Cruiser,2010,ATV,0,0,0,695.0,0,0,10199.0
Arctic Cat Thundercat 1000 H2,2010,ATV,0,0,0,951.0,0,0,11299.0
Arctic Cat Thundercat 1000 H2 LE,2010,ATV,0,0,0,951.0,0,0,11699.0
BMC Choppers Big Daddy,2010,Custom / cruiser,0,0,0,1638.8,292.0,0,23995.0
BMC Choppers Big Daddy ST,2010,Custom / cruiser,0,0,0,1638.8,292.0,0,25995.0
BMC Choppers Bobber 88 Barhopper,2010,Custom / cruiser,0,0,0,1442.2,292.0,0,17500.0
BMC Choppers Bobber88,2010,Custom / cruiser,0,0,0,1442.2,292.0,0,16500.0
BMC Choppers Hooligan 541,2010,Custom / cruiser,0,0,0,1442.2,292.0,0,18995.0
BMC Choppers Hooligan 541 240,2010,Custom / cruiser,0,0,0,1442.2,292.0,0,21500.0
BMC Choppers Hooligan 541 ST,2010,Custom / cruiser,0,0,0,1638.8,292.0,0,22950.0
BMW G 650 Xcountry,2010,Enduro / offroad,53.0,170.0,60.0,652.0,240.0,160.0,7500.0
BMW K 1200 LT,2010,Touring,116.0,200.0,120.0,1171.0,285.0,387.0,21700.0
BamX BX110-S Tracker,2010,ATV,5.2,0,6.2,107.0,0,0,1499.0
BamX BX125 DB1 Enforcer,2010,Minibike-cross,6.5,0,8.5,124.0,0,0,1299.0
BamX BX125 DB2 Renegade,2010,Minibike-cross,6.5,0,8.5,124.0,0,0,1399.0
BamX BX125 DB3 Outlaw,2010,Minibike-cross,6.5,0,8.5,124.0,0,0,1599.0
BamX BX150-DB Voyager,2010,Enduro / offroad,9.5,0,12.5,149.0,0,0,1399.0
BamX BX150-S Charger,2010,ATV,7.0,0,8.3,148.0,0,0,1799.0
BamX BX200-DB Outback,2010,Enduro / offroad,14.5,0,13.0,196.0,0,0,1499.0
BamX BX200-S1 Assault,2010,ATV,10.5,0,15.0,197.0,0,0,2299.0
BamX BX250-S1 Assault,2010,ATV,11.5,0,18.0,230.0,0,0,2499.0
BamX BX350-S Assault,2010,ATV,17.0,0,23.0,348.0,0,0,4299.0
BamX BX400-S Assault,2010,ATV,19.0,0,25.0,387.0,0,0,4299.0
BamX BX450-S Assault,2010,ATV,40.0,0,36.0,686.0,0,0,5699.0
BamX BX50-DB Pee Wee,2010,Enduro / offroad,2.0,0,2.8,49.5,0,0,849.0
BamX BX50-S Side Kick,2010,ATV,2.0,0,2.8,49.5,0,0,1099.0
BamX BX70-DB Trailstar,2010,Trial,3.6,0,4.2,72.0,0,0,999.0
BamX BX70-S Charger,2010,ATV,3.2,0,4.2,72.0,0,0,1299.0
Benelli Cafe Racer 899,2010,Naked bike,118.0,0,88.0,899.0,240.0,0,13900.0
Bennche Gray Wolf 500,2010,ATV,22.8,0,0,471.0,0,349.0,4649.0
Bennche Gray Wolf 700,2010,ATV,33.5,0,0,686.0,0,0,5499.0
Big Bear Choppers Athena 100 Smooth Carb,2010,Custom / cruiser,0,0,149.2,1638.8,0,0,33400.0
Big Bear Choppers Athena 100 Smooth EFI,2010,Custom / cruiser,95.0,0,0,1638.8,0,0,35400.0
Big Bear Choppers Athena 114 X-Wedge EFI,2010,Custom / cruiser,97.0,0,153.2,1868.2,0,0,37400.0
Big Bear Choppers Athena ProStreet 100 Smooth Carb,2010,Custom / cruiser,95.0,0,149.2,1638.8,0,0,33400.0
Big Bear Choppers Athena ProStreet 100 Smooth EFI,2010,Custom / cruiser,95.0,0,149.2,1638.8,0,0,35400.0
Big Bear Choppers Athena ProStreet 114 X-Wedge EFI,2010,Custom / cruiser,97.0,0,153.2,1868.2,0,0,37400.0
Big Bear Choppers Bear Bones 100 Smooth Carb,2010,Custom / cruiser,95.0,0,151.9,1638.8,0,0,19500.0
Big Bear Choppers Devils Advocate 100 EFI,2010,Custom / cruiser,95.0,0,149.2,1638.8,0,0,33900.0
Big Bear Choppers Devils Advocate 100 Smooth Carb,2010,Custom / cruiser,0,0,149.2,1638.8,0,0,31900.0
Big Bear Choppers Devils Advocate ProStreet 100 Carb,2010,Custom / cruiser,95.0,0,149.2,1638.8,0,0,31900.0
Big Bear Choppers Devils Advocate ProStreet 100 EFI,2010,Custom / cruiser,95.0,0,149.2,1638.8,0,0,33900.0
Big Bear Choppers GTX Standard 100 Smooth EFI,2010,Custom / cruiser,95.0,0,149.2,1638.8,0,0,34900.0
Big Bear Choppers GTX Standard 114 X-Wedge EFI,2010,Custom / cruiser,97.0,0,153.2,1868.2,0,0,37400.0
Big Bear Choppers Merc Rigid 100 Smooth Carb,2010,Custom / cruiser,95.0,0,149.2,1638.8,0,0,25900.0
Big Bear Choppers Merc Softail 100 Smooth Carb,2010,Custom / cruiser,95.0,0,149.2,1638.8,0,0,27400.0
Big Bear Choppers Paradox 100 Smooth Carb,2010,Custom / cruiser,95.0,0,149.2,1638.8,0,0,32400.0
Big Bear Choppers Paradox 100 Smooth EFI,2010,Custom / cruiser,95.0,0,149.2,1638.8,0,0,34400.0
Big Bear Choppers Paradox 114 X-Wedge EFI,2010,Custom / cruiser,97.0,0,153.2,1868.2,0,0,36400.0
Big Bear Choppers Rage 100 Smooth Carb,2010,Custom / cruiser,95.0,0,151.9,1638.8,0,0,29900.0
Big Bear Choppers Rage 100 Smooth EFI,2010,Custom / cruiser,95.0,0,151.9,1638.8,0,0,31900.0
Big Bear Choppers Reaper 100 Carb,2010,Custom / cruiser,95.0,0,149.2,1638.8,0,0,27900.0
Big Bear Choppers Screamin Demon 100 Carb,2010,Custom / cruiser,95.0,0,149.2,1638.8,0,0,24900.0
Big Bear Choppers Sled 100 EFI Evolution,2010,Custom / cruiser,95.0,0,149.2,1638.8,0,0,33400.0
Big Bear Choppers Sled 100 Smooth Carb,2010,Custom / cruiser,95.0,0,149.2,1638.8,0,0,30900.0
Big Bear Choppers Sled 114 X-Wedge EFI,2010,Custom / cruiser,97.0,0,153.2,1868.2,0,0,35400.0
Big Bear Choppers Sled ProStreet 100 EFI,2010,Custom / cruiser,95.0,0,149.2,1638.8,0,0,33400.0
Big Bear Choppers Sled ProStreet 100 Smooth Carb,2010,Custom / cruiser,95.0,0,149.2,1638.8,0,0,30900.0
Big Bear Choppers Sled ProStreet 114 X-Wedge EFI,2010,Custom / cruiser,97.0,0,153.2,1868.2,0,0,35400.0
Big Bear Choppers Venom 100 Smooth Carb,2010,Custom / cruiser,95.0,0,0,1638.8,0,0,28900.0
Big Bear Choppers Venom 100 Smooth EFI,2010,Custom / cruiser,95.0,0,0,1638.8,0,0,30900.0
Big Bear Choppers Venom ProStreet 100 Smooth EFI,2010,Custom / cruiser,95.0,0,149.2,1638.8,0,0,30900.0
Big Dog Bulldog,2010,Custom / cruiser,0,0,0,1807.0,0,0,39900.0
Big Dog Coyote,2010,Custom / cruiser,0,0,0,1917.0,0,0,23900.0
Big Dog K-9,2010,Custom / cruiser,0,0,0,1917.0,0,0,29900.0
Big Dog Mastiff,2010,Custom / cruiser,0,0,0,1917.0,0,0,27900.0
Big Dog Pitbull,2010,Custom / cruiser,0,0,0,1916.0,0,0,26900.0
Big Dog Ridgeback,2010,Custom / cruiser,0,0,0,1917.0,0,0,27900.0
Big Dog Wolf,2010,Custom / cruiser,0,0,0,1976.0,0,0,35900.0
Brammo Enertia,2010,Sport,17.4,96.6,40.0,0,0,0,7995.0
Brudeli 654L,2010,Allround,63.0,170.0,65.0,654.7,240.0,0,25000.0
Buell 1125CR Cafe Racer,2010,Naked bike,146.0,0,111.2,1125.9,240.0,0,11999.0
Buell 1125R,2010,Sport,146.0,0,111.2,1125.9,240.0,0,12499.0
Buell XB12R Firebolt,2010,Naked bike,103.0,0,114.0,1202.9,240.0,0,10299.0
Buell XB12Scg Lightning,2010,Naked bike,103.0,0,113.9,1202.9,240.0,0,10299.0
Buell XB12Ss Lightning Long,2010,Naked bike,103.0,0,113.9,1202.9,240.0,0,10299.0
Buell XB12X Ulysses,2010,Enduro / offroad,103.0,0,113.9,1202.9,240.0,0,11449.0
Buell XB12XT Ulysses,2010,Sport touring,103.0,0,113.9,1202.9,240.0,0,12999.0
Buell XB9SX Lightning,2010,Naked bike,92.0,0,94.9,983.3,240.0,0,8999.0
Can-Am DS 250,2010,ATV,0,0,0,249.4,0,0,3699.0
Can-Am DS 450 EFI,2010,ATV,0,0,0,449.3,198.0,0,7799.0
Can-Am DS 450 EFI X mx,2010,ATV,0,0,0,449.3,198.0,0,9142.0
Can-Am DS 450 EFI X xc,2010,ATV,0,0,0,449.3,198.0,0,8949.0
Can-Am DS 70,2010,ATV,0,0,0,69.0,0,0,1999.0
Can-Am DS 90,2010,ATV,0,0,0,89.5,0,0,2499.0
Can-Am DS 90 X,2010,ATV,0,0,0,89.5,0,0,3399.0
Can-Am Outlander 400 EFI,2010,ATV,0,0,0,400.0,0,0,6799.0
Can-Am Outlander 400 EFI XT,2010,ATV,0,0,0,400.0,0,0,7849.0
Can-Am Outlander 500 EFI,2010,ATV,0,0,0,499.6,0,0,7799.0
Can-Am Outlander 500 EFI XT,2010,ATV,0,0,0,499.6,0,0,9299.0
Can-Am Outlander 500 EFI XT-P,2010,ATV,0,0,0,499.6,0,0,9799.0
Can-Am Outlander 650 EFI,2010,ATV,0,0,0,649.6,0,0,8399.0
Can-Am Outlander 650 EFI XT,2010,ATV,0,0,0,649.6,0,0,9899.0
Can-Am Outlander 650 EFI XT-P,2010,ATV,0,0,0,649.6,0,0,10399.0
Can-Am Outlander 800 EFI,2010,ATV,0,0,0,799.9,0,0,9249.0
Can-Am Outlander Max 800 EFI,2010,ATV,71.0,0,0,799.9,0,0,10099.0
Can-Am Outlander Max 800 EFI  LTD,2010,ATV,71.0,0,0,799.9,0,0,13499.0
Can-Am Renegade 800 EFI,2010,ATV,71.0,0,0,799.9,0,0,9699.0
Can-Am Renegade 800 EFI xc,2010,ATV,71.0,0,0,799.9,0,0,12199.0
Can-Am Spyder RS,2010,Sport,106.0,0,104.0,998.0,260.0,0,16499.0
Can-Am Spyder RS-S,2010,Sport,106.0,0,104.0,998.0,260.0,0,18799.0
Can-Am Spyder RT-S,2010,Touring,100.0,0,104.0,998.0,250.0,0,24999.0
Cheetah Trike Chopper,2010,Custom / cruiser,0,0,0,5735.8,0,680.4,29000.0
Cobra CX50 SR The King,2010,Minibike-cross,0,0,0,50.0,140.0,0,3898.0
Diamo Cruiser V-Twin 250,2010,Custom / cruiser,16.3,0,0,248.0,0,0,2995.0
Diamo LS200,2010,Enduro / offroad,17.4,112.0,0,199.0,0,0,2495.0
Ecosse Titanium Race,2010,Naked bike,160.0,0,217.0,2100.0,0,0,155000.0
Erik Buell Racing 1125R DSB,2010,Sport,140.0,0,108.5,1126.0,205.0,0,15900.0
Erik Buell Racing 1125RR ASB,2010,Sport,170.0,0,116.6,1126.0,205.0,0,41900.0
Erik Buell Racing 1190RR,2010,Sport,185.0,0,126.1,1190.0,240.0,0,44900.0
Exile Cycles Bar Hopper,2010,Custom / cruiser,0,0,0,1311.1,292.0,0,50000.0
Exile Cycles Black Bull,2010,Custom / cruiser,0,0,0,1983.0,292.0,0,50000.0
Exile Cycles Brown Pearl,2010,Custom / cruiser,0,0,0,1983.0,292.0,0,55000.0
Exile Cycles Bulldozer,2010,Custom / cruiser,0,0,0,1311.1,292.0,0,50000.0
Fischer MRX,2010,Sport,80.0,0,52.0,647.0,210.0,0,7995.0
Flyrite Choppers Bobber,2010,Custom / cruiser,0,0,0,1573.3,0,0,16999.0
Flyrite Choppers Drifter,2010,Custom / cruiser,0,0,0,1573.3,0,0,17499.0
Flyrite Choppers Reach For The Sky,2010,Custom / cruiser,0,0,0,1573.3,0,0,16999.0
Genuine Scooter Rattler 110,2010,Scooter,0,0,0,108.0,0,0,2699.0
Genuine Scooter Roughhouse R50,2010,Scooter,0,48.3,0,50.0,0,0,1999.0
Harley-Davidson FLHR Road King,2010,Touring,0,0,127.0,1584.0,300.0,0,16999.0
Harley-Davidson FLHTC Electra Glide Classic,2010,Touring,0,0,127.0,1584.0,300.0,0,18999.0
Harley-Davidson FLHTCUSE CVO Ultra Classic Electra Glide Black,2010,Touring,0,0,155.9,1802.7,0,426.4,36499.0
Harley-Davidson FLHTCUSE5 CVO Ultra Classic Electra Glide,2010,Touring,0,0,151.0,1800.0,300.0,0,35999.0
Harley-Davidson FLHTCUTG Tri Glide Ultra Classic,2010,Allround,0,0,137.0,1688.0,300.0,0,29999.0
Harley-Davidson FLHXSE CVO Street Glide,2010,Touring,0,0,156.0,1800.0,300.0,0,30999.0
Harley-Davidson FLHXX Street Glide Trike,2010,Custom / cruiser,0,0,131.0,1688.0,228.0,503.0,26999.0
Harley-Davidson FLSTC Heritage Softail Classic,2010,Touring,0,0,121.0,1584.0,292.0,0,16999.0
Harley-Davidson FLSTF Softail Fat Boy,2010,Custom / cruiser,0,0,125.0,1584.0,292.0,0,15999.0
Harley-Davidson FLSTFB Sportster Fat Boy Special,2010,Custom / cruiser,0,0,125.0,1584.0,292.0,0,16299.0
Harley-Davidson FLSTN Softail Deluxe,2010,Custom / cruiser,0,0,127.0,1584.0,292.0,0,16799.0
Harley-Davidson FLSTSB Softail Cross Bones,2010,Custom / cruiser,0,0,125.0,1584.0,292.0,0,16999.0
Harley-Davidson FLSTSE CVO Softail Convertible,2010,Touring,0,0,131.0,1800.0,292.0,0,27999.0
Harley-Davidson FXCWC Softail Rocker C,2010,Custom / cruiser,0,0,121.0,1584.0,292.0,0,19499.0
Harley-Davidson FXD Dyna Super Glide,2010,Custom / cruiser,0,0,123.0,1584.0,0,0,11999.0
Harley-Davidson FXDB Street Bob,2010,Custom / cruiser,4.0,0,123.0,1584.0,292.0,0,12999.0
Harley-Davidson FXDF Fat Bob,2010,Custom / cruiser,0,0,126.0,1584.0,292.0,0,14999.0
Harley-Davidson FXDFSE2 CVO Fat Bob,2010,Custom / cruiser,4.0,0,135.0,1800.0,292.0,0,25299.0
Harley-Davidson FXDWG Dyna Wide Glide,2010,Custom / cruiser,0,0,124.8,1573.3,0,301.6,14499.0
Harley-Davidson FXSTC Softail Custom,2010,Custom / cruiser,0,0,127.0,1584.0,292.0,319.0,16999.0
Harley-Davidson Sportster XL 883N Iron 883,2010,Custom / cruiser,0,0,70.0,883.0,292.0,0,7999.0
Harley-Davidson VRSCAW V-Rod,2010,Custom / cruiser,0,0,115.0,1250.0,300.0,0,14999.0
Harley-Davidson VRSCDX Night Rod Special,2010,Custom / cruiser,0,0,111.0,1250.0,300.0,0,16999.0
Harley-Davidson VRSCF V-Rod Muscle,2010,Custom / cruiser,0,0,115.0,1250.0,300.0,0,17199.0
Harley-Davidson XL 1200C Sportster 1200 Custom,2010,Custom / cruiser,0,0,98.0,1202.0,292.0,0,9999.0
Harley-Davidson XL 1200L Sportster 1200 Low,2010,Custom / cruiser,0,0,98.0,1202.0,292.0,0,9899.0
Harley-Davidson XL 1200X Sportster Forty-Eight,2010,Custom / cruiser,0,0,107.0,1200.0,292.0,257.0,10499.0
Headbanger Foxy Lady,2010,Custom / cruiser,0,0,0,1638.8,0,0,23950.0
Headbanger High Flyin,2010,Custom / cruiser,0,0,0,1983.0,0,0,24950.0
Headbanger Hollister,2010,Custom / cruiser,0,0,0,1450.0,0,0,20950.0
Honda 750 Shadow Aero,2010,Custom / cruiser,0,0,0,745.0,180.0,249.0,6999.0
Honda CRF100F,2010,Cross / motocross,0,0,0,99.0,0,78.9,2699.0
Honda CRF150F,2010,Cross / motocross,0,0,0,149.0,240.0,107.0,3399.0
Honda CRF150R,2010,Cross / motocross,0,0,0,149.0,190.0,83.0,4699.0
Honda CRF230F,2010,Cross / motocross,0,0,0,223.0,240.0,112.9,3899.0
Honda CRF230L,2010,Enduro / offroad,0,0,65.5,223.0,220.0,121.1,4999.0
Honda CRF230M,2010,Super motard,0,0,0,223.0,220.0,125.2,5399.0
Honda CRF250R,2010,Cross / motocross,0,0,0,249.0,240.0,102.5,7199.0
Honda CRF250X,2010,Trial,0,0,0,249.0,240.0,114.8,7149.0
Honda CRF450R,2010,Cross / motocross,0,0,0,449.0,240.0,106.5,8099.0
Honda CRF450X,2010,Trial,0,0,0,449.0,240.0,122.0,7899.0
Honda CRF50F,2010,Cross / motocross,0,0,0,49.0,0,49.9,1499.0
Honda CRF70F,2010,Cross / motocross,0,0,0,72.0,0,63.0,1899.0
Honda CRF80F,2010,Cross / motocross,0,0,0,80.0,0,73.9,2299.0
Honda DN-01,2010,Allround,0,0,0,680.0,0,269.9,15599.0
Honda Elite,2010,Scooter,0,0,0,108.0,130.0,115.2,2999.0
Honda FourTrax Foreman Rubicon,2010,ATV,0,0,0,499.0,180.0,285.8,8599.0
Honda FourTrax Recon,2010,ATV,0,0,0,229.0,0,199.1,3899.0
Honda FourTrax Rincon,2010,ATV,0,0,0,675.0,180.0,293.9,8599.0
Honda Fury,2010,Custom / cruiser,0,0,0,1312.0,296.0,300.7,12999.0
Honda Fury ABS,2010,Custom / cruiser,0,0,0,1312.0,296.0,308.9,12999.0
Honda Gold Wing Airbag,2010,Touring,0,0,0,1832.0,316.0,406.0,27999.0
Honda Gold Wing Audio Comfort Navi XM,2010,Touring,0,0,0,1832.0,316.0,406.0,25399.0
Honda Gold Wing Audio Comfort Navi XM ABS,2010,Touring,0,0,0,1832.0,316.0,408.2,26599.0
Honda Interstate,2010,Touring,0,0,0,1312.0,296.0,0,12749.0
Honda Metropolitan,2010,Scooter,0,0,0,49.0,0,79.8,2049.0
Honda NT 700V ABS,2010,Sport touring,0,0,0,680.0,276.0,258.1,10999.0
Honda NT700V,2010,Sport touring,0,0,0,680.0,276.0,254.9,9999.0
Honda Ruckus,2010,Scooter,0,0,0,49.0,0,88.0,2149.0
Honda SH150i,2010,Scooter,0,0,0,153.0,130.0,137.0,4449.0
Honda ST 1300 ABS,2010,Sport touring,0,0,0,1261.0,316.0,326.1,15999.0
Honda Sabre,2010,Custom / cruiser,0,0,0,1312.0,296.0,301.2,11799.0
Honda Sabre ABS,2010,Custom / cruiser,0,0,0,1312.0,296.0,298.9,12799.0
Honda Shadow RS,2010,Custom / cruiser,44.9,0,64.0,745.0,296.0,0,7799.0
Honda Shadow Spirit 750,2010,Custom / cruiser,0,0,0,745.0,180.0,243.1,6999.0
Honda Silver Wing,2010,Scooter,0,0,0,582.0,240.0,244.9,8499.0
Honda Silver Wing ABS,2010,Scooter,0,0,0,582.0,240.0,249.9,8999.0
Honda Stateline,2010,Custom / cruiser,0,0,0,1312.0,296.0,303.9,11699.0
Honda Stateline ABS,2010,Custom / cruiser,0,0,0,1312.0,296.0,307.5,12699.0
Honda TRX250X,2010,ATV,0,0,0,229.0,174.0,171.9,4299.0
Honda TRX300X,2010,ATV,0,0,0,282.0,0,176.0,5299.0
Honda TRX400X,2010,ATV,0,0,0,397.0,220.0,185.1,6299.0
Honda TRX450R,2010,ATV,0,0,0,450.0,190.0,172.8,7499.0
Honda TRX700XX,2010,ATV,0,0,0,686.0,200.0,229.1,8499.0
Honda TRX90X,2010,ATV,0,0,0,86.0,0,118.8,2999.0
Honda VFR 800 Interceptor,2010,Sport,0,0,0,782.0,256.0,244.9,11999.0
Honda VFR800 Interceptor ABS,2010,Sport,0,0,0,782.0,256.0,249.9,11999.0
Honda VTX1300T,2010,Touring,0,0,0,1312.0,0,339.3,11499.0
Honda XR650L,2010,Enduro / offroad,0,0,100.0,644.0,0,156.9,6499.0
Hyosung GT 250,2010,Naked bike,0,0,0,249.0,230.0,170.1,3699.0
Hyosung GT250R,2010,Sport,0,0,0,249.0,230.0,187.8,3999.0
Hyosung GT650,2010,Naked bike,0,0,0,647.0,230.0,208.2,5399.0
Hyosung GT650R,2010,Sport,0,0,0,647.0,230.0,215.0,6199.0
Hyosung GV 250,2010,Custom / cruiser,0,0,0,249.0,0,176.0,3899.0
Hyosung GV 650,2010,Custom / cruiser,0,0,0,647.0,270.0,244.0,6699.0
Hyosung ST 7,2010,Custom / cruiser,0,0,0,678.2,270.0,244.0,7299.0
Johnny Pag Barhog,2010,Custom / cruiser,23.8,0,18.5,300.0,0,0,4699.0
Johnny Pag Police - Escort,2010,Touring,23.8,0,0,300.0,0,163.3,3999.0
Johnny Pag Raptor,2010,Touring,23.8,0,18.5,300.0,0,163.3,3399.0
Johnny Pag Raptor-X,2010,Touring,23.8,0,18.5,300.0,0,158.8,4299.0
Johnny Pag Spyder,2010,Custom / cruiser,23.8,0,18.5,300.0,0,163.3,4699.0
KTM 990 Super Duke R,2010,Naked bike,130.0,0,101.7,999.0,240.0,0,14390.0
Kawasaki Bayou 250,2010,ATV,0,0,0,228.0,0,194.0,3799.0
Kawasaki Brute Force 650 4x4,2010,ATV,0,0,0,633.0,0,294.1,7549.0
Kawasaki Brute Force 750 4x4i,2010,ATV,0,0,0,749.0,200.0,296.1,8699.0
Kawasaki Concours 14,2010,Sport touring,0,0,138.3,1352.0,270.0,670.3,14599.0
Kawasaki Concours 14 ABS,2010,Sport touring,0,0,138.3,1352.0,270.0,308.0,15599.0
Kawasaki ER-6n,2010,Naked bike,0,0,0,649.0,220.0,200.0,6699.0
Kawasaki Eliminator 125,2010,Custom / cruiser,0,0,0,124.0,0,145.0,2799.0
Kawasaki KFX 450R,2010,ATV,0,0,0,449.0,200.0,394.7,7949.0
Kawasaki KFX 450R Monster Energy,2010,ATV,0,0,0,449.0,200.0,394.7,7849.0
Kawasaki KFX 50,2010,ATV,0,0,0,49.5,0,111.1,1999.0
Kawasaki KFX 700,2010,ATV,0,0,0,697.0,0,250.1,6849.0
Kawasaki KFX 90,2010,ATV,0,0,0,89.0,0,118.8,2699.0
Kawasaki KLR 650,2010,Super motard,0,0,0,651.0,280.0,196.0,5999.0
Kawasaki KLX 110,2010,Enduro / offroad,0,0,0,111.0,0,76.2,2099.0
Kawasaki KLX 110L,2010,Enduro / offroad,0,0,0,111.0,186.0,76.2,2249.0
Kawasaki KLX 140,2010,Enduro / offroad,0,0,0,144.0,186.0,93.0,2799.0
Kawasaki KLX 140 Monster Energy,2010,Enduro / offroad,0,0,0,144.0,186.0,93.0,2999.0
Kawasaki KLX 140L,2010,Enduro / offroad,0,0,0,144.0,186.0,95.0,3099.0
Kawasaki KLX 140L Monster Energy,2010,Enduro / offroad,0,0,0,144.0,186.0,95.0,3299.0
Kawasaki KLX 250S,2010,Enduro / offroad,0,0,0,249.0,250.0,135.0,5299.0
Kawasaki KLX 250SF,2010,Super motard,0,0,0,249.0,300.0,137.0,5599.0
Kawasaki KLX 450R,2010,Enduro / offroad,0,0,0,449.0,240.0,126.0,7499.0
Kawasaki KX 100,2010,Cross / motocross,0,0,0,99.0,0,71.0,3499.0
Kawasaki KX 100 Monster Energy,2010,Cross / motocross,0,0,0,99.0,0,71.0,3699.0
Kawasaki KX 250F,2010,Cross / motocross,0,0,0,249.0,240.0,105.0,6999.0
Kawasaki KX 450F,2010,Cross / motocross,0,0,0,449.0,240.0,113.6,8049.0
Kawasaki KX 450F Monster Energy,2010,Cross / motocross,0,0,0,449.0,240.0,112.1,7749.0
Kawasaki KX 65,2010,Cross / motocross,0,0,0,64.7,0,60.0,3499.0
Kawasaki KX 65 Monster Energy,2010,Cross / motocross,0,0,0,64.7,0,60.0,3199.0
Kawasaki KX 85,2010,Cross / motocross,0,0,0,84.0,0,69.0,3849.0
Kawasaki KX 85 Monster Energy,2010,Cross / motocross,0,0,0,84.0,0,69.0,3499.0
Kawasaki Ninja 250R,2010,Sport,0,0,0,249.0,220.0,170.1,4299.0
Kawasaki Ninja 500R,2010,Sport,0,0,0,498.0,220.0,197.0,5499.0
Kawasaki Ninja 650R,2010,Sport,0,0,0,649.0,220.0,204.0,7099.0
Kawasaki Ninja ZX -10R,2010,Sport,0,0,0,998.0,220.0,208.0,12999.0
Kawasaki Ninja ZX -6R,2010,Sport,0,0,0,599.0,220.0,191.1,10499.0
Kawasaki Ninja ZX-14,2010,Sport,0,0,0,1352.0,250.0,257.1,13399.0
Kawasaki Prairie 360,2010,ATV,0,0,0,362.0,0,276.1,4799.0
Kawasaki Prairie 360 4x4,2010,ATV,0,0,0,362.0,0,292.1,6049.0
Kawasaki Super Sherpa,2010,Enduro / offroad,0,0,0,249.0,0,128.0,4499.0
Kawasaki Versys,2010,Naked bike,0,0,0,649.0,220.0,206.0,7599.0
Kawasaki Vulcan 1700 Classic,2010,Custom / cruiser,0,0,146.4,1700.0,0,345.2,12999.0
Kawasaki Vulcan 1700 Classic LT,2010,Touring,0,0,146.4,1700.0,0,362.0,14199.0
Kawasaki Vulcan 1700 Nomad,2010,Touring,0,0,146.4,1700.0,0,378.3,15199.0
Kawasaki Vulcan 1700 Voyager,2010,Touring,0,0,146.4,1700.0,0,401.9,17299.0
Kawasaki Vulcan 2000,2010,Custom / cruiser,0,0,191.2,2053.0,320.0,380.1,14599.0
Kawasaki Vulcan 2000 Classic,2010,Custom / cruiser,0,0,191.2,2053.0,320.0,380.1,13899.0
Kawasaki Vulcan 2000 Classic LT,2010,Touring,0,0,191.2,2053.0,320.0,401.1,15999.0
Kawasaki Vulcan 500 LTD,2010,Custom / cruiser,0,0,0,498.0,0,214.1,5449.0
Kawasaki Vulcan 900 Classic,2010,Custom / cruiser,0,0,78.9,903.0,272.0,281.0,8149.0
Kawasaki Vulcan 900 Classic LT,2010,Touring,0,0,0,903.0,272.0,298.1,9249.0
Kawasaki Vulcan 900 Custom,2010,Custom / cruiser,0,0,78.9,903.0,300.0,277.1,8349.0
Kawasaki Z1000,2010,Naked bike,0,0,0,1043.0,250.0,0,10499.0
Kikker 5150 Hardknock Frisco Bobber,2010,Custom / cruiser,0,0,0,49.0,0,0,1499.0
Kymco Mongoose 300,2010,ATV,18.3,0,3.2,270.0,0,0,3799.0
Kymco Mongoose 90,2010,ATV,6.3,0,3.2,89.0,0,0,2299.0
Kymco People 150,2010,Scooter,0,0,0,152.0,0,0,2799.0
Kymco People 50,2010,Scooter,0,0,0,49.0,0,0,1999.0
Kymco People S 200,2010,Scooter,0,0,0,163.0,0,0,3399.0
Kymco People S 250,2010,Scooter,0,0,0,249.0,0,0,4499.0
Kymco Quannon 150,2010,Sport,0,0,0,149.3,0,0,2999.0
Kymco Sting 50,2010,Scooter,1.5,0,2.5,49.4,0,0,2149.0
Kymco Super 8 150,2010,Scooter,0,0,0,149.7,0,0,2399.0
Kymco Super 8 50,2010,Scooter,1.5,0,2.5,49.0,0,0,1999.0
Kymco Xciting 500 Ri,2010,Scooter,0,0,0,498.5,0,0,6299.0
Kymco Yager 200i,2010,Scooter,0,0,0,174.5,0,0,3499.0
Lambretta UNO150,2010,Scooter,0,104.6,0,149.6,0,0,2699.0
Lambretta UNO50,2010,Scooter,0,48.3,0,49.3,0,0,2150.0
MV Agusta Brutale 1078RR,2010,Naked bike,154.0,267.3,117.0,1078.0,210.0,0,16995.0
MV Agusta Brutale 1090RR,2010,Naked bike,144.2,265.0,115.0,1078.0,210.0,0,18000.0
MV Agusta Brutale 910 R,2010,Naked bike,139.0,262.0,96.0,908.0,210.0,0,17995.0
MV Agusta Brutale 910S,2010,Naked bike,139.0,262.0,96.0,909.0,210.0,0,14495.0
MV Agusta F4 1000 R 1 plus 1,2010,Sport,183.0,301.7,111.0,998.0,210.0,0,24995.0
MV Agusta F4 CC Claudio Castiglioni,2010,Sport,200.0,312.0,125.0,1078.0,210.0,0,120000.0
MV Agusta F4 R312,2010,Sport,183.0,302.0,115.0,998.0,210.0,0,24995.0
MV Agusta F4 RR 312 1078,2010,Sport,190.0,300.0,124.0,1078.3,210.0,0,24999.0
Mission One,2010,Sport,0,241.4,135.6,0,220.0,0,69000.0
NCR Leggera,2010,Super motard,90.0,0,0,1078.0,200.0,0,76000.0
NCR Mike Hailwood TT,2010,Sport,130.0,0,132.9,1120.0,200.0,0,130000.0
NCR Millona One Shot,2010,Sport,116.0,0,0,1100.0,200.0,0,71500.0
NCR Millona R,2010,Sport,100.0,0,0,1000.0,200.0,0,51700.0
NCR Millona S,2010,Sport,100.0,0,0,1000.0,200.0,0,39142.0
PRC (Pro Racing Cycles) LX-RR,2010,Cross / motocross,0,0,0,51.0,140.0,0,3199.0
Piaggio MP3 500,2010,Scooter,0,0,42.2,492.7,280.0,244.0,8999.0
Polaris Outlaw 450 MXR,2010,ATV,0,0,0,448.0,0,0,7399.0
Polaris Outlaw 50,2010,ATV,0,0,0,49.0,0,0,1999.0
Polaris Outlaw 525 IRS,2010,ATV,0,0,0,510.0,0,0,7699.0
Polaris Outlaw 525 S,2010,ATV,0,0,0,510.0,0,0,7399.0
Polaris Outlaw 90,2010,ATV,0,0,0,89.0,0,0,2499.0
Polaris Phoenix 200,2010,ATV,0,0,0,196.0,0,0,3299.0
Polaris Scrambler 500,2010,ATV,0,0,0,498.0,0,0,6399.0
Polaris Sportsman 300,2010,ATV,0,0,0,298.0,0,0,5999.0
Polaris Sportsman 400 HO,2010,ATV,0,0,0,455.0,0,0,5999.0
Polaris Sportsman 500 HO,2010,ATV,0,0,0,498.0,0,0,5999.0
Polaris Sportsman 500 HO Touring,2010,ATV,0,0,0,498.0,0,0,7399.0
Polaris Sportsman 550,2010,ATV,0,0,0,549.0,0,0,7299.0
Polaris Sportsman 550 EPS,2010,ATV,0,0,0,549.0,0,0,8499.0
Polaris Sportsman 550 Touring,2010,ATV,0,0,0,549.0,0,0,92999.0
Polaris Sportsman 550 X2,2010,ATV,0,0,0,549.0,0,0,7399.0
Polaris Sportsman 800,2010,ATV,0,0,0,760.0,0,0,7499.0
Polaris Sportsman 850,2010,ATV,0,0,0,850.0,0,0,8799.0
Polaris Sportsman 850 EPS,2010,ATV,70.0,0,0,850.0,0,0,9999.0
Polaris Sportsman 850 Touring,2010,ATV,0,0,0,850.0,0,0,10999.0
Polaris Sportsman 90,2010,ATV,0,0,0,89.0,0,0,2499.0
Polaris Sportsman Big Boss 6x6 800,2010,ATV,0,0,0,760.0,0,0,9999.0
Polaris Trail Blazer 330,2010,ATV,0,0,0,329.0,0,0,4299.0
Polaris Trail Boss 330,2010,ATV,0,0,0,329.0,0,0,4299.0
Qlink Commuter 250,2010,Scooter,18.0,0,17.6,244.0,0,0,2899.0
Qlink Hawk 50,2010,Scooter,2.7,0,3.7,49.0,0,0,1499.0
Qlink Legacy 250,2010,Custom / cruiser,18.0,0,17.6,244.0,0,0,2999.0
Qlink Pegasus 150,2010,Scooter,9.4,0,9.0,152.7,0,0,2199.0
Qlink Rave 150,2010,Scooter,12.0,0,10.5,149.6,0,0,1900.0
Qlink Rodeo 500,2010,ATV,22.8,0,0,471.0,0,0,3950.0
Qlink Rodeo 700,2010,ATV,33.5,0,0,686.0,0,0,4750.0
Qlink Splendor 400,2010,Scooter,26.8,0,28.0,393.0,0,0,4650.0
Qlink Star 50,2010,Scooter,2.7,0,4.8,49.0,0,0,1399.0
Qlink XF 200,2010,Enduro / offroad,15.4,0,14.5,199.0,0,0,2599.0
Roehr 1250sc,2010,Sport,180.0,0,155.9,1250.0,245.0,0,39999.0
Rokon Trail-Breaker,2010,Enduro / offroad,6.6,0,0,172.0,0,0,5975.0
Suzuki B-King,2010,Naked bike,0,0,0,1340.0,0,0,12899.0
Suzuki B-King ABS,2010,Naked bike,0,0,0,1340.0,0,0,13499.0
Suzuki B-King Hyaku,2010,Naked bike,0,0,0,1340.0,0,0,21999.0
Suzuki Bandit 1250F ABS,2010,Naked bike,0,0,0,1255.0,240.0,254.0,9799.0
Suzuki Boulevard C109RT,2010,Touring,0,0,0,1783.0,0,384.0,15999.0
Suzuki Boulevard M109R,2010,Custom / cruiser,0,0,0,1783.0,0,347.0,13799.0
Suzuki Boulevard M109R Limited Edition,2010,Custom / cruiser,0,0,0,1783.0,0,347.0,14099.0
Suzuki Boulevard M109R2,2010,Custom / cruiser,0,0,0,1783.0,0,347.0,13799.0
Suzuki Burgman 650,2010,Scooter,0,0,0,638.0,0,269.0,8699.0
Suzuki DR650SE,2010,Enduro / offroad,0,0,0,644.0,0,166.0,5699.0
Suzuki Hayabusa,2010,Sport,0,0,0,1340.0,0,260.0,13199.0
Suzuki RMX450Z,2010,Enduro / offroad,0,0,0,449.0,0,123.5,8399.0
Suzuki SV650 ABS,2010,Naked bike,0,0,0,645.0,0,0,6599.0
Suzuki V-Strom 1000,2010,Sport touring,0,0,0,996.0,0,238.0,9799.0
Ultra Ground Pounder Rigid 300,2010,Custom / cruiser,0,0,0,1573.3,0,0,19999.0
Ultra Intimidator Chopper,2010,Custom / cruiser,0,0,0,1851.9,0,0,28900.0
Ultra Lowdown Drop Seat,2010,Custom / cruiser,0,0,0,1851.9,0,0,29900.0
Ural Gear Up 750,2010,Classic,38.9,95.0,52.0,745.0,0,0,13599.0
Ural Patrol 750,2010,Classic,38.9,95.0,52.0,745.0,0,0,12999.0
Ural Retro 750,2010,Classic,38.9,105.0,52.0,745.0,0,0,13999.0
Ural Taiga,2010,Classic,38.9,95.0,52.0,745.0,0,0,13999.0
Ural Tourist 750,2010,Classic,38.9,105.0,52.0,745.0,0,0,11499.0
Ural Wolf 750,2010,Custom / cruiser,38.9,130.0,52.0,745.0,0,0,10899.0
Vento Phantom r4i,2010,Scooter,9.4,0,8.5,150.0,0,0,2199.0
Vento Rebellian,2010,Touring,13.4,0,0,150.0,0,0,2399.0
Vento Triton r4,2010,Scooter,4.9,0,9.2,49.0,0,0,1599.0
Vento V-Thunder,2010,Custom / cruiser,24.1,0,0,249.0,0,0,3499.0
Vento Zip r3i Turbocam,2010,Scooter,4.9,0,9.2,49.0,0,0,1399.0
Vespa GTV 250,2010,Scooter,0,122.0,20.2,244.0,220.0,0,6899.0
Vespa GTV 300ie Via Montenapoleane,2010,Scooter,21.2,0,22.3,278.0,220.0,0,4499.0
Vespa LX 150,2010,Scooter,11.7,95.0,11.5,150.0,110.0,0,4399.0
Vespa LXV 150,2010,Scooter,11.7,95.0,11.5,150.0,110.0,0,5199.0
Vespa S 150,2010,Scooter,11.7,95.0,11.5,150.0,110.0,0,4199.0
Yamaha Big Bear 400 4x4 IRS,2010,ATV,0,0,0,421.0,0,284.9,6649.0
Yamaha C3,2010,Scooter,0,0,0,49.0,110.0,0,2190.0
Yamaha FJR1300A,2010,Sport touring,0,0,0,1298.0,282.0,290.8,15190.0
Yamaha FJR1300AE,2010,Sport touring,0,0,0,1298.0,282.0,294.8,16290.0
Yamaha FZ1,2010,Sport,0,0,0,998.0,245.0,220.9,10290.0
Yamaha FZ6,2010,Sport,0,0,0,600.0,245.0,208.2,7290.0
Yamaha FZ6R,2010,Sport,0,0,0,600.0,245.0,211.8,7390.0
Yamaha Grizzly 125 Automatic,2010,ATV,0,0,0,124.0,0,152.0,3499.0
Yamaha Grizzly 350 Auto 4x4,2010,ATV,0,0,0,348.0,0,257.6,5849.0
Yamaha Grizzly 350 Auto. 4x4 IRS,2010,ATV,0,0,0,348.0,0,274.9,6449.0
Yamaha Grizzly 350 Automatic,2010,ATV,0,0,0,348.0,0,244.9,4799.0
Yamaha Grizzly 450 Auto 4x4 IRS,2010,ATV,0,0,0,421.0,0,284.9,7149.0
Yamaha Grizzly 550 FI Auto 4x4 EPS,2010,ATV,0,0,0,558.0,0,293.9,8899.0
Yamaha Grizzly 550 FI Auto. 4x4,2010,ATV,0,0,0,558.0,0,293.9,7999.0
Yamaha Grizzly 700 FI Auto 4x4,2010,ATV,0,0,0,686.0,0,293.9,9099.0
Yamaha Grizzly 700 FI Auto 4x4 EPS,2010,ATV,0,0,0,686.0,0,293.9,9699.0
Yamaha Grizzly 700 FI Auto 4x4 EPS Special Edition,2010,ATV,0,0,0,686.0,0,293.9,9899.0
Yamaha Majesty,2010,Scooter,0,0,0,395.0,267.0,211.8,6590.0
Yamaha PW50,2010,Enduro / offroad,0,0,0,49.0,0,38.6,1199.0
Yamaha Raptor 250,2010,ATV,0,0,0,249.0,0,149.7,4499.0
Yamaha Raptor 350,2010,ATV,0,0,0,348.0,0,179.6,5399.0
Yamaha Raptor 700R SE,2010,ATV,0,0,0,686.0,0,191.4,8799.0
Yamaha Raptor 90,2010,ATV,0,0,0,88.0,0,119.7,2699.0
Yamaha Road Star S,2010,Custom / cruiser,0,0,0,1671.6,320.0,337.0,13090.0
Yamaha Road Star Silverado,2010,Custom / cruiser,0,0,0,1671.6,320.0,351.1,14590.0
Yamaha Road Star Silverado S,2010,Custom / cruiser,0,0,0,1671.6,320.0,351.1,15190.0
Yamaha Royal Star Venture S,2010,Custom / cruiser,0,0,0,1294.7,320.0,394.2,19690.0
Yamaha Star Raider,2010,Custom / cruiser,0,0,0,1851.9,310.0,313.9,14190.0
Yamaha Star Raider S,2010,Custom / cruiser,0,0,0,1851.9,310.0,331.1,14790.0
Yamaha Star Roadliner S,2010,Custom / cruiser,0,0,0,1851.9,320.0,339.7,15290.0
Yamaha Star Stratoliner Deluxe,2010,Custom / cruiser,0,0,0,1851.9,320.0,0,17490.0
Yamaha Star Stratoliner S,2010,Custom / cruiser,0,0,0,1851.9,320.0,363.8,17290.0
Yamaha TMAX,2010,Scooter,0,0,0,499.0,267.0,221.8,8490.0
Yamaha TT-R110E,2010,Enduro / offroad,0,0,0,110.0,110.0,71.7,1949.0
Yamaha TT-R125LE,2010,Enduro / offroad,0,0,0,124.0,110.0,89.8,2999.0
Yamaha TT-R230,2010,Enduro / offroad,0,0,0,223.0,130.0,116.1,3699.0
Yamaha TT-R50E,2010,Enduro / offroad,0,0,0,49.0,0,56.7,1299.0
Yamaha TW200,2010,Enduro / offroad,0,0,0,196.0,110.0,126.6,4190.0
Yamaha V Star 1300 Tourer,2010,Touring,0,0,0,1311.1,298.0,323.0,11790.0
Yamaha V Star 250,2010,Custom / cruiser,0,0,0,249.0,130.0,147.0,3990.0
Yamaha V Star 950,2010,Custom / cruiser,0,0,0,942.0,298.0,277.6,8290.0
Yamaha V Star 950 Tourer,2010,Touring,0,0,0,942.0,298.0,298.0,9390.0
Yamaha V Star Classic,2010,Custom / cruiser,0,0,0,942.0,200.0,246.8,6590.0
Yamaha V Star Custom,2010,Custom / cruiser,0,0,0,942.0,200.0,232.7,6790.0
Yamaha V Star Silverado,2010,Touring,0,0,0,942.0,200.0,264.4,7890.0
Yamaha Vino 125,2010,Scooter,0,0,0,124.0,110.0,108.9,2899.0
Yamaha Vino Classic,2010,Scooter,0,0,0,49.0,110.0,80.7,2190.0
Yamaha WR250F,2010,Enduro / offroad,0,0,0,250.0,245.0,117.9,6699.0
Yamaha WR250R,2010,Enduro / offroad,0,0,0,250.0,230.0,135.2,6390.0
Yamaha WR250X,2010,Super motard,0,0,0,250.0,230.0,136.1,6490.0
Yamaha WR450F,2010,Enduro / offroad,0,0,0,449.0,245.0,123.4,7499.0
Yamaha Wolverine 450 Auto. 4X4,2010,ATV,0,0,0,421.0,0,249.5,6399.0
Yamaha Wolverine 450 Auto. 4X4,2010,ATV,0,0,0,421.0,0,249.5,6399.0
Yamaha XT250,2010,Enduro / offroad,0,0,0,249.0,203.0,132.0,4890.0
Yamaha YFZ450R,2010,ATV,0,0,0,449.0,0,183.7,8499.0
Yamaha YFZ450R SE,2010,ATV,0,0,0,449.0,0,183.7,8999.0
Yamaha YFZ450X,2010,ATV,0,0,0,449.0,0,181.4,8499.0
Yamaha YFZ450X Bill Ballance Edition,2010,ATV,0,0,0,449.0,0,181.4,8799.0
Yamaha YZ125,2010,Cross / motocross,0,0,0,124.0,245.0,94.3,6090.0
Yamaha YZ250,2010,Cross / motocross,0,0,0,249.0,245.0,103.9,6990.0
Yamaha YZ250F,2010,Cross / motocross,0,0,0,250.0,245.0,102.0,7090.0
Yamaha YZ450F,2010,Cross / motocross,0,0,0,449.0,245.0,111.1,8090.0
Yamaha YZ85,2010,Cross / motocross,0,0,0,84.7,190.0,70.8,3690.0
Yamaha YZF-R1,2010,Sport,0,0,0,998.0,220.0,205.9,13290.0
Yamaha YZF-R1 LE,2010,Sport,0,0,0,998.0,220.0,0,14500.0
Yamaha YZF-R6,2010,Sport,0,0,0,599.0,220.0,189.1,10490.0
Yamaha YZF-R6S,2010,Sport,0,0,0,600.0,220.0,186.0,8790.0
Yamaha Zuma 125,2010,Scooter,0,0,0,125.0,220.0,93.9,3190.0
Arctic Cat 300 DVX,2009,ATV,0,0,0,270.0,0,0,3949.0
Arctic Cat 550 H1 EFI  LE,2009,ATV,0,0,0,545.0,0,0,8299.0
Arctic Cat 700 H1 EFI  LE,2009,ATV,0,0,0,695.0,0,0,9000.0
Arctic Cat 700 H1 EFI MudPro,2009,ATV,0,0,0,695.0,0,0,9529.0
Arctic Cat 700 H1 EFI MudPro,2009,ATV,0,0,0,695.0,0,0,9529.0
Arctic Cat 700 H1 EFI SE,2009,ATV,0,0,0,695.0,0,0,8700.0
Arctic Cat 700 H1 EFI SE,2009,ATV,0,0,0,695.0,0,0,8700.0
Arctic Cat TRV 1000 H2 EFI Cruiser,2009,ATV,0,0,0,951.0,0,0,12500.0
Arctic Cat TRV 1000 H2 EFI Cruiser,2009,ATV,0,0,0,951.0,0,0,12500.0
Arctic Cat TRV 400,2009,ATV,0,0,0,366.0,0,0,6999.0
Arctic Cat TRV 550 H1 EFI,2009,ATV,0,0,0,545.0,0,0,8099.0
Arctic Cat TRV 550 H1 EFI  LE,2009,ATV,0,0,0,545.0,0,0,8999.0
Arctic Cat TRV 650 H1,2009,ATV,0,0,0,641.0,0,0,6999.0
Arctic Cat TRV 700 H1 EFI Cruiser,2009,ATV,0,0,0,695.0,0,0,9900.0
Arctic Cat ThunderCat 1000 H2,2009,ATV,0,0,0,951.0,0,0,11199.0
Arctic Cat ThunderCat 1000 H2,2009,ATV,0,0,0,951.0,0,0,11199.0
BMC Choppers Big Daddy,2009,Custom / cruiser,0,0,0,1638.8,292.0,0,23995.0
BMC Choppers Big Daddy ST,2009,Custom / cruiser,0,0,0,1638.8,292.0,0,25990.0
BMC Choppers Bobber 88,2009,Custom / cruiser,0,0,0,1442.2,292.0,0,15995.0
BMC Choppers Bobber 88 Barhopper,2009,Custom / cruiser,0,0,0,1442.2,292.0,0,17500.0
BMC Choppers Hooligan 541,2009,Custom / cruiser,0,0,0,1442.2,292.0,0,17995.0
BMC Choppers Hooligan 541-240,2009,Custom / cruiser,0,0,0,1442.2,292.0,0,21500.0
BMC Choppers Hooligan 541ST,2009,Custom / cruiser,0,0,0,1638.8,292.0,0,22900.0
BamX BX125-DB1 Enforcer,2009,Minibike-cross,6.5,0,8.5,124.0,0,0,1299.0
BamX BX125-DB2 Renegade,2009,Minibike-cross,6.5,0,8.5,124.0,0,0,1399.0
BamX BX125-DB3 Outlaw,2009,Minibike-cross,6.5,0,8.5,124.0,0,0,1599.0
BamX BX150-DB Voyager,2009,Enduro / offroad,9.5,0,12.5,149.0,0,0,1399.0
BamX BX200-DB Outback,2009,Enduro / offroad,14.5,0,13.0,196.0,0,0,1499.0
BamX BX50-DB Pee Wee,2009,Enduro / offroad,2.0,0,2.8,49.5,0,0,849.0
BamX BX70-DB Trailstar,2009,Trial,3.6,0,4.2,72.0,0,0,999.0
Big Bear Choppers Athena 100 Carb,2009,Custom / cruiser,0,0,149.2,1638.8,0,0,33400.0
Big Bear Choppers Athena 100 EFI,2009,Custom / cruiser,95.0,0,0,1638.8,0,0,35400.0
Big Bear Choppers Athena 114 X-Wedge,2009,Custom / cruiser,97.0,0,153.2,1868.2,0,0,37400.0
Big Bear Choppers Athena ProStreet 100 Carb,2009,Custom / cruiser,95.0,0,149.2,1638.8,0,0,33400.0
Big Bear Choppers Athena ProStreet 100 EFI,2009,Custom / cruiser,95.0,0,149.2,1638.8,0,0,35400.0
Big Bear Choppers Athena ProStreet 114 X-Wedge,2009,Custom / cruiser,97.0,0,153.2,1868.2,0,0,37400.0
Big Bear Choppers Devil¬¥s Advocate 100 Carb,2009,Custom / cruiser,0,0,149.2,1638.8,0,0,31900.0
Big Bear Choppers Devil¬¥s Advocate 100 EFI,2009,Custom / cruiser,95.0,0,149.2,1638.8,0,0,33900.0
Big Bear Choppers Devil¬¥s Advocate ProStreet 100 Carb,2009,Custom / cruiser,95.0,0,149.2,1638.8,0,0,33150.0
Big Bear Choppers Devil¬¥s Advocate ProStreet 100 EFI,2009,Custom / cruiser,95.0,0,149.2,1638.8,0,0,33900.0
Big Bear Choppers G.T.X. Fairing 100,2009,Custom / cruiser,95.0,0,149.2,1638.8,0,0,38400.0
Big Bear Choppers G.T.X. Fairing 114,2009,Custom / cruiser,97.0,0,153.2,1868.2,0,0,40900.0
Big Bear Choppers GTX Standard 100,2009,Custom / cruiser,95.0,0,149.2,1638.8,0,0,34900.0
Big Bear Choppers GTX Standard 114,2009,Custom / cruiser,97.0,0,153.2,1868.2,0,0,37400.0
Big Bear Choppers Merc Rigid 100 Carb,2009,Custom / cruiser,95.0,0,149.2,1638.8,0,0,25900.0
Big Bear Choppers Merc Softail 100 Carb,2009,Custom / cruiser,95.0,0,149.2,1638.8,0,0,27400.0
Big Bear Choppers Miss Behavin 100 Carb,2009,Custom / cruiser,95.0,0,0,1638.8,0,0,29900.0
Big Bear Choppers Miss Behavin 100 EFI,2009,Custom / cruiser,95.0,0,0,1638.8,0,0,31900.0
Big Bear Choppers Paradox 100 Carb,2009,Custom / cruiser,95.0,0,149.2,1638.8,0,0,32400.0
Big Bear Choppers Paradox 100 EFI,2009,Custom / cruiser,95.0,0,149.2,1638.8,0,0,34400.0
Big Bear Choppers Paradox 114 EFI X-Wedge,2009,Custom / cruiser,97.0,0,153.2,1868.2,0,0,36400.0
Big Bear Choppers Reaper 100 Carb,2009,Custom / cruiser,95.0,0,149.2,1638.8,0,0,27900.0
Big Bear Choppers Screamin Demon 100 Carb,2009,Custom / cruiser,95.0,0,149.2,1638.8,0,0,24900.0
Big Bear Choppers Sled 100 Carb,2009,Custom / cruiser,95.0,0,149.2,1638.8,0,0,30900.0
Big Bear Choppers Sled 100 EFI Evolution,2009,Custom / cruiser,95.0,0,149.2,1638.8,0,0,33400.0
Big Bear Choppers Sled 114 EFI X-Wedge,2009,Custom / cruiser,97.0,0,153.2,1868.2,0,0,35400.0
Big Bear Choppers Sled ProStreet 100 Carb,2009,Custom / cruiser,95.0,0,149.2,1638.8,0,0,30900.0
Big Bear Choppers Sled ProStreet 100 EFI,2009,Custom / cruiser,95.0,0,149.2,1638.8,0,0,33400.0
Big Bear Choppers Sled ProStreet 114 X-Wedge,2009,Custom / cruiser,97.0,0,153.2,1868.2,0,0,35400.0
Big Bear Choppers Venom 100 EFI,2009,Custom / cruiser,95.0,0,0,1638.8,0,0,30900.0
Big Bear Choppers Venom ProStreet 100 Carb,2009,Custom / cruiser,95.0,0,151.9,1638.8,0,0,32150.0
Big Bear Choppers Venom ProStreet 100 EFI,2009,Custom / cruiser,95.0,0,149.2,1638.8,0,0,30900.0
Big Dog Coyote,2009,Custom / cruiser,0,0,0,1917.0,0,0,23900.0
Big Dog Mastiff,2009,Custom / cruiser,0,0,0,1917.0,0,0,27900.0
Big Dog Pitbull,2009,Custom / cruiser,0,0,0,1916.0,0,0,26900.0
Big Dog Wolf,2009,Custom / cruiser,0,0,0,1976.0,0,0,35900.0
Brudeli 654L,2009,Allround,63.0,170.0,65.0,654.7,240.0,0,30000.0
Buell 1125CR Cafe Racer,2009,Naked bike,146.0,0,111.2,1125.9,240.0,0,11695.0
Buell 1125R,2009,Sport,146.0,0,111.2,1125.9,240.0,0,11995.0
Buell Blast,2009,Sport,34.0,0,40.7,491.6,220.0,0,4795.0
Buell Firebolt XB12R,2009,Naked bike,103.0,0,113.9,1202.9,240.0,0,9995.0
Buell Lightning CityX XB9SX,2009,Naked bike,92.0,0,94.9,983.3,240.0,0,8995.0
Buell Lightning Long XB12Ss,2009,Naked bike,103.0,0,113.9,1202.9,240.0,0,9995.0
Buell Lightning XB12Scg,2009,Naked bike,103.0,0,113.9,1202.9,240.0,0,9995.0
Buell Ulysses XB12X,2009,Enduro / offroad,103.0,0,113.9,1202.9,240.0,0,11495.0
Buell Ulysses XB12XT,2009,Sport touring,103.0,0,113.9,1202.9,240.0,0,12995.0
CCM LX500-4A  ATV,2009,ATV,0,0,0,471.0,0,0,4598.0
Can-Am Spyder Roadster SM5,2009,Sport,106.0,0,104.3,998.0,260.0,0,16199.0
Cobra CX50 Jr,2009,Minibike-cross,0,0,0,50.0,160.0,0,3798.0
Cobra CX50 Sr,2009,Minibike-cross,0,0,0,50.0,140.0,0,3798.0
Cobra CX65,2009,Minibike-cross,0,0,0,65.0,165.0,0,4198.0
Cobra CX65 C.A.R.D.,2009,Minibike-cross,0,0,0,65.0,165.0,0,6398.0
Cobra CX65 Super Moto,2009,Minibike-cross,0,0,0,65.0,165.0,0,3998.0
Cobra ECX50,2009,ATV,0,0,0,50.0,180.0,0,6998.0
Cobra ECX70,2009,ATV,67.1,0,0,70.0,180.0,0,8198.0
Diamo Classic 50,2009,Scooter,4.9,48.3,0,50.0,0,0,1495.0
Diamo Cruiser V-Twin 250,2009,Custom / cruiser,16.3,0,0,248.0,0,0,2995.0
Diamo LS 200,2009,Enduro / offroad,17.4,112.7,0,199.0,0,0,2495.0
Diamo Lightning 110,2009,ATV,5.5,0,0,107.0,0,0,1896.0
Diamo RS 250,2009,Enduro / offroad,15.4,0,0,250.0,0,0,2995.0
Diamo Storm 300,2009,ATV,21.6,0,0,299.0,0,0,3995.0
Diamo Velocity 50,2009,Scooter,4.9,48.3,0,50.0,0,0,1695.0
Enfield Bullet 350,2009,Classic,18.0,100.0,32.0,346.0,152.0,0,3795.0
Fischer MRX,2009,Sport,77.0,0,52.0,647.0,210.0,0,7999.0
Fischer MRX Race,2009,Sport,77.0,0,52.0,647.0,0,0,7999.0
Fischer MRX SP,2009,Sport,77.0,0,52.0,647.0,0,0,7999.0
Flyrite Choppers Bobber,2009,Custom / cruiser,0,0,0,1573.3,0,0,15999.0
Flyrite Choppers High Noon,2009,Custom / cruiser,0,0,0,1573.3,0,0,16999.0
Flyrite Choppers Reach For The Sky,2009,Custom / cruiser,0,0,0,1573.3,0,0,15999.0
Flyrite Choppers Scorcher,2009,Custom / cruiser,0,0,0,1573.3,0,0,18999.0
Genuine Scooter Buddy 125,2009,Scooter,0,96.6,0,125.0,0,0,2699.0
Genuine Scooter Buddy 50,2009,Scooter,0,48.3,0,50.0,0,0,1999.0
Genuine Scooter Italy 150,2009,Scooter,0,96.6,0,150.0,0,0,3199.0
Genuine Scooter Italy 50,2009,Scooter,0,48.3,0,50.0,0,0,2199.0
Genuine Scooter Pamplona 150,2009,Scooter,0,96.6,0,150.0,0,0,3199.0
Genuine Scooter Rattler 110,2009,Scooter,0,0,0,108.0,0,0,2699.0
Genuine Scooter Roughhouse R50,2009,Scooter,0,48.3,0,50.0,0,0,1999.0
Genuine Scooter St. Tropez 150,2009,Scooter,0,96.6,0,149.0,0,0,3199.0
Genuine Scooter Stella 150,2009,Scooter,0,96.6,0,150.0,152.0,0,3599.0
Harley-Davidson FLHTCUTG Tri Glide Ultra Classic,2009,Allround,0,0,131.0,1584.0,300.0,0,29999.0
Honda Big Red,2009,Sport,0,0,0,675.0,200.0,649.1,11399.0
Honda CBR1000RR Fireblade,2009,Sport,0,0,0,999.0,220.0,199.1,11999.0
Honda CBR1000RR Fireblade ABS,2009,Sport,0,0,0,999.0,220.0,209.1,12999.0
Honda CBR600RR,2009,Sport,0,0,0,599.0,220.0,186.0,9799.0
Honda CBR600RR ABS,2009,Sport,0,0,0,599.0,220.0,196.0,10799.0
Honda CRF100F,2009,Enduro / offroad,0,0,0,99.0,0,78.9,2449.0
Honda CRF150F,2009,Cross / motocross,0,0,0,149.0,190.0,83.0,4299.0
Honda CRF150F Expert,2009,Cross / motocross,0,0,0,149.0,190.0,84.8,4399.0
Honda CRF230F,2009,Enduro / offroad,0,0,0,223.0,240.0,112.9,3699.0
Honda CRF230L,2009,Enduro / offroad,0,0,0,223.0,220.0,121.1,3699.0
Honda CRF230M,2009,Allround,0,0,0,223.0,220.0,125.2,10799.0
Honda CRF250F,2009,Cross / motocross,0,0,0,249.0,0,103.0,6549.0
Honda CRF250X,2009,Enduro / offroad,0,0,0,249.0,0,114.8,6699.0
Honda CRF450F,2009,Cross / motocross,0,0,0,449.0,240.0,106.5,7599.0
Honda CRF450X,2009,Enduro / offroad,0,0,0,449.0,0,122.0,7499.0
Honda CRF50F,2009,Enduro / offroad,0,0,0,49.0,0,49.9,1349.0
Honda CRF70F,2009,Enduro / offroad,0,0,0,72.0,0,63.0,1699.0
Honda CRF80F,2009,Enduro / offroad,0,0,0,80.0,0,73.9,2099.0
Honda DN-01,2009,Custom / cruiser,0,0,0,680.0,276.0,269.9,14999.0
Honda Forza EX,2009,Scooter,21.5,0,22.0,249.0,240.0,0,5199.0
Honda Forza X,2009,Scooter,21.5,0,0,249.0,0,0,3400.0
Honda FourTrax Foreman 4x4,2009,Sport,0,0,0,475.0,180.0,280.8,6599.0
Honda FourTrax Foreman Rubicon,2009,Sport,0,0,0,499.0,180.0,287.1,7499.0
Honda FourTrax Rancher,2009,Sport,0,0,0,420.0,0,248.1,4599.0
Honda FourTrax Rancher 4x4,2009,Sport,0,0,0,420.0,0,264.9,4599.0
Honda FourTrax Recon,2009,Sport,0,0,0,229.0,0,196.0,3799.0
Honda FourTrax Rincon GPScape,2009,Sport,0,0,0,675.0,0,293.9,8199.0
Honda Gold Wing Airbag,2009,Touring,0,0,0,1832.0,316.0,406.0,25999.0
Honda Gold Wing Audio Comfort Navi XM,2009,Touring,0,0,0,1832.0,316.0,406.0,23299.0
Honda Gold Wing Audio Comfort Navi XM ABS,2009,Touring,0,0,0,1832.0,316.0,406.0,24399.0
Honda Interceptor,2009,Sport,0,0,0,781.0,256.0,244.9,10999.0
Honda Interceptor ABS,2009,Sport,0,0,0,781.0,256.0,249.9,11999.0
Honda Metropolitan,2009,Scooter,0,0,0,49.0,0,79.8,2049.0
Honda Rebel,2009,Custom / cruiser,0,0,0,234.0,0,150.1,3399.0
Honda Ruckus,2009,Scooter,0,0,0,49.0,0,88.0,2149.0
Honda ST1300 ABS Pan European,2009,Sport touring,0,0,0,1261.0,316.0,331.1,14599.0
Honda ST1300 Pan European,2009,Sport touring,0,0,0,1261.0,316.0,326.1,14599.0
Honda Shadow Aero,2009,Custom / cruiser,0,0,0,745.0,180.0,250.8,6999.0
Honda Shadow Spirit 750,2009,Custom / cruiser,0,0,0,745.0,296.0,243.1,6999.0
Honda Silver Wing,2009,Scooter,0,0,0,582.0,240.0,244.9,8199.0
Honda Silver Wing ABS,2009,Scooter,0,0,0,582.0,240.0,249.9,8699.0
Honda TRX250X,2009,Sport,0,0,0,229.0,174.0,171.0,4099.0
Honda TRX300X,2009,Sport,0,0,0,282.0,0,176.9,5049.0
Honda TRX400X,2009,Sport,0,0,0,397.0,220.0,186.0,6149.0
Honda TRX420FA,2009,ATV,0,0,0,420.0,0,282.6,6599.0
Honda TRX450R Elec Start,2009,Sport,0,0,0,450.0,190.0,176.9,7149.0
Honda TRX450R Kick Start,2009,Sport,0,0,0,450.0,190.0,173.7,6999.0
Honda TRX700XX,2009,Sport,0,0,0,686.0,200.0,229.1,7999.0
Honda TRX90X,2009,Sport,0,0,0,86.0,0,118.8,2849.0
Honda VTX1300C,2009,Custom / cruiser,0,0,0,1312.0,296.0,307.5,9899.0
Honda VTX1300R,2009,Custom / cruiser,0,0,0,1312.0,296.0,322.1,9899.0
Honda VTX1300T,2009,Touring,0,0,0,1312.0,296.0,339.3,11299.0
Honda XR650L,2009,Enduro / offroad,0,0,0,644.0,0,156.9,5999.0
Hyosung GT 650R,2009,Sport,79.0,0,0,674.0,0,0,5899.0
Johnny Pag Barhog,2009,Custom / cruiser,23.8,0,18.5,300.0,0,0,4699.0
Johnny Pag FX-3,2009,Naked bike,23.8,0,18.5,300.0,0,158.8,3399.0
Johnny Pag Police Escort 300,2009,Touring,23.8,0,18.5,300.0,0,163.3,3595.0
Johnny Pag Pro Street,2009,Custom / cruiser,23.8,0,18.5,300.0,0,0,4699.0
Johnny Pag Raptor 300,2009,Touring,23.8,0,18.5,300.0,0,163.3,3395.0
Johnny Pag Spyder,2009,Custom / cruiser,23.8,0,18.5,300.0,0,163.3,4699.0
Kawasaki Bayou 250,2009,ATV,0,0,0,228.0,0,0,3099.0
Kawasaki Brute Force 650 4x4,2009,ATV,0,0,0,633.0,0,294.1,6899.0
Kawasaki Brute Force 650 4x4 Camo,2009,ATV,0,0,0,633.0,0,294.1,6899.0
Kawasaki Brute Force 650 4x4i,2009,ATV,0,0,0,633.0,0,296.6,7399.0
Kawasaki Brute Force 650 4x4i Camo,2009,ATV,0,0,0,633.0,0,296.6,7749.0
Kawasaki Brute Force 750 4x4i Camo,2009,ATV,0,0,0,749.0,200.0,296.1,8549.0
Kawasaki Brute Force 750 NRA Outdoors,2009,ATV,0,0,0,749.0,0,296.1,8949.0
Kawasaki Concours 14,2009,Sport touring,0,0,136.0,1352.0,270.0,0,13499.0
Kawasaki Concours 14 ABS,2009,Sport touring,0,0,136.0,1352.0,270.0,0,14299.0
Kawasaki ER-6n,2009,Naked bike,0,0,65.8,649.0,220.0,0,6399.0
Kawasaki Eliminator 125,2009,Custom / cruiser,0,0,0,124.0,0,0,2799.0
Kawasaki KFX 450R,2009,ATV,0,0,0,449.0,163.0,0,7549.0
Kawasaki KFX 50,2009,ATV,0,0,0,49.5,0,0,1999.0
Kawasaki KFX 700,2009,ATV,0,0,0,697.0,0,0,6849.0
Kawasaki KFX 90,2009,ATV,0,0,0,89.0,0,0,3299.0
Kawasaki KFX450R Monster Energy,2009,ATV,0,0,0,449.0,0,0,7849.0
Kawasaki KLR650,2009,Enduro / offroad,0,0,0,651.0,240.0,196.0,5599.0
Kawasaki KLX 110 Monster Energy,2009,Enduro / offroad,0,0,0,111.0,0,67.9,1949.0
Kawasaki KLX 140,2009,Enduro / offroad,0,0,0,144.0,240.0,93.0,2799.0
Kawasaki KLX 250 S,2009,Enduro / offroad,0,0,0,249.0,240.0,0,4999.0
Kawasaki KLX 250 SF,2009,Enduro / offroad,0,0,0,249.0,240.0,137.0,5299.0
Kawasaki KLX 450 R,2009,Enduro / offroad,0,0,0,449.0,240.0,0,7499.0
Kawasaki KLX110,2009,Enduro / offroad,0,0,0,111.0,0,67.9,1849.0
Kawasaki KLX140 Monster Energy,2009,Enduro / offroad,0,0,0,144.0,240.0,93.0,2999.0
Kawasaki KLX140L,2009,Enduro / offroad,0,0,0,144.0,240.0,95.0,3099.0
Kawasaki KLX140L Monster Energy,2009,Enduro / offroad,0,0,0,144.0,240.0,95.0,3299.0
Kawasaki KX 250 F Monster Energy,2009,Cross / motocross,0,0,0,249.0,240.0,104.3,6699.0
Kawasaki KX 450 F Monster Energy,2009,Cross / motocross,0,0,0,449.0,240.0,112.1,7749.0
Kawasaki KX 65 Monster Energy,2009,Cross / motocross,0,0,0,64.7,0,60.0,3199.0
Kawasaki KX 85 Monster Energy,2009,Cross / motocross,0,0,0,84.0,0,69.0,3499.0
Kawasaki KX100,2009,Cross / motocross,0,0,0,99.0,0,71.0,3499.0
Kawasaki KX100 Monster Energy,2009,Cross / motocross,0,0,0,99.0,0,71.0,3699.0
Kawasaki KX250F,2009,Cross / motocross,0,0,0,249.0,240.0,104.3,6499.0
Kawasaki KX450F,2009,Cross / motocross,0,0,0,449.0,240.0,112.1,7549.0
Kawasaki KX65,2009,Cross / motocross,0,0,0,64.7,0,60.0,2999.0
Kawasaki KX85,2009,Cross / motocross,0,0,0,84.0,0,69.0,3299.0
Kawasaki Ninja 250R,2009,Sport,0,0,22.0,249.0,220.0,0,3999.0
Kawasaki Ninja 500R,2009,Sport,0,0,0,498.0,220.0,197.0,5499.0
Kawasaki Ninja 650R,2009,Sport,0,0,48.5,649.0,220.0,0,6799.0
Kawasaki Ninja ZX-10R,2009,Sport,0,0,112.8,998.0,220.0,0,11799.0
Kawasaki Ninja ZX-14,2009,Sport,0,0,154.0,1352.0,250.0,0,12099.0
Kawasaki Ninja ZX-14 Monster Energy,2009,Sport,0,0,154.0,1352.0,250.0,0,12349.0
Kawasaki Ninja ZX-6R,2009,Sport,0,0,0,599.0,220.0,0,9799.0
Kawasaki Ninja ZX-6R Monster Energy,2009,Sport,0,0,0,599.0,220.0,0,9999.0
Kawasaki Prairie 360,2009,ATV,0,0,0,362.0,0,0,4799.0
Kawasaki Prairie 360 4x4 Camo,2009,ATV,0,0,0,362.0,0,0,5699.0
Kawasaki Super Sherpa,2009,Enduro / offroad,0,0,0,249.0,240.0,128.0,4499.0
Kawasaki Versys,2009,Naked bike,0,0,60.9,649.0,220.0,0,7099.0
Kawasaki Vulcan 1500 Classic,2009,Custom / cruiser,0,0,114.7,1470.0,270.0,0,9699.0
Kawasaki Vulcan 1600 Classic,2009,Custom / cruiser,0,0,0,1552.0,0,0,10699.0
Kawasaki Vulcan 1600 Mean Streak,2009,Custom / cruiser,0,0,0,1552.0,0,0,11099.0
Kawasaki Vulcan 1600 Nomad,2009,Touring,0,0,0,1552.0,0,0,12999.0
Kawasaki Vulcan 2000,2009,Custom / cruiser,0,0,191.2,2053.0,320.0,0,14599.0
Kawasaki Vulcan 2000 Classic,2009,Custom / cruiser,0,0,191.2,2053.0,320.0,0,13899.0
Kawasaki Vulcan 2000 Classic LT,2009,Touring,0,0,191.2,2053.0,320.0,0,15199.0
Kawasaki Vulcan 500 LTD,2009,Custom / cruiser,0,0,0,498.0,0,0,5499.0
Kawasaki Vulcan 900 Classic,2009,Custom / cruiser,0,0,78.9,903.0,272.0,0,7499.0
Kawasaki Vulcan 900 Classic LT,2009,Touring,0,0,78.9,903.0,272.0,0,8799.0
Kawasaki Vulcan 900 Custom,2009,Custom / cruiser,0,0,78.9,903.0,300.0,0,7699.0
Kawasaki Z1000,2009,Naked bike,0,0,98.7,953.0,250.0,0,8899.0
Kawasaki ZZR 600,2009,Sport,0,0,0,599.0,220.0,0,7399.0
Kawasaki ZZR1400 ABS,2009,Sport touring,0,0,154.0,1352.0,270.0,0,14299.0
LML Freedom Prima 125,2009,Sport,10.7,0,0,124.9,130.0,0,52080.0
Lambretta Uno 150,2009,Scooter,0,104.6,0,149.6,0,0,2995.0
Lambretta Uno 50,2009,Scooter,0,48.3,0,49.3,0,0,2150.0
Marine Turbine Technologies Streetfighter,2009,Sport,320.0,402.3,678.0,0,320.0,0,175000.0
Marine Turbine Technologies Superbike,2009,Sport,320.0,402.3,678.0,0,320.0,0,175000.0
Mission One,2009,Prototype / concept model,0,241.4,135.6,0,220.0,0,68995.0
Moto Guzzi Breva 1100,2009,Naked bike,84.5,0,86.5,1064.0,282.0,0,12490.0
Moto Guzzi Breva 1200 Sport,2009,Sport,95.0,0,100.0,1151.0,282.0,0,13590.0
Moto Guzzi Breva 750,2009,Naked bike,47.6,0,54.7,744.0,260.0,0,7790.0
Moto Guzzi California Vintage,2009,Classic,72.4,0,94.0,1064.0,282.0,0,14990.0
Moto Guzzi Nevada Classic 750,2009,Custom / cruiser,47.6,0,54.7,744.0,260.0,0,7990.0
Moto Guzzi Norge 1200 T,2009,Touring,88.5,0,100.0,1151.0,282.0,0,15590.0
NCR Leggera,2009,Super motard,88.5,0,0,1078.0,200.0,0,67600.0
NCR Mike Hailwood TT,2009,Sport,130.0,0,132.9,1120.0,0,0,130000.0
NCR Millona One Shot,2009,Sport,116.0,0,0,1000.0,200.0,0,71500.0
NCR Millona R,2009,Sport,100.0,0,0,1000.0,200.0,0,51597.0
NCR Millona S,2009,Sport,100.0,0,0,1000.0,200.0,0,39149.0
Polaris Sportsman XP 850 EFI,2009,ATV,0,0,0,850.0,0,0,8999.0
Precision Cycle Works SS Trike,2009,Custom / cruiser,0,0,0,1573.3,0,0,25999.0
Rhino Hunter S FLM001,2009,Custom / cruiser,17.0,0,0,250.0,0,0,4095.0
Rhino Hunter S FLM003,2009,Custom / cruiser,17.0,0,0,250.0,0,0,4095.0
Ridley Auto-Glide Chopper,2009,Classic,0,0,0,721.0,0,0,20850.0
Ridley Auto-Glide Classic,2009,Classic,0,0,0,721.0,0,0,17950.0
Ridley Auto-Glide Sport,2009,Allround,0,0,0,750.0,0,0,18900.0
Ridley Auto-Glide Standard,2009,Classic,0,0,0,721.1,0,0,14000.0
Ridley Auto-Glide TT,2009,Sport,0,0,0,721.1,0,0,17750.0
Ridley AutoGlide Limited Edition,2009,Sport,0,0,0,721.1,0,0,19370.0
Samurai Chopper Type 5 Evo,2009,Custom / cruiser,0,0,0,1851.9,0,0,23950.0
Samurai Chopper Type 6 Shovel,2009,Custom / cruiser,0,0,0,1524.1,0,0,26950.0
Suzuki Boulevard C109R,2009,Custom / cruiser,0,0,0,1783.0,0,380.0,14099.0
Suzuki Boulevard C109RT,2009,Touring,0,0,0,1783.0,0,401.0,15299.0
Suzuki Boulevard C50,2009,Custom / cruiser,0,0,0,805.0,0,277.0,7299.0
Suzuki Boulevard C50 Special Edition,2009,Custom / cruiser,0,0,0,805.0,0,277.0,7499.0
Suzuki Boulevard C50T,2009,Touring,0,0,0,805.0,0,295.0,8499.0
Suzuki Boulevard C90,2009,Custom / cruiser,0,0,0,1462.0,0,320.0,10699.0
Suzuki Boulevard C90T,2009,Touring,0,0,0,1462.0,0,339.0,11699.0
Suzuki Boulevard M109R,2009,Custom / cruiser,0,0,0,1783.0,0,347.0,13099.0
Suzuki Boulevard M109R Limited Edition,2009,Custom / cruiser,0,0,0,1783.0,0,347.0,13399.0
Suzuki Boulevard M109R2,2009,Custom / cruiser,0,0,0,1783.0,0,347.0,13099.0
Suzuki Boulevard M50,2009,Custom / cruiser,0,0,0,805.0,0,265.0,7199.0
Suzuki Boulevard M50 Special Edition,2009,Custom / cruiser,0,0,0,805.0,0,265.0,7399.0
Suzuki Boulevard M90,2009,Custom / cruiser,0,0,0,1462.0,275.0,328.0,9999.0
Suzuki Boulevard S40,2009,Custom / cruiser,0,0,0,652.0,0,173.0,4599.0
Suzuki Boulevard S50,2009,Custom / cruiser,0,0,0,819.4,0,217.0,6699.0
Suzuki Boulevard S83,2009,Custom / cruiser,0,0,0,1360.2,0,0,8499.0
Suzuki Burgman 400,2009,Scooter,0,0,0,400.0,0,215.0,6199.0
Suzuki Burgman 400 ABS,2009,Scooter,0,0,0,400.0,0,269.0,6699.0
Suzuki Burgman 650,2009,Scooter,0,0,0,638.0,0,269.0,8199.0
Suzuki Burgman 650 Exec,2009,Scooter,0,0,0,638.0,0,277.0,9299.0
Suzuki DR-Z125,2009,Enduro / offroad,0,0,0,124.0,0,88.0,2499.0
Suzuki DR-Z125L,2009,Enduro / offroad,0,0,0,125.0,0,89.0,2699.0
Suzuki DR-Z400S,2009,Enduro / offroad,0,0,0,644.0,0,144.0,5699.0
Suzuki DR-Z400SM,2009,Super motard,0,0,0,644.0,0,146.0,6299.0
Suzuki DR-Z70,2009,Enduro / offroad,0,0,0,67.0,0,55.0,1599.0
Suzuki DR200SE,2009,Enduro / offroad,0,0,0,199.0,0,126.0,3949.0
Suzuki DR650SE,2009,Enduro / offroad,0,0,0,644.0,0,166.0,5299.0
Suzuki GS500F,2009,Sport,0,0,0,487.0,0,199.0,5499.0
Suzuki GSF1250S Bandit,2009,Allround,0,0,0,1255.0,0,250.0,8699.0
Suzuki GSF1250S Bandit ABS,2009,Allround,0,0,0,1255.0,0,254.0,9199.0
Suzuki GSX-R1000,2009,Sport,0,0,0,999.0,220.0,203.0,12199.0
Suzuki GSX-R1000 Cameron Donald,2009,Sport,0,0,0,999.0,220.0,203.0,12199.0
Suzuki GSX-R600,2009,Sport,0,0,0,599.0,0,196.0,9799.0
Suzuki GSX-R750,2009,Sport,0,0,0,750.0,0,198.0,10999.0
Suzuki GSX1300R Hayabusa,2009,Sport,0,0,0,1340.0,0,260.0,12499.0
Suzuki GSX650F,2009,Sport,0,0,0,656.0,0,241.0,7299.0
Suzuki GZ250,2009,Custom / cruiser,0,0,0,249.0,0,150.0,3499.0
Suzuki KingQuad 400AS,2009,ATV,0,0,0,376.0,0,285.0,5499.0
Suzuki KingQuad 400AS Camo,2009,ATV,0,0,0,376.0,0,0,5799.0
Suzuki KingQuad 400FS,2009,ATV,0,0,0,376.0,0,279.0,5349.0
Suzuki KingQuad 400FS Camo,2009,ATV,0,0,0,376.0,0,0,5699.0
Suzuki KingQuad 450AXi,2009,ATV,0,0,0,493.0,0,305.0,6699.0
Suzuki KingQuad 500AXi Power Steering,2009,ATV,0,0,0,493.0,0,300.0,7599.0
Suzuki KingQuad 750AXi,2009,ATV,0,0,0,722.0,0,302.0,7699.0
Suzuki KingQuad 750AXi Camo,2009,ATV,0,0,0,722.0,0,302.0,7999.0
Suzuki KingQuad 750AXi Limited,2009,ATV,0,0,0,722.0,0,302.0,8099.0
Suzuki KingQuad 750AXi Power Steering,2009,ATV,0,0,0,722.0,0,305.0,8699.0
Suzuki KingQuad 750AXi Rockstar,2009,ATV,0,0,0,722.0,0,302.0,7999.0
Suzuki Ozark 250,2009,ATV,0,0,0,493.0,0,194.0,3699.0
Suzuki QuadRacer R450,2009,ATV,0,0,0,450.0,0,188.0,7699.0
Suzuki QuadRacer R450 Limited Edition,2009,ATV,0,0,0,449.0,0,188.0,7799.0
Suzuki QuadSport Z250,2009,ATV,0,0,0,249.0,0,177.0,3999.0
Suzuki QuadSport Z400,2009,ATV,0,0,0,398.0,0,193.0,6199.0
Suzuki QuadSport Z400 Limited,2009,ATV,0,0,0,398.0,0,193.0,6399.0
Suzuki QuadSport Z50,2009,ATV,0,0,0,49.0,0,78.0,1899.0
Suzuki QuadSport Z50 Special Edition,2009,ATV,0,0,0,49.0,0,78.0,1899.0
Suzuki QuadSport Z90,2009,ATV,0,0,0,90.0,0,127.0,2499.0
Suzuki QuadSport Z90 Special Edition,2009,ATV,0,0,0,90.0,0,127.0,2499.0
Suzuki RM-Z250,2009,Cross / motocross,0,0,0,652.0,0,102.0,6299.0
Suzuki RM-Z450,2009,Cross / motocross,0,0,0,652.0,0,112.0,7499.0
Suzuki RM85,2009,Cross / motocross,0,0,0,84.7,0,73.0,3499.0
Suzuki SFV650 Gladius,2009,Naked bike,0,0,0,645.0,240.0,202.0,6499.0
Suzuki SV650SF,2009,Sport,0,0,0,645.0,0,200.0,6999.0
Suzuki SV650SF ABS,2009,Sport,0,0,0,645.0,0,203.0,7499.0
Suzuki TU250,2009,Allround,0,0,0,249.0,0,149.0,3499.0
Suzuki V-Strom 1000,2009,Naked bike,0,0,0,996.0,0,238.0,9199.0
Suzuki V-Strom 650,2009,Naked bike,0,0,0,645.0,0,217.0,6999.0
Suzuki V-Strom 650 ABS,2009,Naked bike,0,0,0,645.0,0,220.0,7499.0
Track T-800CDI Diesel,2009,Enduro / offroad,53.6,0,100.0,800.0,265.0,0,24000.0
UM GP1R-150,2009,Scooter,0,0,0,149.0,0,0,1799.0
UM MTX-450R,2009,ATV,51.0,0,0,449.0,0,0,5999.0
UM Matrix II-150,2009,Scooter,0,0,0,149.0,216.0,0,2099.0
UM Matrix II-170,2009,Scooter,0,0,0,168.0,216.0,0,2499.0
UM V2C-650S,2009,Custom / cruiser,0,0,0,647.0,0,0,6799.0
UM V2C-650T,2009,Touring,0,0,0,647.0,0,225.9,7899.0
UM V2S-250,2009,Naked bike,0,0,0,249.0,0,170.1,3899.0
UM V2S-250R,2009,Sport,0,0,0,249.0,0,0,3999.0
UM V2S-650R,2009,Sport,0,0,0,647.0,0,0,6399.0
UM Xpeed-250i,2009,Scooter,24.0,0,0,249.0,220.0,0,4299.0
Ultra Ground Pounder Rigid 300,2009,Custom / cruiser,0,0,0,1573.3,0,0,19990.0
Ultra Groundpounder ST,2009,Custom / cruiser,0,0,0,1573.3,0,0,22900.0
Ultra Intimidator Chopper,2009,Custom / cruiser,0,0,0,1851.9,0,0,28900.0
Ultra Lowdown Drop Seat,2009,Custom / cruiser,0,0,0,1851.9,0,0,29990.0
Ural Red October ,2009,Classic,0,105.0,52.0,745.0,0,0,12999.0
Vectrix VX-1,2009,Scooter,0,100.0,0,0,0,0,11000.0
Vento Hot Rod,2009,Scooter,9.4,0,8.5,150.0,0,0,1699.0
Vento Phantom R3,2009,Scooter,9.4,0,8.5,150.0,0,0,1599.0
Vento Triton LI,2009,Scooter,4.9,0,9.2,49.0,0,0,1499.0
Vento V-Thunder XL,2009,Custom / cruiser,24.1,0,0,249.0,0,0,3599.0
Vespa GTS 250ie,2009,Scooter,21.3,0,20.1,244.0,220.0,0,5999.0
Vespa LX 150,2009,Scooter,11.7,95.0,11.5,150.0,110.0,0,3499.0
Vespa LXV 150,2009,Scooter,11.7,95.0,11.5,150.0,0,0,5199.0
Vespa S 150,2009,Scooter,11.7,95.0,11.5,150.0,0,0,4199.0
Victory 10th Anniversary Vision Tour,2009,Touring,97.0,0,147.8,1731.0,300.0,0,28999.0
Victory Arlen Ness Victory Vision,2009,Custom / cruiser,97.0,0,0,1731.0,300.0,0,24999.0
Victory Cory Ness Jackpot,2009,Custom / cruiser,97.0,0,0,1731.0,300.0,0,24499.0
Victory Hammer,2009,Custom / cruiser,97.0,0,0,1638.0,300.0,0,17499.0
Victory Hammer S,2009,Custom / cruiser,97.0,0,0,1731.0,300.0,0,18499.0
Victory Kingpin,2009,Custom / cruiser,0,0,0,1638.8,300.0,0,16399.0
Victory Kingpin 8 Ball,2009,Custom / cruiser,0,0,0,1638.8,300.0,0,13999.0
Victory Kingpin Low,2009,Custom / cruiser,0,0,0,1638.8,300.0,0,16399.0
Victory Kingpin Tour,2009,Touring,0,0,0,1638.8,300.0,0,18399.0
Victory Vegas,2009,Custom / cruiser,0,0,0,1638.8,300.0,0,16299.0
Victory Vegas 8-Ball,2009,Custom / cruiser,0,0,0,1638.8,300.0,0,13799.0
Victory Vegas Jackpot,2009,Custom / cruiser,0,0,0,1638.8,300.0,0,18499.0
Victory Vegas Low,2009,Custom / cruiser,0,0,0,1634.0,300.0,0,16299.0
Victory Vision Street,2009,Touring,0,0,0,1731.0,300.0,0,18999.0
Victory Vision Street Premium,2009,Touring,0,0,0,1731.0,300.0,0,21699.0
Victory Vision Tour,2009,Touring,97.0,0,0,1731.0,300.0,0,19999.0
Victory Vision Tour Comfort,2009,Touring,0,0,0,1731.0,300.0,0,20499.0
Victory Vision Tour Premium,2009,Touring,97.0,0,0,1731.0,300.0,0,22699.0
Yamaha Big Bear 250,2009,ATV,0,0,0,230.0,0,0,3599.0
Yamaha Big Bear 400 4x4 IRS,2009,ATV,0,0,0,386.0,0,0,5799.0
Yamaha C3,2009,Scooter,0,0,0,49.0,110.0,0,2099.0
Yamaha FJR 1300 AE,2009,Sport touring,0,0,0,1298.0,282.0,294.8,16290.0
Yamaha FJR1300A,2009,Sport touring,0,0,0,1298.0,282.0,290.8,14490.0
Yamaha FZ1,2009,Naked bike,0,0,0,998.0,245.0,220.0,9790.0
Yamaha FZ6,2009,Allround,0,0,0,600.0,245.0,208.2,7290.0
Yamaha FZ6R,2009,Sport,0,0,0,600.0,245.0,211.8,7090.0
Yamaha FZS,2009,Naked bike,14.0,130.0,14.0,153.0,267.0,137.0,1360.0
Yamaha Grizzly 125 Automatic,2009,ATV,0,0,0,124.0,0,0,3199.0
Yamaha Grizzly 350 Auto 4x4,2009,ATV,0,0,0,348.0,0,0,5199.0
Yamaha Grizzly 450 Auto 4x4 IRS,2009,ATV,0,0,0,421.0,0,0,6499.0
Yamaha Grizzly 550 FI Auto 4x4,2009,ATV,0,0,0,688.0,0,0,7099.0
Yamaha Grizzly 700 FI Auto 4x4,2009,ATV,0,0,0,88.0,0,0,7799.0
Yamaha Majesty,2009,Scooter,0,0,0,395.0,267.0,0,6099.0
Yamaha Midnight Warrior,2009,Custom / cruiser,0,0,0,1671.6,282.0,294.8,13390.0
Yamaha PW50,2009,Minibike-cross,0,0,0,49.0,0,38.6,1199.0
Yamaha Raider,2009,Custom / cruiser,0,0,0,1851.9,310.0,331.1,13799.0
Yamaha Raider S,2009,Custom / cruiser,0,0,0,1851.9,310.0,331.1,14499.0
Yamaha Raptor 250,2009,ATV,0,0,0,249.0,0,0,4199.0
Yamaha Raptor 350,2009,ATV,0,0,0,348.0,0,0,5099.0
Yamaha Raptor 700R,2009,ATV,0,0,0,686.0,0,0,7599.0
Yamaha Raptor 700R SE,2009,ATV,0,0,0,686.0,0,0,8199.0
Yamaha Raptor 90,2009,ATV,0,0,0,88.0,0,0,2299.0
Yamaha Road Star,2009,Custom / cruiser,0,0,0,1671.6,320.0,337.0,12390.0
Yamaha Road Star S,2009,Custom / cruiser,0,0,0,1671.6,320.0,337.0,13090.0
Yamaha Road Star Silverado,2009,Touring,0,0,0,1671.6,320.0,351.1,14099.0
Yamaha Road Star Silverado S,2009,Touring,0,0,0,1671.6,298.0,351.1,14599.0
Yamaha Roadliner Midnight,2009,Custom / cruiser,0,0,0,1851.9,320.0,339.7,14999.0
Yamaha Roadliner S,2009,Custom / cruiser,0,0,0,1851.9,320.0,339.7,14999.0
Yamaha Royal Star Tour Deluxe,2009,Touring,0,0,0,1294.7,320.0,382.8,18690.0
Yamaha Royal Star Venture,2009,Custom / cruiser,0,0,0,1294.7,320.0,394.2,18690.0
Yamaha Stratoliner,2009,Touring,0,0,0,1851.9,320.0,363.8,18690.0
Yamaha Stratoliner S,2009,Touring,0,0,0,1851.9,320.0,363.8,18690.0
Yamaha TMAX,2009,Scooter,0,0,0,499.0,267.0,221.8,7999.0
Yamaha TT-R110E,2009,Enduro / offroad,0,0,0,110.0,110.0,71.7,1949.0
Yamaha TT-R125E,2009,Enduro / offroad,0,0,0,124.0,110.0,89.8,2699.0
Yamaha TT-R125LE,2009,Enduro / offroad,0,0,0,124.0,110.0,89.8,2999.0
Yamaha TT-R230,2009,Enduro / offroad,0,0,0,223.0,130.0,116.1,3699.0
Yamaha TT-R50E,2009,Enduro / offroad,0,0,0,49.0,0,56.7,1299.0
Yamaha TW200,2009,Allround,0,0,0,196.0,110.0,126.6,3990.0
Yamaha V Star 1100 Classic,2009,Custom / cruiser,0,0,0,1065.2,282.0,284.9,9490.0
Yamaha V Star 1100 Custom,2009,Custom / cruiser,0,0,0,1065.2,282.0,274.9,9190.0
Yamaha V Star 1100 Silverado,2009,Touring,0,0,0,1065.2,282.0,303.9,10290.0
Yamaha V Star 1300,2009,Custom / cruiser,0,0,0,1311.1,298.0,303.0,10290.0
Yamaha V Star 1300 Tourer,2009,Touring,0,0,0,1311.1,298.0,323.0,11490.0
Yamaha V Star 250,2009,Custom / cruiser,0,0,0,249.0,130.0,147.0,3790.0
Yamaha V Star 950,2009,Custom / cruiser,0,0,0,942.0,298.0,277.6,8090.0
Yamaha V Star 950 Tourer,2009,Touring,0,0,0,942.0,298.0,277.6,9090.0
Yamaha V Star Classic,2009,Custom / cruiser,0,0,0,655.5,200.0,246.8,6490.0
Yamaha V Star Custom,2009,Custom / cruiser,0,0,0,655.5,200.0,232.7,6390.0
Yamaha V Star Silverado,2009,Touring,0,0,0,655.5,200.0,264.4,7490.0
Yamaha Vino 125,2009,Scooter,0,0,0,124.0,110.0,108.9,2899.0
Yamaha Vino Classic,2009,Scooter,0,0,0,49.0,110.0,80.7,2049.0
Yamaha WR250F,2009,Enduro / offroad,0,0,0,250.0,245.0,117.9,6699.0
Yamaha WR250R,2009,Enduro / offroad,0,0,0,250.0,230.0,133.8,6090.0
Yamaha WR250X,2009,Allround,0,0,0,250.0,230.0,135.6,6190.0
Yamaha WR450F,2009,Enduro / offroad,0,0,0,449.0,245.0,122.9,7499.0
Yamaha Warrior,2009,Custom / cruiser,0,0,0,1671.6,282.0,294.8,13190.0
Yamaha Wolverine 350,2009,ATV,0,0,0,348.0,0,0,4399.0
Yamaha Wolverine 450 Auto 4x4,2009,ATV,0,0,0,421.0,0,0,5999.0
Yamaha XT250,2009,Enduro / offroad,0,0,0,249.0,203.0,0,4690.0
Yamaha YFZ450,2009,ATV,0,0,0,449.0,0,0,7299.0
Yamaha YFZ450R,2009,ATV,0,0,0,449.0,0,183.7,7999.0
Yamaha YZ125,2009,Cross / motocross,0,0,0,124.0,245.0,94.3,5799.0
Yamaha YZ250,2009,Cross / motocross,0,0,0,249.0,245.0,103.9,6599.0
Yamaha YZ250F,2009,Cross / motocross,0,0,0,250.0,245.0,102.5,6549.0
Yamaha YZ450F,2009,Cross / motocross,0,0,0,449.0,245.0,108.0,7399.0
Yamaha YZ85,2009,Cross / motocross,0,0,0,84.7,190.0,70.8,3349.0
Yamaha YZF-R1,2009,Sport,0,0,0,998.0,220.0,205.9,12490.0
Yamaha YZF-R6,2009,Naked bike,0,0,0,599.0,220.0,187.8,9990.0
Yamaha YZF-R6S,2009,Sport,0,0,0,600.0,220.0,186.0,8790.0
Yamaha Zuma,2009,Scooter,0,0,0,49.0,155.0,93.9,2199.0
Yamaha Zuma 125,2009,Scooter,0,0,0,125.0,220.0,0,2999.0
Buell Blast,2008,Enduro / offroad,34.0,0,40.7,491.6,220.0,0,4695.0
Buell Firebolt XB12R,2008,Sport,103.0,0,113.9,1202.9,240.0,0,9995.0
Buell Lightning CityX XB9SX,2008,Naked bike,92.0,0,94.9,983.3,240.0,0,8895.0
Buell Lightning XB12S,2008,Naked bike,103.0,0,113.9,1202.9,240.0,0,10495.0
Buell Lightning XB12STT,2008,Naked bike,103.0,0,113.9,1202.9,0,0,10495.0
Buell Lightning XB12Scg,2008,Naked bike,103.0,0,113.9,1202.9,0,0,10495.0
Buell Lightning XB12Ss,2008,Naked bike,103.0,0,113.9,1202.9,240.0,0,10495.0
Buell Ulysses XB12X,2008,Enduro / offroad,103.0,0,113.9,1202.9,240.0,0,11495.0
Diamo Classic 50,2008,Scooter,4.9,48.3,0,50.0,0,0,1495.0
Diamo Cruiser 250,2008,Custom / cruiser,16.3,0,0,248.0,0,0,2995.0
Diamo LS200,2008,Enduro / offroad,17.4,112.7,0,199.0,0,0,2495.0
Diamo RS250,2008,Enduro / offroad,15.4,0,0,250.0,0,0,2995.0
Diamo Retro 150,2008,Scooter,10.0,88.5,0,150.0,0,0,2195.0
Diamo Torino 150,2008,Scooter,12.0,96.6,0,150.0,0,0,2695.0
Diamo Turista 300,2008,Scooter,18.4,128.7,0,299.0,0,0,3995.0
Diamo Velocity 150,2008,Scooter,9.4,104.6,0,150.0,0,0,2495.0
Diamo Velocity 50,2008,Scooter,4.9,48.3,0,50.0,0,0,1695.0
Enfield Bullet 350,2008,Classic,18.0,100.0,4.4,346.0,152.0,0,3795.0
Fischer MRX 650,2008,Sport,77.0,0,52.0,647.0,210.0,0,7995.0
Genuine Scooter Buddy 125,2008,Scooter,0,96.6,0,125.0,0,0,2699.0
Genuine Scooter Italy 150,2008,Scooter,0,96.6,0,150.0,0,0,3099.0
Genuine Scooter Little Italy 50,2008,Scooter,0,48.3,0,50.0,0,0,2099.0
Genuine Scooter Pamplona 150,2008,Scooter,0,96.6,0,150.0,0,0,3099.0
Genuine Scooter Rattler 110,2008,Scooter,0,0,0,108.0,0,0,2699.0
Genuine Scooter Roughhouse R50,2008,Scooter,0,48.3,0,50.0,0,0,1999.0
Genuine Scooter St. Tropez 150,2008,Scooter,0,96.6,0,149.0,0,0,3099.0
Genuine Scooter Stelle 150,2008,Scooter,0,96.6,0,150.0,152.0,0,3499.0
Harley-Davidson FLHR Road King,2008,Touring,0,0,125.6,1573.3,0,352.4,17595.0
Harley-Davidson FLHR Road King Peace Officer,2008,Touring,0,0,126.1,1573.3,0,352.4,17783.0
Harley-Davidson FLHRC Road King Classic,2008,Touring,0,0,125.6,1573.3,0,351.5,17945.0
Harley-Davidson FLHT Electra Glide Standard,2008,Touring,0,0,0,1573.3,0,353.8,16545.0
Harley-Davidson FLHTC Electra Glide Classic,2008,Touring,0,0,125.6,1573.3,0,375.6,18695.0
Harley-Davidson FLHTCU Ultra Classic Electra Glide,2008,Touring,0,0,125.6,1573.3,0,386.0,20695.0
Harley-Davidson FLHTCUSE Screamin¬¥ Eagle Ultra Classic Electra Glide,2008,Touring,0,0,0,1584.0,0,0,34995.0
Harley-Davidson FLHX Street Glide,2008,Touring,0,0,125.6,1573.3,0,356.5,18675.0
Harley-Davidson FLSTC Heritage Softail Classic Peace Officer,2008,Custom / cruiser,0,0,119.2,1573.3,0,340.2,18133.0
Harley-Davidson FLSTF Fat Boy Peace Officer,2008,Custom / cruiser,0,0,123.4,1573.3,0,323.9,17383.0
Harley-Davidson FLSTF Softail Fat Boy,2008,Custom / cruiser,0,0,120.0,1573.3,0,323.9,17195.0
Harley-Davidson FLSTN Softail Deluxe,2008,Custom / cruiser,0,0,120.0,1573.3,0,328.4,17445.0
Harley-Davidson FLSTSB Softail Cross Bones,2008,Custom / cruiser,0,0,115.0,1573.3,0,334.3,16795.0
Harley-Davidson FLTR Road Glide,2008,Touring,0,0,125.6,1573.3,0,357.9,18145.0
Harley-Davidson FXCW Softail Rocker,2008,Custom / cruiser,0,0,117.0,1573.3,0,313.3,17295.0
Harley-Davidson FXCWC Softail Rocker C,2008,Custom / cruiser,0,0,117.0,1573.3,0,326.9,19495.0
Harley-Davidson FXD Dyna Super Glide,2008,Custom / cruiser,0,0,124.8,1573.3,0,300.7,11995.0
Harley-Davidson FXDB Dyna Street Bob,2008,Custom / cruiser,0,0,123.4,1573.3,0,302.5,13795.0
Harley-Davidson FXDC Dyna Super Glide Custom,2008,Custom / cruiser,0,0,123.4,1573.3,0,306.6,12995.0
Harley-Davidson FXDF Dyna Fat Bob,2008,Custom / cruiser,0,0,123.4,1573.3,0,318.9,14795.0
Harley-Davidson FXDL Dyna Low Rider,2008,Custom / cruiser,0,0,124.8,1573.3,0,304.8,14995.0
Harley-Davidson FXDSE CVO Screaming Eagle Dyna,2008,Custom / cruiser,0,0,123.4,1584.0,0,0,24995.0
Harley-Davidson FXDWG Dyna Wide Glide,2008,Custom / cruiser,0,0,124.8,1573.3,0,307.5,17620.0
Harley-Davidson FXSTB Softail Night train,2008,Custom / cruiser,0,0,117.0,1573.3,0,309.3,15895.0
Harley-Davidson FXSTC Softail Custom,2008,Custom / cruiser,0,0,117.0,1573.3,0,318.9,16895.0
Harley-Davidson FXSTSSE Screamin¬¥ Eagle Softail Springer,2008,Custom / cruiser,0,0,123.4,1584.0,0,0,24995.0
Harley-Davidson VRSCAW V-Rod,2008,Naked bike,0,0,113.9,1250.4,0,303.9,16695.0
Harley-Davidson VRSCD Night-Rod,2008,Custom / cruiser,0,0,115.3,1250.4,0,303.9,14995.0
Harley-Davidson VRSCDX Night Rod Special,2008,Custom / cruiser,0,0,115.3,1250.4,0,306.6,16695.0
Harley-Davidson XL1200C Sportster 1200 Custom,2008,Custom / cruiser,0,0,107.1,1199.6,0,267.2,9895.0
Harley-Davidson XL1200L Sportster 1200 Low,2008,Custom / cruiser,0,0,107.1,1199.6,0,263.5,9695.0
Harley-Davidson XL1200N Sportster 1200 Nightster,2008,Custom / cruiser,0,0,107.1,1199.6,0,254.9,9695.0
Harley-Davidson XL1200R Sportster 1200 Roadster,2008,Custom / cruiser,0,0,107.1,1199.6,0,265.4,8895.0
Harley-Davidson XL883 Sportster,2008,Custom / cruiser,0,0,74.6,883.3,0,264.4,6695.0
Harley-Davidson XL883C Sportster,2008,Custom / cruiser,0,0,74.6,883.3,0,268.1,7945.0
Harley-Davidson XL883L Sportster 883 Low,2008,Custom / cruiser,0,0,74.6,883.3,0,264.4,7145.0
Honda CB250 Nighthawk,2008,Custom / cruiser,0,0,0,234.0,0,0,3699.0
Honda CBR 1000 RR,2008,Sport,0,0,0,999.0,220.0,0,11599.0
Honda CBR 600 RR,2008,Sport,0,0,0,599.0,220.0,0,9599.0
Honda CRF 100 F,2008,Enduro / offroad,0,0,0,99.0,0,0,2399.0
Honda CRF 150 F,2008,Enduro / offroad,0,0,0,149.0,0,0,3149.0
Honda CRF 150 R,2008,Cross / motocross,0,0,0,149.0,190.0,0,4199.0
Honda CRF 230 F,2008,Enduro / offroad,0,0,0,223.0,240.0,0,3649.0
Honda CRF 230 L,2008,Enduro / offroad,0,0,0,223.0,220.0,0,4499.0
Honda CRF 250 R,2008,Cross / motocross,0,0,0,249.0,0,0,6499.0
Honda CRF 250 X,2008,Enduro / offroad,0,0,0,249.0,0,0,6599.0
Honda CRF 450 R,2008,Cross / motocross,0,0,0,449.0,0,0,7199.0
Honda CRF 450 X,2008,Enduro / offroad,0,0,0,449.0,0,0,7399.0
Honda CRF 50 F,2008,Enduro / offroad,0,0,0,49.0,0,0,1699.0
Honda CRF 70 F,2008,Enduro / offroad,0,0,0,72.0,0,0,1699.0
Honda CRF 80 F,2008,Enduro / offroad,0,0,0,80.0,0,0,2099.0
Honda Elite 125,2008,Scooter,0,0,0,124.6,0,109.0,2100.0
Honda Gold Wing Airbag,2008,Touring,0,0,0,1832.0,316.0,0,24349.0
Honda Gold Wing Audio Comfort Navi,2008,Touring,0,0,0,1832.0,316.0,0,22099.0
Honda Gold Wing Audio Comfort Navi ABS,2008,Touring,0,0,0,1832.0,316.0,0,23099.0
Honda Gold Wing Premium Audio,2008,Touring,0,0,0,1832.0,316.0,0,19599.0
Honda Metropolitan,2008,Scooter,0,0,0,49.0,0,0,1899.0
Honda NXR Bros,2008,Enduro / offroad,14.2,0,13.3,156.7,150.0,0,1400.0
Honda Rebel,2008,Custom / cruiser,0,0,0,234.0,0,0,3199.0
Honda Ruckus,2008,Scooter,0,0,0,49.0,0,0,2049.0
Honda ST 1300,2008,Sport touring,0,0,0,1261.0,316.0,0,14499.0
Honda ST 1300 ABS,2008,Sport touring,0,0,0,1261.0,316.0,0,15599.0
Honda Shadow Aero,2008,Custom / cruiser,0,0,0,745.0,180.0,0,6799.0
Honda Shadow Spirit 750,2008,Custom / cruiser,0,0,0,745.0,180.0,0,6799.0
Honda Silver Wing,2008,Scooter,0,0,0,582.0,240.0,0,8099.0
Honda Silver Wing ABS,2008,Scooter,0,0,0,582.0,240.0,0,8599.0
Honda VFR 800 Interceptor,2008,Sport,0,0,0,781.0,256.0,0,10799.0
Honda VFR 800 Interceptor ABS,2008,Sport,0,0,0,781.0,256.0,0,11799.0
Honda VTX 1800 Style N,2008,Custom / cruiser,0,0,0,1795.0,316.0,0,13669.0
Honda VTX1300C Classic,2008,Custom / cruiser,0,0,0,1312.0,296.0,0,9599.0
Honda VTX1300R Retro,2008,Custom / cruiser,0,0,0,1312.0,296.0,0,9599.0
Honda VTX1300T Touring,2008,Custom / cruiser,0,0,0,1312.0,296.0,0,10999.0
Honda XR 650 L,2008,Enduro / offroad,0,0,0,644.0,0,0,5949.0
Husqvarna CR 125,2008,Cross / motocross,0,0,0,124.0,240.0,0,5399.0
Husqvarna SM 450R,2008,Super motard,0,0,0,449.0,240.0,0,7398.0
Husqvarna SM 510R,2008,Super motard,0,0,0,501.0,240.0,0,7998.0
Husqvarna SM 610ie,2008,Super motard,0,0,0,576.0,240.0,0,7798.0
Husqvarna TC 250,2008,Cross / motocross,0,0,0,249.5,240.0,0,6298.0
Husqvarna TC 450,2008,Cross / motocross,0,0,0,449.0,240.0,0,6898.0
Husqvarna TC 510,2008,Cross / motocross,0,0,0,501.0,240.0,0,7198.0
Husqvarna TE 250,2008,Enduro / offroad,0,0,0,249.5,240.0,0,6898.0
Husqvarna TE 450,2008,Enduro / offroad,0,0,0,449.0,240.0,0,7698.0
Husqvarna TE 510,2008,Enduro / offroad,0,0,0,501.0,0,0,7899.0
Husqvarna TE 610,2008,Enduro / offroad,53.0,0,0,576.0,220.0,0,7398.0
Husqvarna TXC 250,2008,Cross / motocross,0,0,0,249.0,240.0,0,6598.0
Husqvarna TXC 450,2008,Cross / motocross,0,0,0,449.0,240.0,0,7198.0
Husqvarna TXC 510,2008,Cross / motocross,0,0,0,501.0,0,0,7498.0
Husqvarna WR 250,2008,Enduro / offroad,0,0,0,249.3,220.0,0,6298.0
Hyosung GT650R,2008,Sport,78.0,0,0,674.0,0,0,5899.0
Italjet Dragster 50,2008,Scooter,0,0,0,50.0,0,0,2995.0
Johnny Pag Police Escort 300,2008,Touring,23.8,0,18.5,300.0,0,163.3,3595.0
Johnny Pag Raptor 300,2008,Touring,23.8,0,18.5,300.0,0,163.3,3595.0
Johnny Pag Spyder 300,2008,Custom / cruiser,23.8,0,18.5,300.0,0,163.3,4099.0
Kawasaki Concours 14,2008,Sport touring,0,0,100.3,1352.0,270.0,0,12899.0
Kawasaki Concours 14 ABS,2008,Sport touring,0,0,100.3,1352.0,270.0,0,13799.0
Kawasaki Eliminator 125,2008,Allround,0,0,0,124.0,0,0,2649.0
Kawasaki KLR 650,2008,Enduro / offroad,36.1,149.7,44.3,651.0,240.0,194.1,5349.0
Kawasaki KLR250S,2008,Super motard,0,0,0,249.0,0,0,4899.0
Kawasaki KLX110,2008,Enduro / offroad,0,0,0,111.0,215.0,0,1749.0
Kawasaki KLX140,2008,Enduro / offroad,0,0,0,144.0,215.0,0,2699.0
Kawasaki KLX140L,2008,Enduro / offroad,0,0,0,144.0,215.0,0,2999.0
Kawasaki KLX300R,2008,Enduro / offroad,0,0,0,292.0,0,0,4949.0
Kawasaki KX100,2008,Cross / motocross,0,0,40.0,99.0,240.0,0,3349.0
Kawasaki KX250F,2008,Cross / motocross,0,0,40.0,249.0,240.0,0,6999.0
Kawasaki KX450F,2008,Cross / motocross,0,0,40.0,449.0,240.0,0,6999.0
Kawasaki KX65,2008,Cross / motocross,0,0,0,64.7,0,0,2799.0
Kawasaki KX85,2008,Cross / motocross,0,0,0,84.0,0,0,2999.0
Kawasaki Ninja 250R,2008,Sport,0,0,21.7,249.0,220.0,0,3499.0
Kawasaki Ninja 500R,2008,Sport,0,0,48.5,498.0,220.0,0,5099.0
Kawasaki Ninja 650R,2008,Sport,0,0,48.5,649.0,220.0,0,6499.0
Kawasaki Ninja ZX-10R,2008,Sport,0,0,0,998.0,220.0,0,11549.0
Kawasaki Ninja ZX-14,2008,Sport,0,0,208.8,1352.0,250.0,0,11699.0
Kawasaki Ninja ZX-6R,2008,Sport,0,0,40.0,599.0,210.0,0,9099.0
Kawasaki Versys,2008,Naked bike,0,0,44.9,649.0,220.0,0,6899.0
Kawasaki Vulcan 1500 Classic,2008,Custom / cruiser,0,0,114.7,1470.0,270.0,0,9699.0
Kawasaki Vulcan 1600 Nomad,2008,Touring,0,0,0,1552.0,0,0,12999.0
Kawasaki Vulcan 2000,2008,Custom / cruiser,0,0,191.2,2053.0,320.0,0,13699.0
Kawasaki Vulcan 2000 Classic,2008,Custom / cruiser,0,0,191.2,2053.0,320.0,0,13099.0
Kawasaki Vulcan 2000 Classic LT,2008,Custom / cruiser,0,0,44.9,2053.0,0,0,14599.0
Kawasaki Vulcan 500 LTD,2008,Custom / cruiser,0,0,0,498.0,0,0,5049.0
Kawasaki Vulcan 900 Classic LT,2008,Touring,0,0,82.4,903.0,272.0,0,8649.0
Kawasaki Vulcan 900 Custom,2008,Custom / cruiser,0,0,82.0,903.0,300.0,0,7399.0
Kawasaki Z1000,2008,Naked bike,0,0,72.8,953.0,250.0,0,8899.0
Kawasaki ZZR600,2008,Sport,0,0,0,599.0,220.0,0,7299.0
Lambretta Uno 150,2008,Scooter,0,104.6,0,149.6,0,0,2699.0
Lambretta Uno 50,2008,Scooter,0,48.3,0,49.3,0,0,2099.0
PRC (Pro Racing Cycles) RR-65,2008,Cross / motocross,0,0,0,65.0,180.0,0,3899.0
Qlink Achilles 150,2008,Scooter,9.4,0,9.6,147.0,0,0,1750.0
Qlink Axon 50,2008,Scooter,3.5,0,2.8,49.0,0,0,1050.0
Qlink Commuter 250,2008,Scooter,18.0,0,17.6,244.0,0,0,3250.0
Qlink Legacy 250,2008,Custom / cruiser,18.0,0,17.6,244.0,0,0,3250.0
Qlink Legend 250,2008,Custom / cruiser,18.0,0,15.0,233.0,0,0,2450.0
Qlink Pegasus 150,2008,Scooter,9.4,0,9.0,152.7,0,0,2499.0
Qlink Sapero 250,2008,Custom / cruiser,18.0,0,17.6,244.0,0,0,2450.0
Qlink Siena 150,2008,Scooter,8.4,0,9.0,149.6,0,0,1995.0
Qlink Splendor 400,2008,Scooter,26.8,0,28.0,393.0,0,0,4650.0
Qlink Star 50,2008,Scooter,2.7,0,4.8,49.0,0,0,1799.0
Qlink XF 200,2008,Enduro / offroad,15.4,0,14.5,199.0,0,0,2650.0
Qlink XF 200 SM,2008,Super motard,15.4,0,14.5,199.0,0,0,2650.0
Rhino HUnter Softail SLD-003,2008,Custom / cruiser,17.0,0,0,250.0,0,0,3895.0
Rhino Hunter S FLM-001,2008,Custom / cruiser,17.0,0,0,250.0,0,0,4095.0
Rhino Hunter S FLM-002,2008,Custom / cruiser,17.0,0,0,250.0,0,0,4095.0
Rhino Hunter S SLD-005,2008,Custom / cruiser,17.0,0,0,250.0,0,0,3895.0
Rhino Hunter Softail FLM-003,2008,Custom / cruiser,0,0,0,250.0,0,0,4095.0
Rhino Hunter Softail FLM-004,2008,Custom / cruiser,0,0,0,250.0,0,0,4095.0
Rhino Hunter Softail SLD-002,2008,Custom / cruiser,17.0,0,0,250.0,0,0,3895.0
Rhino SLD-001,2008,Custom / cruiser,17.0,0,0,250.0,0,0,3895.0
Ridley Auto-Glide Classic,2008,Classic,0,0,0,721.1,0,0,17650.0
Ridley Auto-Glide Sport,2008,Sport,0,0,0,721.1,0,0,18250.0
Ridley Auto-Glide Standard,2008,Classic,0,0,0,721.1,0,0,13995.0
Ridley Auto-Glide TT,2008,Sport,0,0,0,721.1,0,0,17650.0
Ridley AutoGlide Chopper,2008,Custom / cruiser,0,0,0,721.1,0,0,20750.0
Ridley AutoGlide Limited Edition,2008,Sport,0,0,0,721.1,0,0,19370.0
Ridley AutoGlide Trike,2008,Allround,0,0,0,721.1,0,0,25950.0
Roehr 1130 Superbike,2008,Sport,120.0,0,101.7,1130.0,245.0,0,39995.0
Suzuki B-King,2008,Allround,0,0,0,1340.0,0,0,12899.0
Suzuki B-King ABS,2008,Allround,0,0,0,1340.0,0,0,13499.0
Suzuki Bandit 1250,2008,Naked bike,0,0,0,1255.0,0,0,8299.0
Suzuki Bandit 1250 ABS,2008,Naked bike,0,0,0,1255.0,0,0,8799.0
Suzuki Boulevard C109R,2008,Custom / cruiser,0,0,0,54.0,0,0,13799.0
Suzuki Boulevard C109RT,2008,Touring,0,0,0,1783.0,0,0,14999.0
Suzuki Boulevard C50,2008,Custom / cruiser,0,0,0,819.4,0,0,6899.0
Suzuki Boulevard C50 Black,2008,Custom / cruiser,0,0,0,819.4,0,0,6799.0
Suzuki Boulevard C50 Limited Edition,2008,Custom / cruiser,0,0,0,819.4,0,0,7099.0
Suzuki Boulevard C50T,2008,Touring,0,0,0,819.4,0,0,7999.0
Suzuki Boulevard C90,2008,Custom / cruiser,0,0,0,1783.0,0,0,10499.0
Suzuki Boulevard C90 Black,2008,Custom / cruiser,0,0,0,1474.9,0,0,10299.0
Suzuki Boulevard C90T,2008,Touring,0,0,0,1783.0,0,0,11499.0
Suzuki Boulevard M109R,2008,Custom / cruiser,0,0,0,1783.0,0,0,12699.0
Suzuki Boulevard M109R Limited Edition,2008,Custom / cruiser,0,0,0,1783.0,0,0,13099.0
Suzuki Boulevard M109R2,2008,Custom / cruiser,0,0,0,1783.0,0,0,12699.0
Suzuki Boulevard M50,2008,Custom / cruiser,0,0,0,1783.0,0,0,6899.0
Suzuki Boulevard S40,2008,Custom / cruiser,0,0,0,655.5,0,0,4399.0
Suzuki Boulevard S50,2008,Custom / cruiser,0,0,0,819.4,0,0,6499.0
Suzuki Boulevard S83,2008,Custom / cruiser,0,0,0,1360.2,0,0,8499.0
Suzuki Burgman 400,2008,Scooter,0,0,0,400.0,0,0,5949.0
Suzuki Burgman 650,2008,Scooter,0,0,0,638.0,0,0,7899.0
Suzuki Burgman 650 Exec,2008,Scooter,0,0,0,638.0,0,0,8999.0
Suzuki DR-Z125,2008,Enduro / offroad,0,0,0,124.0,0,0,2399.0
Suzuki DR-Z125L,2008,Enduro / offroad,0,0,0,124.0,0,0,2599.0
Suzuki DR-Z400S,2008,Enduro / offroad,0,0,0,398.0,0,0,5599.0
Suzuki DR-Z400SM,2008,Super motard,0,0,0,398.0,0,0,6199.0
Suzuki DR-Z70,2008,Enduro / offroad,0,0,0,67.0,0,0,1499.0
Suzuki DR200SE,2008,Enduro / offroad,0,0,0,199.0,0,0,3949.0
Suzuki DR650SE,2008,Enduro / offroad,0,0,0,644.0,0,0,5099.0
Suzuki GS500F,2008,Sport,0,0,0,487.0,0,0,5199.0
Suzuki GSX-R1000,2008,Sport,0,0,0,999.0,0,0,11499.0
Suzuki GSX-R600,2008,Sport,0,0,0,599.0,0,0,9399.0
Suzuki GSX-R750,2008,Sport,0,0,0,749.0,0,0,10599.0
Suzuki GSX1300R Hayabusa,2008,Sport,0,0,0,1340.0,0,0,11999.0
Suzuki GSX650F,2008,Allround,0,0,0,656.0,0,0,6999.0
Suzuki GZ250,2008,Allround,0,0,0,249.0,0,0,3249.0
Suzuki RM-Z250,2008,Cross / motocross,0,0,0,249.0,0,0,6099.0
Suzuki RM-Z450,2008,Cross / motocross,0,0,0,449.0,0,0,7199.0
Suzuki RM250,2008,Cross / motocross,0,0,0,249.0,0,0,6099.0
Suzuki RM85,2008,Cross / motocross,0,0,0,84.7,0,0,3099.0
Suzuki RM85L,2008,Cross / motocross,0,0,0,84.7,0,0,3199.0
Suzuki SV650,2008,Naked bike,0,0,0,645.0,0,0,5999.0
Suzuki SV650 ABS,2008,Naked bike,0,0,0,645.0,0,0,6599.0
Suzuki SV650SF,2008,Sport,0,0,0,645.0,0,0,6899.0
Suzuki SV650SF ABS,2008,Sport,0,0,0,645.0,0,0,7399.0
Suzuki V-Strom 1000,2008,Allround,0,0,0,996.0,0,0,8999.0
Suzuki V-Strom 650,2008,Allround,0,0,0,645.0,0,0,6699.0
Suzuki V-Strom 650 ABS,2008,Allround,0,0,0,645.0,0,0,7199.0
Triumph Bonneville,2008,Classic,66.0,0,52.0,865.0,255.0,0,7299.0
Triumph Bonneville T100,2008,Classic,66.0,0,52.0,865.0,255.0,0,8299.0
Triumph Daytona 675,2008,Sport,125.0,0,72.0,675.0,220.0,0,8999.0
Triumph Rocket III,2008,Custom / cruiser,140.0,0,147.0,2294.0,316.0,0,14999.0
Triumph Rocket III Classic,2008,Classic,140.0,0,147.0,2294.0,316.0,0,15699.0
Triumph Rocket III Touring,2008,Touring,106.0,0,154.0,2294.0,316.0,0,16999.0
Triumph Scrambler,2008,Allround,56.0,0,51.0,865.0,255.0,0,7999.0
Triumph Speed Triple,2008,Naked bike,131.0,0,77.0,1050.0,220.0,0,10299.0
Triumph Speedmaster,2008,Custom / cruiser,54.0,0,51.0,865.0,285.0,0,8299.0
Triumph Sprint ST,2008,Sport touring,125.0,0,77.0,1050.0,255.0,0,10999.0
Triumph Street Triple 675,2008,Naked bike,107.0,0,51.0,675.0,220.0,0,7999.0
Triumph Thruxton,2008,Classic,69.0,0,53.0,865.0,255.0,0,7999.0
Triumph Tiger,2008,Allround,114.0,0,74.0,1050.0,255.0,0,10999.0
UM Matrix II-180,2008,Scooter,0,0,0,168.0,216.0,0,2499.0
UM V2C-250T,2008,Custom / cruiser,0,0,0,249.0,0,167.8,3699.0
UM V2C-650S,2008,Custom / cruiser,0,0,0,647.0,0,225.9,6499.0
UM V2C-650T,2008,Touring,0,0,0,647.0,0,225.9,7599.0
UM V2S-250,2008,Naked bike,0,0,0,249.0,0,170.1,3399.0
UM V2S-250R,2008,Sport,0,0,0,249.0,0,176.9,3999.0
UM V2S-650,2008,Naked bike,0,0,0,647.0,0,200.0,5199.0
UM V2S-650R,2008,Sport,0,0,0,647.0,0,208.7,6249.0
UM Xpeed 250i,2008,Scooter,24.0,0,0,249.0,0,0,4299.0
Ural Patrol 750,2008,Classic,40.0,130.0,52.0,745.0,0,0,11499.0
Vectrix Electric 3-Wheeler,2008,Scooter,26.8,99.8,65.0,0,0,0,15900.0
Vectrix Electric Maxi-Scooter,2008,Scooter,26.8,100.0,65.0,0,0,0,11000.0
Vento Colt 250,2008,Custom / cruiser,24.1,0,0,249.0,0,0,3499.0
Vento Phantera,2008,Scooter,9.4,0,8.5,150.0,0,0,1699.0
Vento Phantom LI,2008,Scooter,9.4,0,8.5,150.0,0,0,1699.0
Vento V-Thunder XL,2008,Custom / cruiser,24.1,0,0,249.0,0,0,3599.0
Vespa GT60,2008,Scooter,21.7,122.3,20.2,244.0,0,0,7299.0
Vespa GTS 250,2008,Scooter,21.7,0,20.2,244.0,220.0,0,5999.0
Vespa GTV,2008,Scooter,11.7,122.3,11.5,244.0,220.0,0,6899.0
Vespa Granturismo 200,2008,Scooter,21.0,0,17.5,197.8,220.0,0,5299.0
Vespa LX 150,2008,Scooter,11.7,95.0,11.5,150.0,110.0,0,4299.0
Vespa LX 50,2008,Scooter,4.2,62.8,3.5,49.4,110.0,0,3199.0
Vespa LXV,2008,Scooter,11.7,95.0,11.5,150.0,220.0,0,5199.0
Vespa S,2008,Scooter,11.7,95.0,11.5,150.0,110.0,0,4099.0
Victory Arlen Ness Jackpot,2008,Custom / cruiser,0,0,0,1638.8,300.0,0,23699.0
Victory Cory Ness Jackpot,2008,Custom / cruiser,0,0,0,1638.8,300.0,0,23699.0
Victory Hammer,2008,Custom / cruiser,0,0,0,1638.8,300.0,0,16999.0
Victory Hammer S,2008,Custom / cruiser,0,0,0,1638.8,300.0,0,19866.0
Victory Kingpin,2008,Custom / cruiser,0,0,0,1638.8,300.0,0,16399.0
Victory Kingpin 8-Ball,2008,Custom / cruiser,0,0,0,1638.8,300.0,0,13999.0
Victory Kingpin Tour,2008,Touring,0,0,0,1638.8,300.0,0,18399.0
Victory Vegas,2008,Custom / cruiser,0,0,0,1638.8,300.0,0,15999.0
Victory Vegas 8 Ball,2008,Custom / cruiser,0,0,0,1638.8,300.0,0,13599.0
Victory Vegas Jackpot,2008,Custom / cruiser,0,0,0,1638.8,300.0,0,17999.0
Victory Vegas Low,2008,Custom / cruiser,0,0,0,1638.8,300.0,0,15999.0
Victory Vision Street Premium,2008,Touring,0,0,0,1737.1,300.0,0,20499.0
Victory Vision Tour Comfort,2008,Touring,0,0,0,1737.1,300.0,0,20499.0
Victory Vision Tour Premium,2008,Touring,0,0,0,1737.1,300.0,0,21499.0
Yamaha C3,2008,Scooter,0,0,0,49.0,110.0,0,1999.0
Yamaha FJR1300A,2008,Sport touring,0,0,0,1298.0,282.0,0,13899.0
Yamaha FJR1300AE,2008,Sport touring,0,0,0,1298.0,282.0,0,15699.0
Yamaha FZ1,2008,Naked bike,0,0,0,998.0,245.0,0,9299.0
Yamaha FZ6,2008,Naked bike,0,0,0,600.0,245.0,0,6999.0
Yamaha Majesty 400,2008,Scooter,0,0,0,395.0,267.0,0,5899.0
Yamaha Midnight Warrior,2008,Custom / cruiser,0,0,0,1671.6,282.0,0,12849.0
Yamaha Morphous,2008,Scooter,0,0,0,250.0,0,0,5299.0
Yamaha PW50,2008,Enduro / offroad,0,0,0,49.0,0,0,1149.0
Yamaha Raider,2008,Custom / cruiser,0,0,0,1851.9,310.0,0,13180.0
Yamaha Raider S,2008,Custom / cruiser,0,0,0,1851.9,310.0,0,13780.0
Yamaha Road Star,2008,Custom / cruiser,0,0,0,1671.6,320.0,0,11899.0
Yamaha Road Star S,2008,Custom / cruiser,0,0,0,1671.6,320.0,0,12599.0
Yamaha Road Star Silverado,2008,Touring,0,0,0,1671.6,320.0,0,13599.0
Yamaha Road Star Silverado S,2008,Touring,0,0,0,1671.6,298.0,0,14099.0
Yamaha Roadliner Midnight,2008,Custom / cruiser,0,0,0,1851.9,320.0,0,13880.0
Yamaha Roadliner S,2008,Custom / cruiser,0,0,0,1851.9,320.0,0,14980.0
Yamaha Royal Star Tour Deluxe,2008,Touring,0,0,0,1294.7,320.0,0,14999.0
Yamaha Royal Star Venture,2008,Custom / cruiser,0,0,0,1294.7,320.0,0,17299.0
Yamaha Stratoliner Midnight,2008,Touring,0,0,0,1851.9,320.0,0,15480.0
Yamaha Stratoliner S,2008,Touring,0,0,0,1851.9,320.0,0,16580.0
Yamaha TT-R110E,2008,Enduro / offroad,0,0,0,110.0,110.0,0,1899.0
Yamaha TT-R125E,2008,Enduro / offroad,0,0,0,124.0,110.0,0,2599.0
Yamaha TT-R125L,2008,Enduro / offroad,0,0,0,124.0,110.0,0,2699.0
Yamaha TT-R125LE,2008,Enduro / offroad,0,0,0,124.0,110.0,0,2899.0
Yamaha TT-R230,2008,Enduro / offroad,0,0,0,223.0,130.0,0,3549.0
Yamaha TT-R50E,2008,Enduro / offroad,0,0,0,49.0,0,0,1249.0
Yamaha TW200,2008,Enduro / offroad,0,0,0,196.0,110.0,0,3799.0
Yamaha V Star 1100 Classic,2008,Custom / cruiser,0,0,0,1065.2,282.0,0,8799.0
Yamaha V Star 1100 Custom,2008,Custom / cruiser,0,0,0,1065.2,282.0,0,8699.0
Yamaha V Star 1100 Silverado,2008,Touring,0,0,0,1065.2,282.0,0,9799.0
Yamaha V Star 1300,2008,Custom / cruiser,0,0,0,1311.1,298.0,0,10090.0
Yamaha V Star 1300 Tourer,2008,Touring,0,0,0,1311.1,298.0,0,11199.0
Yamaha V Star 250,2008,Custom / cruiser,0,0,0,249.0,130.0,0,3599.0
Yamaha V Star Classic,2008,Custom / cruiser,0,0,0,655.5,200.0,0,6199.0
Yamaha V Star Custom,2008,Custom / cruiser,0,0,0,655.5,200.0,0,6099.0
Yamaha V Star Silverado,2008,Touring,0,0,0,655.5,200.0,0,7199.0
Yamaha Vino 125,2008,Scooter,0,0,0,124.0,110.0,0,2699.0
Yamaha Vino Classic,2008,Scooter,0,0,0,49.0,110.0,0,1949.0
Yamaha WR250F,2008,Enduro / offroad,0,0,0,250.0,245.0,0,6399.0
Yamaha WR250R,2008,Super motard,0,0,0,250.0,230.0,0,5899.0
Yamaha WR250X,2008,Super motard,0,0,0,250.0,230.0,0,5999.0
Yamaha WR450F,2008,Enduro / offroad,0,0,0,449.0,245.0,0,7199.0
Yamaha Warrior,2008,Custom / cruiser,0,0,0,1671.6,282.0,0,12649.0
Yamaha XT250,2008,Enduro / offroad,0,0,0,249.0,203.0,0,4399.0
Yamaha YZ125,2008,Cross / motocross,0,0,0,124.0,245.0,0,5599.0
Yamaha YZ250,2008,Cross / motocross,0,0,0,249.0,245.0,0,6399.0
Yamaha YZ250F,2008,Cross / motocross,0,0,0,250.0,245.0,0,6249.0
Yamaha YZ450F,2008,Cross / motocross,0,0,0,449.0,245.0,0,7099.0
Yamaha YZ85,2008,Cross / motocross,0,0,0,85.0,190.0,0,3249.0
Yamaha YZF-R1,2008,Sport,0,0,0,998.0,220.0,0,11699.0
Yamaha YZF-R15 lc4v,2008,Sport,17.0,145.0,15.0,150.0,240.0,0,2350.0
Yamaha YZF-R6,2008,Sport,0,0,0,599.0,220.0,0,9599.0
Yamaha YZF-R6S,2008,Sport,0,0,0,600.0,220.0,0,8299.0
Yamaha Zuma,2008,Scooter,0,0,0,49.0,115.0,0,2149.0
ATK 450 MX,2007,Cross / motocross,46.0,0,0,446.0,220.0,0,7295.0
ATK 450 XC,2007,Enduro / offroad,46.0,0,0,446.0,220.0,0,7595.0
ATK Enduro,2007,Enduro / offroad,46.0,0,0,446.0,220.0,0,7895.0
ATK Motard,2007,Super motard,46.0,0,0,446.0,220.0,0,8995.0
American IronHorse LSC,2007,Custom / cruiser,110.0,0,0,1820.0,0,0,29495.0
American IronHorse LSC,2007,Custom / cruiser,110.0,0,0,1820.0,0,0,29495.0
American IronHorse Legend,2007,Custom / cruiser,110.0,0,0,1820.0,0,0,31495.0
American IronHorse Legend,2007,Custom / cruiser,110.0,0,0,1820.0,0,0,31495.0
American IronHorse Outlaw,2007,Custom / cruiser,110.0,0,0,1820.0,0,0,30395.0
American IronHorse Slammer,2007,Custom / cruiser,110.0,0,0,1821.0,0,0,38995.0
American IronHorse Tejas,2007,Custom / cruiser,110.0,0,0,1820.0,0,0,28995.0
American IronHorse Texas Chopper,2007,Custom / cruiser,111.0,0,115.0,1819.0,0,0,31495.0
Bajaj Kristal,2007,Scooter,7.2,80.0,7.7,95.0,110.0,0,1000.0
Bajaj Kristal,2007,Scooter,7.2,80.0,7.7,95.0,110.0,0,1000.0
Bajaj Pulsar 220 DTS-Fi,2007,Sport touring,19.8,131.6,19.1,220.0,230.0,157.0,2075.0
CF Moto V3 Sport - CF250T-3,2007,Sport,18.0,128.7,16.5,244.0,0,0,3499.0
CF Moto V5 Sport Cruiser - CF250T-5,2007,Sport,18.0,128.7,16.5,250.0,0,0,3499.0
Can-Am Spyder Roadster,2007,Sport,106.0,0,0,998.0,0,0,14999.0
Diamo Aero GTX50,2007,Scooter,3.5,48.3,0,49.5,0,0,1695.0
Diamo Cruiser V-Twin 250,2007,Custom / cruiser,16.3,125.0,0,248.0,0,0,2995.0
Diamo Fury 150,2007,Scooter,10.0,104.6,0,149.0,0,0,2495.0
Diamo Retro 150,2007,Scooter,10.0,104.6,0,149.0,0,0,2195.0
Diamo Retro 50,2007,Scooter,3.5,48.3,0,49.5,0,0,1495.0
Diamo Tracer 150,2007,Scooter,10.0,104.6,0,149.0,0,0,2395.0
Diamo Tracer 250,2007,Scooter,17.0,128.7,0,248.0,0,0,3495.0
Diamo Turista 260,2007,Scooter,18.4,128.7,0,258.0,0,0,3995.0
Diamo Velux 150,2007,Scooter,10.0,96.6,0,150.0,0,0,3995.0
Diamo Velux 250,2007,Scooter,17.0,96.6,0,250.0,0,0,4495.0
Ecosse Heretic Ti,2007,Naked bike,135.0,0,192.6,1966.6,260.0,0,139800.0
Enfield Bullet 350,2007,Classic,18.0,100.0,32.0,346.0,152.0,0,3795.0
Enfield Bullet 500,2007,Classic,22.0,119.1,35.0,499.0,152.0,0,4995.0
Enfield Bullet 500 Deluxe,2007,Classic,22.0,125.0,3.5,499.0,152.0,0,4895.0
Enfield Bullet 500 ES Classic,2007,Classic,22.0,125.0,3.5,499.0,152.0,0,4795.0
Enfield Bullet Electra X,2007,Classic,23.0,125.0,4.0,499.0,0,0,4995.0
Enfield Bullet Military,2007,Classic,22.0,125.0,3.5,499.0,152.0,0,4795.0
Harley-Davidson FLHRC  Road King Classic,2007,Touring,0,0,125.6,1573.0,0,346.1,17695.0
Harley-Davidson FLHRS Road King Custom,2007,Touring,0,0,125.6,1573.0,0,343.4,17525.0
Harley-Davidson FLHT Electra Glide Standard,2007,Touring,0,0,125.6,1573.0,0,350.2,16095.0
Harley-Davidson FLHTC Electra Glide Classic,2007,Touring,0,0,125.6,1573.0,0,350.2,16095.0
Harley-Davidson FLHTCU  Ultra Classic Electra Glide,2007,Touring,0,0,125.6,1573.0,0,381.0,20195.0
Harley-Davidson FLHX  Street Glide,2007,Touring,0,0,125.6,1573.0,0,349.3,18295.0
Harley-Davidson FLSTC Heritage Softail Classic,2007,Custom / cruiser,0,0,119.2,1573.0,0,340.2,17820.0
Harley-Davidson FLSTF Softail Fat Boy,2007,Custom / cruiser,0,0,121.8,1573.3,0,323.9,17095.0
Harley-Davidson FLSTN Softail Deluxe,2007,Custom / cruiser,0,0,121.6,1573.3,0,328.4,17345.0
Harley-Davidson FLSTSC Softail Springer Classic,2007,Custom / cruiser,0,0,119.6,1573.3,0,336.1,17545.0
Harley-Davidson FLTR Road Glide,2007,Touring,0,0,125.6,1573.0,0,359.2,17695.0
Harley-Davidson FXD Dyna Superglide,2007,Custom / cruiser,0,0,124.8,1573.3,0,300.7,12395.0
Harley-Davidson FXDB Dyna Street Bob,2007,Custom / cruiser,0,0,124.8,1573.3,0,302.5,13595.0
Harley-Davidson FXDC Dyna Super Glide Custom,2007,Custom / cruiser,0,0,124.8,1573.3,0,306.6,14645.0
Harley-Davidson FXDL Dyna Low Rider,2007,Custom / cruiser,0,0,124.8,1573.3,0,304.8,15795.0
Harley-Davidson FXDWG Dyna Wide Glide,2007,Custom / cruiser,0,0,124.8,1573.3,0,307.5,16795.0
Harley-Davidson FXST Softail Standard,2007,Custom / cruiser,0,0,119.2,1573.3,0,309.3,14995.0
Harley-Davidson FXSTB Softail Night Train,2007,Custom / cruiser,0,0,119.2,1573.3,0,309.3,15895.0
Harley-Davidson FXSTC Softail Custom,2007,Custom / cruiser,0,0,119.2,1573.3,0,318.9,16895.0
Harley-Davidson FXSTD Softail Deuce,2007,Custom / cruiser,0,0,121.8,1573.3,0,309.3,17345.0
Harley-Davidson VRSCAW  V-Rod,2007,Custom / cruiser,0,0,100.3,1573.0,0,303.9,16495.0
Harley-Davidson VRSCD Night Rod,2007,Custom / cruiser,0,0,108.5,1573.0,0,303.9,14995.0
Harley-Davidson VRSCDX Night Rod Special,2007,Custom / cruiser,0,0,108.5,1573.0,0,306.6,16495.0
Harley-Davidson VRSCR Street Rod,2007,Custom / cruiser,0,0,108.5,1573.0,0,297.1,15495.0
Harley-Davidson VRSCX V-Rod,2007,Custom / cruiser,0,0,116.6,1573.0,0,303.9,19995.0
Harley-Davidson XL1200C Sportster Custom,2007,Custom / cruiser,0,0,107.3,1199.6,0,267.2,9695.0
Harley-Davidson XL1200L Sportster Low,2007,Custom / cruiser,0,0,107.3,1199.6,0,263.5,9495.0
Harley-Davidson XL1200R Sportster Roadster,2007,Custom / cruiser,0,0,107.3,1199.6,0,265.4,8695.0
Harley-Davidson XL50 50th Anniversary Sportster,2007,Custom / cruiser,0,0,107.3,1199.6,0,262.2,9795.0
Harley-Davidson XL883 Sportster,2007,Custom / cruiser,0,0,74.6,882.7,0,264.4,6595.0
Harley-Davidson XL883C Sportster Custom,2007,Custom / cruiser,0,0,74.6,882.7,0,268.1,7795.0
Harley-Davidson XL883L Sportster Low,2007,Custom / cruiser,0,0,74.6,882.7,0,264.4,6995.0
Harley-Davidson XL883R Sportster R,2007,Custom / cruiser,0,0,74.6,882.7,0,266.7,7795.0
Honda 919 - Hornet 900,2007,Naked bike,0,0,0,919.0,240.0,0,8499.0
Honda CBR 1000 RR Fireblade,2007,Sport,0,0,0,998.0,220.0,0,11499.0
Honda CBR 600 RR,2007,Sport,0,0,0,599.0,220.0,0,9499.0
Honda CR 125 R,2007,Cross / motocross,0,0,0,125.0,240.0,0,5499.0
Honda CR 250 R,2007,Cross / motocross,0,0,0,249.0,240.0,0,6449.0
Honda CR 85 R,2007,Cross / motocross,0,0,0,84.7,0,0,3149.0
Honda CR 85 R Expert,2007,Cross / motocross,0,0,0,84.7,0,0,3249.0
Honda CRF 100 F,2007,Enduro / offroad,0,0,0,99.0,0,0,2369.0
Honda CRF 150 F,2007,Enduro / offroad,0,0,0,149.0,240.0,0,3149.0
Honda CRF 150 R,2007,Cross / motocross,0,0,0,149.0,190.0,0,4199.0
Honda CRF 150 R Expert,2007,Cross / motocross,0,0,0,149.0,190.0,0,4299.0
Honda CRF 230 F,2007,Enduro / offroad,0,0,0,223.0,240.0,0,3649.0
Honda CRF 250 R,2007,Cross / motocross,0,0,0,249.0,240.0,0,6349.0
Honda CRF 250 X,2007,Enduro / offroad,0,0,0,249.0,240.0,0,6599.0
Honda CRF 450 R,2007,Cross / motocross,0,0,0,449.0,240.0,0,6999.0
Honda CRF 450 X,2007,Enduro / offroad,0,0,0,449.0,240.0,0,7399.0
Honda CRF 50 F,2007,Enduro / offroad,0,0,0,49.0,0,0,1349.0
Honda CRF 70 F,2007,Enduro / offroad,0,0,0,72.0,0,0,1649.0
Honda CRF 80 F,2007,Enduro / offroad,0,0,0,80.0,0,0,2069.0
Honda Elite 80,2007,Scooter,0,0,0,80.0,0,0,2399.0
Honda Gold Wing  Airbag,2007,Touring,0,0,0,1832.0,316.0,0,24049.0
Honda Gold Wing Audio - Comfort - Navi - ABS,2007,Touring,0,0,0,1832.0,316.0,0,22799.0
Honda Gold Wing Premium Audio,2007,Touring,0,0,0,1832.0,316.0,0,19299.0
Honda Helix,2007,Scooter,0,0,0,244.0,0,0,5349.0
Honda Metropolitan,2007,Scooter,0,0,0,49.0,0,0,1899.0
Honda Nighthawk 250,2007,Naked bike,0,0,0,234.0,0,0,3599.0
Honda Rebel 250,2007,Naked bike,0,0,0,234.0,0,0,3199.0
Honda Reflex,2007,Scooter,0,0,0,249.0,220.0,0,5549.0
Honda Reflex ABS,2007,Scooter,0,0,0,249.0,220.0,0,6049.0
Honda Reflex Sport,2007,Scooter,0,0,0,249.0,220.0,0,5549.0
Honda Reflex Sport ABS,2007,Scooter,0,0,0,249.0,220.0,0,6049.0
Honda Ruckus,2007,Scooter,0,0,0,49.0,0,0,2049.0
Honda ST 1300 Pan-European,2007,Touring,0,0,0,1261.0,316.0,0,14399.0
Honda ST 1300 Pan-European ABS,2007,Sport touring,0,0,0,1261.0,316.0,0,15499.0
Honda Shadow Aero,2007,Custom / cruiser,0,0,0,745.0,180.0,0,6799.0
Honda Shadow Sabre,2007,Custom / cruiser,0,0,0,1099.0,276.0,0,8699.0
Honda Shadow Spirit,2007,Custom / cruiser,0,0,0,1099.0,0,0,8699.0
Honda Shadow Spirit 750 (VT 750 C2),2007,Custom / cruiser,0,0,0,745.0,180.0,0,6799.0
Honda Shadow Spirit 750 DC (VT 750 DC),2007,Custom / cruiser,0,0,0,745.0,296.0,0,6449.0
Honda Shadow VLX,2007,Custom / cruiser,0,0,0,583.0,0,0,5499.0
Honda Shadow VLX Deluxe,2007,Custom / cruiser,0,0,0,583.0,0,0,5799.0
Honda Silver Wing,2007,Scooter,0,0,0,582.0,240.0,0,7999.0
Honda Silver Wing ABS,2007,Scooter,0,0,0,582.0,240.0,0,8499.0
Honda VFR 800 Interceptor,2007,Sport,0,0,0,781.0,256.0,0,10599.0
Honda VFR 800 Interceptor ABS,2007,Sport,0,0,0,781.0,256.0,0,11599.0
Honda VTX 1800 C,2007,Custom / cruiser,0,0,0,1795.0,316.0,0,12899.0
Honda VTX 1800 F,2007,Custom / cruiser,0,0,0,1795.0,316.0,0,13499.0
Honda VTX 1800 N,2007,Custom / cruiser,0,0,0,1795.0,316.0,0,13699.0
Honda VTX 1800 R,2007,Custom / cruiser,0,0,0,1795.0,316.0,0,13999.0
Honda VTX 1800 T,2007,Custom / cruiser,0,0,0,1795.0,316.0,0,14899.0
Honda XR 650 L,2007,Enduro / offroad,0,0,0,644.0,0,0,5849.0
Honda XR 650 R,2007,Enduro / offroad,0,0,0,649.0,240.0,0,6349.0
Husqvarna CR125,2007,Cross / motocross,0,0,0,124.0,240.0,0,5199.0
Husqvarna SM610 Supermoto,2007,Super motard,53.0,0,0,576.0,220.0,0,7599.0
Husqvarna SMR450 Supermoto,2007,Super motard,0,0,0,449.0,320.0,0,7299.0
Husqvarna SMR510 Supermoto,2007,Super motard,0,0,0,501.0,240.0,0,7799.0
Husqvarna TC250,2007,Cross / motocross,0,0,0,249.5,240.0,0,5999.0
Husqvarna TC450,2007,Cross / motocross,0,0,0,449.0,240.0,0,6599.0
Husqvarna TC510,2007,Cross / motocross,0,0,0,501.0,240.0,0,6998.0
Husqvarna TE250,2007,Enduro / offroad,0,0,0,249.5,240.0,0,6399.0
Husqvarna TE450,2007,Enduro / offroad,0,0,0,449.0,0,0,7255.0
Husqvarna TE510,2007,Enduro / offroad,0,0,0,501.0,0,0,7499.0
Husqvarna TE610,2007,Enduro / offroad,53.0,0,0,576.0,220.0,0,7299.0
Husqvarna WR125,2007,Enduro / offroad,0,0,0,124.8,220.0,0,5299.0
Husqvarna WR250,2007,Enduro / offroad,0,0,0,249.3,220.0,0,6099.0
Johnny Pag Spyder 300,2007,Custom / cruiser,23.8,120.7,18.5,300.0,0,172.4,4099.0
Kawasaki KLR650,2007,Enduro / offroad,0,0,0,651.0,240.0,0,5199.0
Kawasaki KLX 110,2007,Enduro / offroad,0,0,0,111.0,240.0,0,1699.0
Kawasaki KLX 300R,2007,Enduro / offroad,0,0,0,292.0,240.0,0,4949.0
Kawasaki KLX250S,2007,Enduro / offroad,0,0,0,249.0,220.0,0,4799.0
Kawasaki KX 450F,2007,Cross / motocross,0,0,0,449.0,240.0,0,6849.0
Kawasaki KX100,2007,Cross / motocross,0,0,0,99.0,240.0,0,3349.0
Kawasaki KX250,2007,Cross / motocross,0,0,0,249.0,240.0,0,5999.0
Kawasaki KX250F,2007,Cross / motocross,0,0,0,249.0,240.0,0,5999.0
Kawasaki KX65,2007,Cross / motocross,0,0,0,64.7,240.0,0,2799.0
Kawasaki KX85,2007,Cross / motocross,0,0,0,84.0,240.0,0,2999.0
Kawasaki Ninja 250R,2007,Sport,0,0,24.5,248.0,260.0,0,2999.0
Kawasaki Ninja 500R,2007,Sport,0,0,0,498.0,220.0,0,5049.0
Kawasaki Ninja 650R,2007,Sport touring,71.0,220.5,65.8,649.0,220.0,196.0,6399.0
Kawasaki Ninja ZX-10R,2007,Sport,0,0,114.7,998.0,220.0,0,11249.0
Kawasaki Ninja ZX-14,2007,Sport,0,0,153.9,1352.0,0,0,11599.0
Kawasaki Ninja ZX-6R,2007,Sport,0,0,0,599.0,210.0,0,8999.0
Kawasaki Vulcan 1500 Classic,2007,Custom / cruiser,0,0,114.7,1470.0,270.0,0,9699.0
Kawasaki Vulcan 1600 Classic,2007,Custom / cruiser,0,0,0,1552.0,0,0,10699.0
Kawasaki Vulcan 1600 Mean Streak,2007,Custom / cruiser,0,0,0,1552.0,0,0,11099.0
Kawasaki Vulcan 1600 Nomad,2007,Custom / cruiser,0,0,0,1552.0,0,0,12899.0
Kawasaki Vulcan 2000,2007,Custom / cruiser,0,0,191.2,2053.0,320.0,0,13499.0
Kawasaki Vulcan 2000 Classic,2007,Custom / cruiser,0,0,191.2,2053.0,320.0,0,12999.0
Kawasaki Vulcan 2000 Classic LT,2007,Custom / cruiser,0,0,191.2,2053.0,0,0,14499.0
Kawasaki Vulcan 500 LTD,2007,Custom / cruiser,0,0,0,498.0,0,0,4999.0
Kawasaki Vulcan 900 Classic,2007,Custom / cruiser,0,0,82.4,903.0,272.0,0,7349.0
Kawasaki Vulcan 900 Classic LT,2007,Custom / cruiser,0,0,82.4,903.0,272.0,0,8549.0
Kawasaki Vulcan 900 Custom,2007,Custom / cruiser,0,0,82.4,903.0,300.0,0,7349.0
Kawasaki Z1000,2007,Naked bike,0,0,99.1,953.0,216.0,0,8649.0
Kawasaki ZZR 1400,2007,Sport,0,0,153.9,1352.0,0,0,11599.0
Kawasaki ZZR 600,2007,Sport,0,0,0,599.0,220.0,0,7294.0
Marine Turbine Technologies MTT Superbike,2007,Sport,320.0,402.3,576.3,0,320.0,0,150000.0
Moto Guzzi Breva 750,2007,Naked bike,0,0,54.7,744.0,260.0,0,8490.0
Moto Guzzi Breva V 1100,2007,Naked bike,0,0,86.5,1064.0,282.0,0,12490.0
Moto Guzzi California Vintage 1100,2007,Classic,0,0,94.0,1064.0,260.0,0,14990.0
Moto Guzzi Griso 1100,2007,Sport,0,0,94.0,1064.0,282.0,0,14990.0
Moto Guzzi Nevada Classic 750,2007,Custom / cruiser,0,0,54.7,744.0,260.0,0,8990.0
Moto Guzzi Norge 1200,2007,Touring,95.0,0,100.0,1064.0,282.0,0,14990.0
PRC (Pro Racing Cycles) LX-R,2007,Cross / motocross,0,80.5,0,49.0,80.0,0,2699.0
PRC (Pro Racing Cycles) LX-RR Works,2007,Cross / motocross,13.5,80.5,8.2,49.5,140.0,0,3699.0
Qlink Star 50,2007,Scooter,3.7,0,6.4,49.3,0,0,1799.0
Rhino Predator S,2007,Custom / cruiser,0,0,0,1565.0,0,0,15995.0
Ridley Auto-Glide Classic,2007,Custom / cruiser,0,0,0,738.0,0,0,15600.0
Suzuki Bandit 1250,2007,Naked bike,0,0,0,1254.8,0,0,8299.0
Suzuki Bandit 1250 ABS,2007,Naked bike,0,0,0,1254.8,0,0,8799.0
Suzuki Boulevard C50,2007,Custom / cruiser,0,0,0,819.4,0,0,6799.0
Suzuki Boulevard C50 Black,2007,Custom / cruiser,0,0,0,819.4,0,0,6699.0
Suzuki Boulevard C50C,2007,Custom / cruiser,0,0,0,819.4,0,0,7099.0
Suzuki Boulevard C50T,2007,Touring,0,0,0,819.4,0,0,7949.0
Suzuki Boulevard C90,2007,Custom / cruiser,0,0,0,1474.9,0,0,10499.0
Suzuki Boulevard C90 Black,2007,Custom / cruiser,0,0,0,1474.9,0,0,10299.0
Suzuki Boulevard C90T,2007,Touring,0,0,0,1474.9,0,0,11499.0
Suzuki Boulevard M109R,2007,Custom / cruiser,0,0,0,1783.0,0,0,12599.0
Suzuki Boulevard M109R Limited Edition,2007,Custom / cruiser,0,0,0,1783.0,0,0,12999.0
Suzuki Boulevard M50,2007,Custom / cruiser,0,0,0,819.4,0,0,6899.0
Suzuki Boulevard M50 Limited,2007,Custom / cruiser,0,0,0,819.0,0,0,6999.0
Suzuki Boulevard S40,2007,Custom / cruiser,0,0,0,655.5,0,0,4399.0
Suzuki Boulevard S50,2007,Custom / cruiser,0,0,0,819.4,0,0,6499.0
Suzuki Boulevard S83,2007,Custom / cruiser,0,0,0,1360.2,0,0,8499.0
Suzuki Burgman 400,2007,Scooter,0,0,0,400.0,0,0,5899.0
Suzuki Burgman 650,2007,Scooter,0,0,0,638.0,0,0,7799.0
Suzuki Burgman 650 Exec,2007,Scooter,0,0,0,638.0,0,0,8799.0
Suzuki DR 200 SE,2007,Enduro / offroad,0,0,0,199.0,0,0,3949.0
Suzuki DR 650 SE,2007,Super motard,0,0,0,644.0,0,0,5099.0
Suzuki DR-Z 125,2007,Enduro / offroad,0,0,0,124.0,0,0,2299.0
Suzuki DR-Z 125 L,2007,Enduro / offroad,0,0,0,124.0,0,0,2499.0
Suzuki DR-Z 250,2007,Enduro / offroad,0,0,0,249.0,0,0,4399.0
Suzuki DR-Z 400 E,2007,Enduro / offroad,0,0,0,398.0,0,0,5199.0
Suzuki DR-Z 400 S,2007,Enduro / offroad,0,0,0,398.0,0,0,5599.0
Suzuki DR-Z 400 SM,2007,Super motard,0,0,0,398.0,0,0,6199.0
Suzuki GS 500 F,2007,Sport,0,0,0,487.0,0,0,5199.0
Suzuki GSX-R 1000,2007,Sport,0,0,0,999.0,0,0,11399.0
Suzuki GSX-R 600,2007,Sport,0,0,0,599.0,0,0,8899.0
Suzuki GSX-R 750,2007,Sport,0,0,0,749.0,0,0,10199.0
Suzuki GZ 250,2007,Allround,0,0,0,249.0,0,0,3249.0
Suzuki Hayabusa 1300,2007,Sport,0,0,0,1299.0,0,0,11149.0
Suzuki RM 125,2007,Cross / motocross,0,0,0,124.0,0,0,5099.0
Suzuki RM 250,2007,Cross / motocross,0,0,0,249.0,0,0,6099.0
Suzuki RM 85,2007,Cross / motocross,0,0,0,84.7,0,0,3099.0
Suzuki RM 85 L,2007,Cross / motocross,0,0,0,84.7,0,0,3199.0
Suzuki RM-Z 250,2007,Cross / motocross,0,0,0,249.0,0,0,5999.0
Suzuki RM-Z 450,2007,Cross / motocross,0,0,0,449.0,0,0,6799.0
Suzuki RM-Z 450 Carmichael Replica,2007,Cross / motocross,0,0,0,449.0,0,0,6999.0
Suzuki SV 1000 S,2007,Naked bike,0,0,0,996.0,0,0,8699.0
Suzuki SV 650,2007,Naked bike,0,0,0,645.0,0,0,5999.0
Suzuki SV 650 ABS,2007,Naked bike,0,0,0,645.0,0,0,6999.0
Suzuki SV 650 S,2007,Naked bike,0,0,0,645.0,0,0,6499.0
Suzuki SV 650 S ABS,2007,Naked bike,0,0,0,645.0,0,0,7399.0
Suzuki V-Strom 1000,2007,Naked bike,0,0,0,996.0,0,0,8999.0
Suzuki V-Strom 650,2007,Naked bike,0,0,0,645.0,0,0,6699.0
Suzuki V-Strom 650 ABS,2007,Naked bike,0,0,0,645.0,0,0,7199.0
Tomberlin MadAss,2007,Scooter,2.7,0,0,49.5,0,0,1599.0
UM DTF-110,2007,Enduro / offroad,0,0,0,107.0,221.0,0,1449.0
UM DTF-150,2007,Enduro / offroad,0,0,0,149.0,190.0,0,1899.0
UM DTF-200,2007,Enduro / offroad,0,0,0,196.4,241.0,0,2799.0
UM DTF-50,2007,Minibike-cross,0,0,0,49.0,183.0,0,999.0
UM DTF-90,2007,Enduro / offroad,0,0,0,86.0,221.0,0,1299.0
UM Matrix 150 XX,2007,Scooter,0,0,0,149.1,216.0,0,2199.0
UM PowerMax 150 XX,2007,Scooter,0,0,0,149.0,221.0,0,1899.0
UM SMF-200,2007,Super motard,0,0,0,196.0,267.0,0,2799.0
UM V2C-250T,2007,Custom / cruiser,0,0,0,249.0,300.0,0,3499.0
UM V2S-250R,2007,Sport,0,0,0,249.0,0,0,3699.0
UM V2S-650,2007,Naked bike,0,0,0,647.0,0,0,5199.0
UM V2S-650R,2007,Sport,0,0,0,647.0,0,0,5999.0
UM X-Peed 50R,2007,Scooter,0,0,0,49.0,163.0,0,1849.0
Ural Gear-Up 750,2007,Classic,40.0,0,52.0,745.0,0,0,10999.0
Ural Patrol 750,2007,Sport,40.0,0,52.0,745.0,0,0,9999.0
Ural Retro 750,2007,Classic,40.0,0,52.0,749.0,0,0,10895.0
Ural Tourist 750,2007,Classic,40.0,0,52.0,745.0,0,0,8995.0
Ural Tourist LX,2007,Classic,40.0,105.0,52.0,745.0,0,0,9595.0
Ural Wolf 750,2007,Sport,40.0,0,52.0,749.0,0,0,5995.0
Vento Colt,2007,Custom / cruiser,24.1,0,0,249.0,0,0,2999.0
Vento Phantera,2007,Scooter,9.4,0,8.5,150.0,0,0,1799.0
Vento Phantom Li,2007,Scooter,9.4,0,8.5,150.0,0,0,1699.0
Vento Phantom R4i,2007,Scooter,9.4,0,8.5,150.0,0,0,1699.0
Vento Triton R4,2007,Scooter,4.9,0,9.2,49.0,0,0,1599.0
Vento V-Thunder XL,2007,Custom / cruiser,24.1,0,0,249.0,0,0,3699.0
Vento Zip r3i TurboCam,2007,Scooter,4.9,0,9.2,49.0,0,0,1399.0
Victory Hammer,2007,Custom / cruiser,0,0,0,1634.0,300.0,0,16899.0
Victory Hammer S,2007,Custom / cruiser,0,0,0,1634.0,300.0,0,19749.0
Victory Kingpin Tour,2007,Touring,0,0,0,1634.0,300.0,0,17999.0
Victory Ness Signature Series,2007,Custom / cruiser,0,0,0,1634.0,300.0,0,22999.0
Victory Vegas 8-Ball,2007,Custom / cruiser,0,0,0,1639.0,300.0,0,13399.0
Yamaha C3,2007,Scooter,0,0,0,49.0,110.0,0,1999.0
Yamaha FJR 1300 A,2007,Sport touring,0,0,0,1298.0,282.0,0,13799.0
Yamaha FJR 1300 AE,2007,Sport touring,0,0,0,1298.0,282.0,0,15599.0
Yamaha FZ1,2007,Sport,0,0,0,998.0,245.0,0,9199.0
Yamaha FZ6,2007,Sport,0,0,0,600.0,245.0,0,6849.0
Yamaha Majesty 400,2007,Scooter,0,0,0,395.0,267.0,0,5799.0
Yamaha Midnight Warrior,2007,Custom / cruiser,0,0,0,1671.6,282.0,0,12749.0
Yamaha Morphous,2007,Scooter,0,0,0,249.0,0,0,5199.0
Yamaha PW 50,2007,Enduro / offroad,0,0,0,49.0,0,0,1099.0
Yamaha Road Star,2007,Custom / cruiser,0,0,0,1671.6,0,0,11399.0
Yamaha Road Star Midnight,2007,Custom / cruiser,0,0,0,1671.6,320.0,0,12099.0
Yamaha Road Star Midnight Silverado,2007,Custom / cruiser,0,0,0,1671.6,320.0,0,13599.0
Yamaha Road Star Silverado,2007,Custom / cruiser,0,0,0,1671.6,320.0,0,13099.0
Yamaha Roadliner,2007,Custom / cruiser,0,0,0,1851.9,320.0,0,13580.0
Yamaha Roadliner Midnight,2007,Custom / cruiser,0,0,0,1851.9,320.0,0,13880.0
Yamaha Roadliner S,2007,Custom / cruiser,0,0,0,1851.9,320.0,0,14780.0
Yamaha Royal Star Tour Deluxe,2007,Custom / cruiser,0,0,0,1294.7,320.0,0,14299.0
Yamaha Royal Star Venture,2007,Custom / cruiser,0,0,0,1294.7,320.0,0,17099.0
Yamaha Stratoliner,2007,Custom / cruiser,0,0,0,1851.9,320.0,0,15280.0
Yamaha Stratoliner Midnight,2007,Custom / cruiser,0,0,0,1851.9,320.0,0,15480.0
Yamaha Stratoliner S,2007,Custom / cruiser,0,0,0,1851.9,320.0,0,16580.0
Yamaha TT-R 125 E,2007,Enduro / offroad,0,0,0,124.0,110.0,0,2499.0
Yamaha TT-R 125 L,2007,Enduro / offroad,0,0,0,124.0,110.0,0,2799.0
Yamaha TT-R 125 LE,2007,Enduro / offroad,0,0,0,124.0,110.0,0,2799.0
Yamaha TT-R 230,2007,Enduro / offroad,0,0,0,223.0,130.0,0,3449.0
Yamaha TT-R 50 E,2007,Enduro / offroad,0,0,0,49.0,0,0,1149.0
Yamaha TT-R 90 E,2007,Enduro / offroad,0,0,0,89.0,110.0,0,1749.0
Yamaha TW 200,2007,Enduro / offroad,0,0,0,196.0,110.0,0,3799.0
Yamaha V Star 1100 Classic,2007,Custom / cruiser,0,0,0,1065.2,282.0,0,8899.0
Yamaha V Star 1100 Custom,2007,Custom / cruiser,0,0,0,1065.2,282.0,0,8599.0
Yamaha V Star 1100 Silverado,2007,Custom / cruiser,0,0,0,1065.2,282.0,0,9899.0
Yamaha V Star 1300,2007,Custom / cruiser,0,0,0,1311.1,298.0,0,10090.0
Yamaha V Star 1300 Tourer,2007,Touring,0,0,0,1311.1,298.0,0,11190.0
Yamaha V Star Classic,2007,Custom / cruiser,0,0,0,655.5,200.0,0,6199.0
Yamaha V Star Custom,2007,Custom / cruiser,0,0,0,655.5,200.0,0,5899.0
Yamaha V Star Silverado,2007,Custom / cruiser,0,0,0,655.5,200.0,0,7299.0
Yamaha V-Max,2007,Naked bike,0,0,0,1198.0,282.0,0,11199.0
Yamaha Vino 125,2007,Scooter,0,0,0,124.0,110.0,0,2549.0
Yamaha Vino Classic,2007,Scooter,0,0,0,49.0,110.0,0,1899.0
Yamaha Virago 250,2007,Custom / cruiser,0,0,0,249.0,130.0,0,3499.0
Yamaha WR 250 F,2007,Enduro / offroad,0,0,0,250.0,245.0,0,6399.0
Yamaha WR 450 F,2007,Enduro / offroad,0,0,0,449.0,245.0,0,7199.0
Yamaha Warrior,2007,Custom / cruiser,0,0,0,1671.6,282.0,0,12549.0
Yamaha XT 225,2007,Enduro / offroad,0,0,0,223.0,110.0,0,4199.0
Yamaha YZ 125,2007,Cross / motocross,0,0,0,124.0,245.0,0,5499.0
Yamaha YZ 250,2007,Cross / motocross,0,0,0,249.0,245.0,0,6299.0
Yamaha YZ 250 F,2007,Cross / motocross,0,0,0,250.0,245.0,0,6149.0
Yamaha YZ 450 F,2007,Cross / motocross,0,0,0,449.0,245.0,0,6999.0
Yamaha YZ 85,2007,Cross / motocross,0,0,0,84.7,146.0,0,3149.0
Yamaha YZF 600 R,2007,Sport,0,0,0,599.0,245.0,0,7099.0
Yamaha YZF-R1,2007,Sport,0,0,0,998.0,220.0,0,11599.0
Yamaha YZF-R6,2007,Sport,0,0,0,599.0,220.0,0,9299.0
Yamaha YZF-R6S,2007,Sport,0,0,0,600.0,220.0,0,8299.0
Zongshen SC125,2007,Scooter,8.0,112.7,0.7,125.0,0,136.1,1000.0
ATK Enduro,2006,Enduro / offroad,48.0,0,0,449.0,220.0,0,7895.0
BMW K1200 GT,2006,Touring,0,0,0,1157.0,0,0,18800.0
Buell Blast,2006,Naked bike,34.0,0,41.0,491.6,0,0,4695.0
Buell Firebolt XB12R,2006,Sport,103.0,0,113.9,73.4,0,0,10495.0
Buell Firebolt XB9R,2006,Sport,92.0,0,94.9,984.0,240.0,0,8895.0
Buell Lightning XB12S,2006,Naked bike,103.0,0,113.9,1202.9,0,0,10495.0
Buell Lightning XB12Scg,2006,Naked bike,103.0,0,113.9,1203.0,0,0,10495.0
Buell Lightning XB12Ss,2006,Naked bike,103.0,0,113.9,1203.0,0,0,10495.0
Buell Lightning XB9SX,2006,Naked bike,92.0,0,94.9,60.0,0,0,8895.0
Buell Ulysses XB12X,2006,Enduro / offroad,103.0,0,113.9,1202.9,0,0,11495.0
CF Moto V3,2006,Sport,18.0,128.7,16.5,250.0,0,0,3499.0
CF Moto V5,2006,Sport,18.0,128.7,16.5,250.0,0,0,3499.0
CPI GTR150,2006,Sport,12.0,104.6,0,152.0,0,0,2999.0
Diamo Aero GTX 50,2006,Scooter,3.5,48.3,0,49.5,0,0,1695.0
Diamo Cruiser V-Twin 250,2006,Custom / cruiser,16.3,125.5,0,248.0,0,0,2995.0
Diamo Fury 150,2006,Scooter,10.0,104.6,0,149.0,0,0,2495.0
Diamo Retro 150,2006,Scooter,10.0,104.6,0,149.0,0,0,2195.0
Diamo Tracer 150,2006,Scooter,10.0,104.6,0,149.0,0,0,2395.0
Diamo Tracer 250,2006,Scooter,17.0,128.7,0,248.0,0,0,3495.0
Diamo Turista 260,2006,Scooter,18.4,128.7,0,258.0,0,0,3995.0
Diamo Velux 150,2006,Scooter,10.0,96.6,0,150.0,0,0,3395.0
Diamo Velux 250 Convertible,2006,Scooter,17.0,96.6,0,250.0,0,0,4495.0
Ecosse The Heretic,2006,Naked bike,174.3,0,137.0,1966.6,260.0,0,64800.0
Enfield Bullet 350 Classic,2006,Classic,18.0,110.0,0,346.0,0,0,3795.0
Enfield Bullet 500 Classic,2006,Classic,22.0,125.0,3.5,499.0,0,0,4795.0
Enfield Bullet 500 Deluxe,2006,Classic,22.0,125.0,3.5,499.0,0,0,4795.0
Enfield Bullet 500 Military,2006,Classic,22.0,125.0,3.5,499.0,0,0,4795.0
Harley-Davidson FLHRCI Road King Classic,2006,Custom / cruiser,0,0,116.6,1442.2,0,336.1,17495.0
Harley-Davidson FLHRI Road King,2006,Custom / cruiser,0,0,116.6,1442.2,0,342.0,16995.0
Harley-Davidson FLHRS Road King Custom,2006,Custom / cruiser,0,0,116.6,1442.2,0,341.1,17195.0
Harley-Davidson FLHRSI Road King Custom,2006,Custom / cruiser,0,292.0,116.6,1442.2,292.0,341.1,17195.0
Harley-Davidson FLHT Electra Glide Standard,2006,Custom / cruiser,0,0,116.6,1442.2,0,357.9,15395.0
Harley-Davidson FLHTCI Electra Glide Classic,2006,Custom / cruiser,0,0,116.6,1442.2,0,366.0,17995.0
Harley-Davidson FLHTCUI Ultra Classic Electra Glide,2006,Custom / cruiser,0,0,116.6,1442.2,0,371.5,19795.0
Harley-Davidson FLHTCUSE Screamin Eagle Ultra Classic Electra Glide,2006,Custom / cruiser,0,0,135.6,1688.0,0,401.4,31995.0
Harley-Davidson FLHTI Electra Glide Standard,2006,Custom / cruiser,0,0,116.6,1442.2,0,357.9,15395.0
Harley-Davidson FLHX Street Glide,2006,Custom / cruiser,0,0,116.6,1442.2,0,352.0,17795.0
Harley-Davidson FLHXI Street Glide,2006,Custom / cruiser,0,0,116.6,1442.2,0,352.0,17795.0
Harley-Davidson FLST Heritage Softail,2006,Custom / cruiser,0,0,115.3,1442.2,0,318.9,15595.0
Harley-Davidson FLSTC Heritage Softail Classic,2006,Custom / cruiser,0,0,115.3,1442.2,292.0,340.2,17395.0
Harley-Davidson FLSTCI Heritage Softail Classic,2006,Custom / cruiser,0,0,115.3,1442.2,0,340.2,17395.0
Harley-Davidson FLSTF Fat Boy,2006,Custom / cruiser,0,0,115.3,1442.2,0,323.9,16645.0
Harley-Davidson FLSTFI Fat Boy,2006,Custom / cruiser,0,0,115.3,1442.2,0,323.9,16545.0
Harley-Davidson FLSTFSE Screamin Eagle Fat Boy,2006,Custom / cruiser,0,0,130.2,1688.0,0,335.7,28495.0
Harley-Davidson FLSTI Heritage Softail,2006,Custom / cruiser,0,0,115.3,1442.2,0,318.9,15495.0
Harley-Davidson FLSTN Softail Deluxe,2006,Custom / cruiser,0,0,115.3,1442.2,292.0,328.4,16995.0
Harley-Davidson FLSTNI Softail Deluxe,2006,Custom / cruiser,0,0,115.3,1442.2,0,328.4,16995.0
Harley-Davidson FLSTSC Softail Springer Classic,2006,Custom / cruiser,0,0,115.3,1442.2,0,336.1,17195.0
Harley-Davidson FLSTSCI Softail Springer Classic,2006,Custom / cruiser,0,0,115.3,1442.2,0,336.1,17195.0
Harley-Davidson FLTRI Road Glide,2006,Custom / cruiser,8.8,0,116.6,1442.2,0,345.6,17495.0
Harley-Davidson FXDBI Street Bob,2006,Custom / cruiser,0,0,115.3,1442.2,0,302.5,13195.0
Harley-Davidson FXDCI Dyna Super Glide Custom,2006,Custom / cruiser,0,0,115.3,1442.2,0,303.9,14195.0
Harley-Davidson FXDI Dyna Super Glide,2006,Custom / cruiser,0,0,115.3,1442.2,0,300.7,12195.0
Harley-Davidson FXDI35 35th Anniversary Dyna Super Glide,2006,Custom / cruiser,0,0,115.3,1442.2,0,306.6,16795.0
Harley-Davidson FXDLI Dyna Low Rider,2006,Custom / cruiser,0,0,115.3,1442.2,0,304.8,15620.0
Harley-Davidson FXDWGI Dyna Wide Glide,2006,Custom / cruiser,0,0,115.3,1442.2,0,307.5,16620.0
Harley-Davidson FXST Softail Standard,2006,Custom / cruiser,0,0,115.3,1442.2,0,309.3,14495.0
Harley-Davidson FXSTB Night Train,2006,Custom / cruiser,0,0,115.3,1442.2,0,309.3,15445.0
Harley-Davidson FXSTBI Night Train,2006,Custom / cruiser,0,0,115.3,1442.2,292.0,309.3,15645.0
Harley-Davidson FXSTD Softail Deuce,2006,Custom / cruiser,0,0,115.3,1442.2,292.0,309.3,16995.0
Harley-Davidson FXSTDI Softail Deuce,2006,Custom / cruiser,0,0,115.3,1442.2,0,309.3,16995.0
Harley-Davidson FXSTI Softail Standard,2006,Custom / cruiser,0,0,115.3,1442.2,0,309.3,14495.0
Harley-Davidson FXSTS Softail Springer,2006,Custom / cruiser,0,0,115.3,1442.2,0,314.8,17145.0
Harley-Davidson FXSTSI Softail Springer,2006,Custom / cruiser,0,0,115.3,1442.2,0,314.8,17145.0
Harley-Davidson VRSCA V-Rod,2006,Custom / cruiser,0,0,100.3,1130.8,0,282.1,16945.0
Harley-Davidson VRSCD Night Rod,2006,Custom / cruiser,0,0,108.5,1130.8,292.0,285.3,14995.0
Harley-Davidson VRSCR Street Rod,2006,Custom / cruiser,0,0,108.5,1130.8,0,297.1,15495.0
Harley-Davidson VRSCSE Screamin Eagle V-Rod,2006,Custom / cruiser,0,0,116.6,1179.9,0,308.0,26495.0
Harley-Davidson XL 1200C Sportster 1200 Custom,2006,Custom / cruiser,0,0,107.1,1199.6,0,260.8,9595.0
Harley-Davidson XL 1200L Sportster 1200 Low,2006,Custom / cruiser,0,0,107.1,1199.6,0,260.8,9395.0
Harley-Davidson XL 1200R Sportster 1200 Roadster,2006,Custom / cruiser,0,0,107.1,1199.6,0,261.7,8595.0
Harley-Davidson XL 883 L Sportster 883 Low,2006,Custom / cruiser,0,0,69.2,882.7,292.0,260.4,6995.0
Harley-Davidson XL 883 Sportster 883,2006,Custom / cruiser,0,0,69.2,882.7,292.0,260.4,6595.0
Harley-Davidson XL 883C Sportster 883 Custom,2006,Custom / cruiser,0,0,69.2,882.7,292.0,262.6,7695.0
Harley-Davidson XL 883R Sportster 883 R,2006,Custom / cruiser,0,0,69.2,882.7,292.0,262.6,7695.0
Honda 599,2006,Naked bike,0,0,0,599.0,220.0,0,7399.0
Honda 919,2006,Naked bike,0,0,0,919.0,240.0,0,8399.0
Honda Big Ruckus,2006,Scooter,0,0,0,249.0,160.0,0,5499.0
Honda CB 250 Nighthawk,2006,Allround,0,0,0,234.0,0,0,3599.0
Honda CBR 1000 RR Fireblade,2006,Sport,169.5,0,114.5,998.0,220.0,0,11299.0
Honda CBR 600 F4i,2006,Sport,0,0,0,599.0,220.0,0,8499.0
Honda CBR 600 RR,2006,Sport,0,0,0,599.0,220.0,0,8999.0
Honda CR 125 R,2006,Cross / motocross,0,0,0,125.0,240.0,0,5449.0
Honda CR 250 R,2006,Cross / motocross,0,0,0,249.0,240.0,0,6399.0
Honda CR 85 R,2006,Cross / motocross,0,0,0,84.7,0,0,3099.0
Honda CR 85 R Expert,2006,Cross / motocross,0,0,0,84.7,0,0,3199.0
Honda CRF 100 F,2006,Enduro / offroad,0,0,0,99.0,0,0,2319.0
Honda CRF 150 F,2006,Enduro / offroad,0,0,0,149.0,240.0,0,3099.0
Honda CRF 230 F,2006,Enduro / offroad,0,0,0,223.0,240.0,0,3599.0
Honda CRF 250 R,2006,Cross / motocross,0,0,0,249.0,240.0,0,6299.0
Honda CRF 250 X,2006,Enduro / offroad,0,0,0,249.0,240.0,0,6399.0
Honda CRF 450 R,2006,Cross / motocross,0,0,0,449.0,240.0,0,6899.0
Honda CRF 450 X,2006,Enduro / offroad,0,0,0,449.0,240.0,0,7199.0
Honda CRF 50 F,2006,Enduro / offroad,0,0,0,49.0,0,0,1299.0
Honda CRF 70 F,2006,Enduro / offroad,0,0,0,72.0,0,0,1599.0
Honda CRF 80 F,2006,Enduro / offroad,0,0,0,80.0,0,0,2019.0
Honda Elite 80,2006,Scooter,0,0,0,80.0,0,0,2349.0
Honda Gold Wing Audio Comfort,2006,Touring,0,0,0,1832.0,316.0,0,19499.0
Honda Gold Wing Audio Comfort Navi,2006,Touring,0,0,0,1832.0,316.0,0,21499.0
Honda Gold Wing Audio Comfort Navi ABS,2006,Touring,0,0,0,1832.0,316.0,0,22499.0
Honda Gold Wing Premium Audio,2006,Touring,0,0,0,1832.0,316.0,0,18999.0
Honda Helix,2006,Scooter,0,0,0,244.0,0,0,5299.0
Honda Metropolitan,2006,Scooter,0,0,0,49.0,0,0,1849.0
Honda Metropolitan II,2006,Scooter,0,0,0,49.0,0,0,1849.0
Honda RC51,2006,Sport,0,0,0,999.0,220.0,0,11999.0
Honda Rebel,2006,Allround,0,0,0,234.0,0,0,3099.0
Honda Reflex,2006,Scooter,0,0,0,249.0,220.0,0,5499.0
Honda Reflex ABS,2006,Scooter,0,0,0,249.0,220.0,0,5999.0
Honda Reflex Sport,2006,Scooter,0,0,0,249.0,220.0,0,5499.0
Honda Reflex Sport ABS,2006,Scooter,0,0,0,249.0,220.0,0,5999.0
Honda Ruckus,2006,Scooter,0,0,0,49.0,0,0,1999.0
Honda Shadow Aero,2006,Custom / cruiser,0,0,0,745.0,180.0,0,6599.0
Honda Shadow Sabre,2006,Custom / cruiser,0,0,0,1099.0,276.0,0,8599.0
Honda Shadow Spirit,2006,Custom / cruiser,0,0,0,1099.0,0,0,8599.0
Honda Shadow Spirit 750,2006,Custom / cruiser,0,0,0,745.0,296.0,0,6399.0
Honda Shadow VLX,2006,Custom / cruiser,0,0,0,583.0,0,0,5399.0
Honda Shadow VLX Deluxe,2006,Custom / cruiser,0,0,0,583.0,0,0,5699.0
Honda Silver Wing,2006,Scooter,0,0,0,582.0,240.0,0,7949.0
Honda Silver Wing ABS,2006,Scooter,0,0,0,582.0,240.0,0,8499.0
Honda VFR 800 Interceptor,2006,Sport,0,0,0,781.0,256.0,0,10499.0
Honda VFR 800 Interceptor ABS,2006,Sport,0,0,0,781.0,256.0,0,11499.0
Honda VTX 1300,2006,Custom / cruiser,0,0,0,1312.0,296.0,0,9599.0
Honda VTX 1300 R,2006,Custom / cruiser,0,0,0,1312.0,296.0,0,9599.0
Honda VTX 1300 S,2006,Custom / cruiser,0,0,0,1312.0,296.0,0,9599.0
Honda VTX 1800 Classic Style,2006,Custom / cruiser,0,0,0,1795.0,316.0,0,13599.0
Honda VTX 1800 Neo Retro,2006,Custom / cruiser,0,0,0,1795.0,316.0,0,13699.0
Honda VTX 1800 Performance Cruiser,2006,Custom / cruiser,0,0,0,1795.0,316.0,0,13199.0
Honda VTX 1800 Retro Cruiser,2006,Custom / cruiser,0,0,0,1795.0,316.0,0,13399.0
Honda VTX 1800 Sport Cruiser,2006,Custom / cruiser,0,0,0,1795.0,316.0,0,13499.0
Honda XR 650 L,2006,Enduro / offroad,0,0,0,644.0,0,0,5799.0
Honda XR 650 R,2006,Enduro / offroad,0,0,0,649.0,240.0,0,6299.0
Husqvarna CR 125,2006,Cross / motocross,0,0,0,124.0,240.0,0,5199.0
Husqvarna SMR 450,2006,Super motard,0,0,0,449.0,320.0,0,7299.0
Husqvarna SMR 510,2006,Super motard,0,0,0,501.0,240.0,0,7699.0
Husqvarna TC 250,2006,Cross / motocross,0,0,0,249.5,240.0,0,5999.0
Husqvarna TC 450,2006,Cross / motocross,0,0,0,449.0,240.0,0,6599.0
Husqvarna TC 510,2006,Cross / motocross,0,0,0,501.0,240.0,0,6998.0
Husqvarna TE 250,2006,Enduro / offroad,0,0,0,249.5,240.0,0,6399.0
Husqvarna TE 510,2006,Enduro / offroad,0,0,0,501.0,0,0,7399.0
Husqvarna TE 610,2006,Enduro / offroad,53.0,0,0,576.0,220.0,0,7199.0
Husqvarna WR 125,2006,Enduro / offroad,0,0,0,124.8,220.0,0,5299.0
Husqvarna WR 250,2006,Enduro / offroad,0,0,0,249.3,220.0,0,6099.0
Kawasaki Eliminator 125,2006,Custom / cruiser,0,0,9.9,124.0,250.0,0,2649.0
Kawasaki GT 125 R,2006,Sport,14.2,0,0,125.0,125.0,0,2949.0
Kawasaki GT 250 R,2006,Sport,27.8,0,0,249.0,250.0,0,3049.0
Kawasaki KLR 650,2006,Super motard,0,0,0,651.0,0,0,5199.0
Kawasaki KLX 250 R,2006,Super motard,0,0,0,249.0,0,0,4699.0
Kawasaki KX 100,2006,Cross / motocross,0,0,0,99.0,0,0,3349.0
Kawasaki KX 250,2006,Cross / motocross,0,0,0,249.0,240.0,0,5999.0
Kawasaki KX 250 F,2006,Cross / motocross,0,0,0,249.0,240.0,0,5899.0
Kawasaki KX 450 F,2006,Cross / motocross,0,0,0,449.0,240.0,0,6799.0
Kawasaki KX 65,2006,Cross / motocross,0,0,0,64.7,0,0,2799.0
Kawasaki KX 85,2006,Cross / motocross,0,0,0,84.0,0,0,2999.0
Kawasaki Ninja 250 R,2006,Sport,0,0,24.5,248.0,230.0,0,2999.0
Kawasaki Ninja ZX-10 R,2006,Sport,0,0,0,998.0,220.0,0,11199.0
Kawasaki Ninja ZX-14,2006,Sport,187.0,0,0,1352.0,0,0,11499.0
Kawasaki Ninja ZX-6 R,2006,Sport,0,0,68.9,599.0,0,0,8899.0
Kawasaki Ninja ZX-6RR,2006,Sport,98.0,297.7,68.9,599.0,220.0,0,8899.0
Kawasaki Vulcan 1500 Classic,2006,Custom / cruiser,0,0,113.8,1470.0,270.0,0,9799.0
Kawasaki Vulcan 1600 Classic,2006,Custom / cruiser,0,0,0,1552.0,0,0,10599.0
Kawasaki Vulcan 1600 Mean Streak,2006,Custom / cruiser,0,0,127.9,1552.0,300.0,0,10999.0
Kawasaki Vulcan 1600 Nomad,2006,Custom / cruiser,0,0,127.5,1552.0,300.0,0,12999.0
Kawasaki Vulcan 2000,2006,Custom / cruiser,0,0,191.2,2053.0,320.0,0,13499.0
Kawasaki Vulcan 2000 Classic,2006,Custom / cruiser,0,0,191.2,2053.0,320.0,0,12999.0
Kawasaki Vulcan 2000 Classic LT,2006,Custom / cruiser,0,0,191.2,2053.0,320.0,0,14499.0
Kawasaki Vulcan 2000 Limited,2006,Custom / cruiser,0,0,191.2,2053.0,320.0,0,14999.0
Kawasaki Vulcan 500 LTD,2006,Custom / cruiser,0,0,44.7,498.0,0,0,4899.0
Kawasaki Vulcan 750,2006,Custom / cruiser,0,0,0,749.0,0,0,6299.0
Kawasaki Vulcan 800 Drifter,2006,Custom / cruiser,0,0,0,805.0,0,0,7399.0
Kawasaki Vulcan 900 Classic,2006,Custom / cruiser,0,0,0,903.0,270.0,0,7299.0
Kawasaki Vulcan 900 Classic LT,2006,Custom / cruiser,0,0,0,903.0,0,0,8499.0
Kawasaki Z 1000,2006,Naked bike,0,0,95.6,953.0,220.0,0,8499.0
Kawasaki Z 750,2006,Naked bike,50.0,0,0,675.0,160.0,0,2006.0
Kawasaki Z 750 S,2006,Naked bike,0,0,74.6,748.0,220.0,0,7099.0
Kawasaki ZZR 1400,2006,Sport,187.0,0,0,1352.0,0,0,11499.0
Kawasaki ZZR 600,2006,Sport,0,0,0,599.0,220.0,0,7299.0
Lem LX 1,2006,Minibike-cross,0,0,0,49.8,0,0,1899.0
Lem LX 2 Sport,2006,Minibike-cross,0,0,0,49.8,0,0,2150.0
Lem LX 4,2006,Minibike-cross,0,0,0,49.8,0,0,3149.0
Lem LX3 Sport,2006,Minibike-cross,0,0,0,49.8,0,0,2350.0
Lem R2,2006,Minibike-cross,11.5,0,0,49.8,0,0,4550.0
Lem R3,2006,Minibike-cross,12.8,0,0,49.8,0,0,4645.0
Linhai Matrex 50 cc,2006,Scooter,0,0,0,49.6,0,0,1057.0
Marine Turbine Technologies Superbike,2006,Sport,320.0,365.3,576.3,0,320.0,0,150000.0
Moto Guzzi Breva 1100,2006,Sport,91.0,0,94.9,1064.0,282.0,0,12490.0
Moto Guzzi Breva V750 IE,2006,Sport,48.0,0,59.0,744.0,260.0,0,8490.0
Moto Guzzi California Aluminium,2006,Custom / cruiser,74.0,0,94.9,1064.0,282.0,0,11490.0
Moto Guzzi California EV,2006,Touring,74.0,0,94.9,1064.0,282.0,0,12490.0
Moto Guzzi California EV Touring,2006,Touring,74.0,0,94.9,1064.0,282.0,0,13490.0
Moto Guzzi California Stone,2006,Custom / cruiser,74.0,0,94.9,1064.0,282.0,0,9990.0
Moto Guzzi California Stone Touring,2006,Touring,74.0,0,94.9,1064.0,282.0,0,10490.0
Moto Guzzi California Titanium,2006,Custom / cruiser,74.0,0,94.9,1064.0,282.0,0,11690.0
Moto Guzzi Griso,2006,Sport,88.0,0,94.9,1064.0,282.0,0,13490.0
Moto Guzzi LeMans Nero Corsa,2006,Sport touring,91.0,0,94.9,1064.0,282.0,0,14490.0
Moto Guzzi MGS-01 Corsa,2006,Sport,122.0,0,112.8,1225.0,220.0,0,24990.0
Moto Guzzi Nevada Classic 750 IE,2006,Custom / cruiser,46.0,0,57.0,744.0,260.0,0,8990.0
Moto Guzzi V11 Ballabio,2006,Naked bike,91.0,0,94.9,1064.0,282.0,0,11490.0
Moto Guzzi V11 Cafe Sport,2006,Naked bike,91.0,0,94.9,1064.0,282.0,0,14490.0
Moto Guzzi V11 Copa Italia,2006,Naked bike,91.0,0,94.9,1064.0,282.0,0,14990.0
Moto Guzzi V11 Le Mans,2006,Sport touring,91.0,0,94.9,1064.0,282.0,0,11990.0
Moto Guzzi V11 Naked,2006,Naked bike,91.0,0,94.9,1064.0,282.0,0,10990.0
PRC (Pro Racing Cycles) LX-RR Works,2006,Cross / motocross,13.5,80.5,8.2,50.0,140.0,0,4999.0
PRC (Pro Racing Cycles) Phantom LX 50,2006,Cross / motocross,10.0,56.3,5.0,49.0,80.0,0,1899.0
PRC (Pro Racing Cycles) Phantom LX-R 50,2006,Cross / motocross,12.1,72.4,6.4,49.0,80.0,0,2699.0
Ridley Auto-Glide Classic,2006,Custom / cruiser,0,0,0,738.0,0,0,15600.0
Ridley Auto-Glide Old School,2006,Custom / cruiser,0,0,0,738.0,0,0,16175.0
Ridley Auto-Glide Sport,2006,Custom / cruiser,0,0,0,738.0,0,0,13995.0
Ridley Auto-Glide TT,2006,Custom / cruiser,0,0,0,738.0,0,0,15600.0
Ridley X88,2006,Custom / cruiser,0,0,0,1450.0,0,0,24950.0
Suzuki Boulevard C50,2006,Custom / cruiser,0,0,0,819.4,0,0,6799.0
Suzuki Boulevard C50 Black,2006,Custom / cruiser,0,0,0,819.4,0,0,6699.0
Suzuki Boulevard C50C,2006,Custom / cruiser,0,0,0,819.4,0,0,7099.0
Suzuki Boulevard C50T,2006,Touring,0,0,0,819.4,0,0,7949.0
Suzuki Boulevard C90,2006,Custom / cruiser,0,0,0,1474.9,0,0,10449.0
Suzuki Boulevard C90 Black,2006,Custom / cruiser,0,0,0,1474.9,0,0,10299.0
Suzuki Boulevard C90T,2006,Touring,0,0,0,1474.9,0,0,11499.0
Suzuki Boulevard M 50 Black,2006,Custom / cruiser,0,0,0,50.0,0,0,6799.0
Suzuki Boulevard M109S,2006,Custom / cruiser,0,0,0,1783.0,0,0,12399.0
Suzuki Boulevard M50,2006,Custom / cruiser,0,0,0,50.0,0,0,6899.0
Suzuki Boulevard S40,2006,Custom / cruiser,0,0,0,655.5,0,0,4399.0
Suzuki Boulevard S50,2006,Custom / cruiser,0,0,0,819.4,0,0,6499.0
Suzuki Boulevard S83,2006,Custom / cruiser,0,0,0,1360.2,0,0,8499.0
Suzuki Burgman 400,2006,Scooter,0,0,0,385.0,0,0,5699.0
Suzuki Burgman 400 Type S,2006,Scooter,0,0,0,385.0,0,0,5849.0
Suzuki Burgman 650,2006,Scooter,0,0,0,638.0,0,0,7799.0
Suzuki Burgman 650 Executive,2006,Scooter,0,0,0,638.0,0,0,8799.0
Suzuki DR 200 SE,2006,Super motard,0,0,0,199.0,0,0,3949.0
Suzuki DR 650 SE,2006,Enduro / offroad,0,0,0,644.0,0,0,5099.0
Suzuki DR-Z 125 L,2006,Enduro / offroad,0,0,0,124.0,0,0,2499.0
Suzuki DR-Z 250,2006,Enduro / offroad,0,0,0,249.0,0,0,4699.0
Suzuki DR-Z 400 E,2006,Enduro / offroad,0,0,0,398.0,0,0,5499.0
Suzuki DR-Z 400 S,2006,Enduro / offroad,0,0,0,398.0,0,0,5599.0
Suzuki DR-Z 400 SM,2006,Super motard,0,0,0,398.0,0,0,6199.0
Suzuki GS 500 F,2006,Sport,0,0,0,487.0,0,0,5149.0
Suzuki GSX-R 1000,2006,Sport,0,0,0,998.6,0,0,10999.0
Suzuki GSX-R 600,2006,Sport,0,0,0,599.0,0,0,8799.0
Suzuki GSX-R 600 20th Anniversary,2006,Sport,0,0,0,599.0,0,0,2005.0
Suzuki GSX-R 750,2006,Sport,0,0,0,749.0,0,0,9999.0
Suzuki GSX-R 750 20th Anniversary,2006,Sport,0,0,0,749.0,0,0,9999.0
Suzuki GZ 250,2006,Allround,0,0,0,249.0,0,0,3199.0
Suzuki Hayabusa 1300,2006,Sport,0,0,0,1299.0,0,0,11099.0
Suzuki Hayabusa 1300 Limited,2006,Sport,0,0,0,1299.0,0,0,11299.0
Suzuki JR 50,2006,Minibike-cross,0,0,0,49.0,0,0,1099.0
Suzuki Katana 600,2006,Sport,0,0,0,600.0,0,0,6399.0
Suzuki Katana 750,2006,Sport,0,0,0,750.0,0,0,6999.0
Suzuki RM 125,2006,Cross / motocross,0,0,0,124.0,0,0,5099.0
Suzuki RM 250,2006,Cross / motocross,0,0,0,249.0,0,0,6099.0
Suzuki RM 250 ZK6 Ricky Carmichael Replica,2006,Enduro / offroad,0,0,0,249.0,0,0,6399.0
Suzuki RM 85,2006,Cross / motocross,0,0,0,84.7,0,0,3099.0
Suzuki RM-Z 250,2006,Cross / motocross,0,0,0,249.0,0,0,5599.0
Suzuki RM-Z 450,2006,Cross / motocross,0,0,0,449.0,0,0,6599.0
Suzuki SV 1000 S,2006,Naked bike,0,0,0,996.0,0,0,8599.0
Suzuki SV 650,2006,Naked bike,0,0,0,645.0,0,0,5949.0
Suzuki SV 650 S,2006,Naked bike,0,0,0,645.0,0,0,6449.0
Suzuki V-Strom 1000,2006,Sport,0,0,0,996.0,0,0,8999.0
Suzuki V-Strom 650,2006,Sport,0,0,0,645.0,0,0,6699.0
Tank Sports Trail 110,2006,Trial,7.2,0,0,110.0,0,0,739.0
Tank Sports Trail 200,2006,Trial,16.6,0,0,200.0,0,0,1399.0
Tank Sports Trail-X 200,2006,Trial,16.6,0,0,200.0,0,0,1399.0
Tank Sports Trail-X 250,2006,Trial,19.0,0,0,249.0,0,0,1699.0
Tank Sports Urban 50,2006,Scooter,2.0,0,0,50.0,0,0,900.0
Tank Sports Urban Econo 50,2006,Scooter,2.0,0,0,50.0,0,0,800.0
Tank Sports Urban Racer 150,2006,Scooter,8.8,0,0,149.0,0,0,1450.0
Tank Sports Urban Racer 150 Deluxe,2006,Scooter,8.9,0,0,149.0,0,0,1550.0
Tank Sports Urban Sporty 150,2006,Scooter,8.8,0,0,149.0,0,0,1350.0
Tank Sports Urban Sporty 150 Deluxe,2006,Scooter,8.8,0,0,149.0,0,0,1350.0
Tank Sports Urban Sporty 50,2006,Scooter,2.0,0,0,49.7,0,0,1000.0
Tank Sports Urban Touring 150,2006,Scooter,8.8,0,0,149.0,0,0,1550.0
Tank Sports Urban Touring 150 Deluxe,2006,Scooter,8.8,0,0,149.0,0,0,1600.0
Tank Sports Vision 250 R1,2006,Custom / cruiser,16.6,0,0,233.0,0,0,2400.0
Tank Sports Vision 250 R3,2006,Custom / cruiser,16.6,0,0,233.0,0,0,2600.0
Triumph Bonneville,2006,Classic,62.0,0,60.0,790.0,255.0,0,7499.0
Triumph Bonneville T100,2006,Classic,67.0,0,70.5,865.0,255.0,0,8199.0
Triumph Thruxton 900,2006,Classic,70.0,0,72.0,865.0,255.0,0,7999.0
UM DTF 200,2006,Enduro / offroad,0,0,0,196.4,0,0,2799.0
Ural Gear-Up,2006,Classic,40.0,0,52.0,745.0,0,0,10595.0
Ural Patrol,2006,Sport,40.0,0,52.0,745.0,0,0,8595.0
Ural Tourist,2006,Classic,40.0,0,52.0,745.0,0,0,8595.0
Ural Troyka,2006,Sport,40.0,0,52.0,745.0,0,0,9695.0
Ural Wolf,2006,Sport,40.0,0,52.0,745.0,0,0,5595.0
Vento V-Thunder,2006,Touring,24.1,0,1.6,250.0,0,0,3699.0
Yamaha Midnight Warrior,2006,Custom / cruiser,0,0,0,1649.0,282.0,0,12699.0
Yamaha Road Star,2006,Custom / cruiser,0,0,0,1670.0,320.0,0,11099.0
Yamaha Road Star Midnight,2006,Custom / cruiser,0,0,0,1670.0,320.0,0,11999.0
Yamaha Road Star Midnight Silverado,2006,Custom / cruiser,0,0,0,1670.0,320.0,0,13499.0
Yamaha Road Star Silverado,2006,Custom / cruiser,0,0,0,1670.0,320.0,0,12799.0
Yamaha Roadliner,2006,Custom / cruiser,0,0,0,1851.9,320.0,0,13580.0
Yamaha Roadliner Midnight,2006,Custom / cruiser,0,0,0,1851.9,320.0,0,13880.0
Yamaha Roadliner S,2006,Custom / cruiser,0,0,0,1851.9,320.0,0,14980.0
Yamaha Royal Star Tour Deluxe,2006,Touring,0,0,0,1294.0,320.0,0,13999.0
Yamaha Royal Star Venture,2006,Touring,0,0,0,1294.0,320.0,0,16799.0
Yamaha Stratoliner,2006,Touring,0,0,0,1851.9,320.0,0,15180.0
Yamaha Stratoliner Midnight,2006,Touring,0,0,0,1851.9,320.0,0,15480.0
Yamaha Stratoliner S,2006,Touring,0,0,0,1851.9,320.0,0,16580.0
Yamaha TT-R 125 E,2006,Enduro / offroad,0,0,0,124.0,110.0,0,2449.0
Yamaha V Max,2006,Custom / cruiser,0,0,0,1198.0,282.0,0,11099.0
Yamaha V Star 1100 Classic,2006,Touring,0,0,0,1063.0,282.0,0,8599.0
Yamaha V Star 1100 Custom,2006,Touring,0,0,0,1063.0,282.0,0,8399.0
Yamaha V Star 1100 Silverado,2006,Touring,0,0,0,1063.0,282.0,0,9799.0
Yamaha V Star Classic,2006,Touring,0,0,0,649.0,200.0,0,6199.0
Yamaha V Star Custom,2006,Custom / cruiser,0,0,0,649.0,200.0,0,5799.0
Yamaha V Star Silverado,2006,Touring,0,0,0,649.0,200.0,0,6999.0
Yamaha Virago 250,2006,Custom / cruiser,0,0,0,249.0,130.0,0,3499.0
Yamaha Warrior,2006,Custom / cruiser,0,0,0,649.0,282.0,0,12399.0
BMW R 1200 ST,2005,Sport touring,110.0,233.4,115.0,1170.0,265.0,229.0,14990.0
Bajaj Eliminator,2005,Touring,17.0,121.0,0,174.0,130.0,0,1600.0
Bajaj Pulsar 180 DTSi ETEC,2005,Allround,16.3,117.0,14.7,180.0,230.0,0,1311.0
Buell Blast,2005,Naked bike,34.0,0,40.7,492.0,220.0,0,4595.0
Buell Firebolt XB12R,2005,Sport,103.0,0,113.9,1203.0,240.0,0,10495.0
Buell Firebolt XB9R,2005,Sport,92.0,0,94.9,984.0,240.0,0,8695.0
Buell Lightning CityX XB9SX,2005,Naked bike,92.0,0,94.9,984.0,240.0,0,8695.0
Buell Lightning XB12S,2005,Naked bike,92.0,0,113.9,1203.0,240.0,0,10495.0
Buell Lightning XB12Scg,2005,Naked bike,92.0,0,113.9,1203.0,240.0,0,10495.0
GAS GAS 200 PRO,2005,Trial,0,0,0,175.8,0,0,5249.0
GAS GAS 280 PRO,2005,Trial,0,0,0,272.2,0,0,5895.0
GAS GAS 300 PRO,2005,Trial,0,0,0,294.1,0,0,5895.0
Honda 919 - CB 900 F,2005,Naked bike,0,0,0,919.0,240.0,0,8099.0
Honda CB 250 Nighthawk,2005,Custom / cruiser,0,0,0,234.0,0,0,3499.0
Honda CBR 1000 RR,2005,Sport,0,0,0,998.0,220.0,0,10999.0
Honda CBR 125 R,2005,Sport,13.3,120.0,10.1,125.0,220.0,0,4503.0
Honda CBR 600 F4i,2005,Sport,0,0,0,599.0,220.0,0,8299.0
Honda CBR 600 RR,2005,Sport,0,0,0,599.0,220.0,0,8799.0
Honda CMX 250 Rebel,2005,Custom / cruiser,0,0,0,234.0,0,0,2099.0
Honda CR 125 R,2005,Cross / motocross,0,0,0,125.0,240.0,0,5299.0
Honda CR 250 R,2005,Cross / motocross,0,0,0,249.0,240.0,0,6999.0
Honda CR 85 R,2005,Cross / motocross,0,0,0,84.7,0,0,2999.0
Honda CR 85 R Expert,2005,Cross / motocross,0,0,0,84.7,0,0,3099.0
Honda CRF 100 F,2005,Enduro / offroad,0,0,0,99.0,0,0,2249.0
Honda CRF 150 F,2005,Enduro / offroad,0,0,0,156.8,240.0,0,2999.0
Honda CRF 230 F,2005,Enduro / offroad,0,0,0,223.0,240.0,0,3499.0
Honda CRF 250 R,2005,Cross / motocross,0,0,0,249.0,240.0,0,5899.0
Honda CRF 250 X,2005,Enduro / offroad,0,0,0,249.0,240.0,0,6199.0
Honda CRF 450 R,2005,Cross / motocross,0,0,0,449.0,240.0,0,6699.0
Honda CRF 450 X,2005,Cross / motocross,0,0,0,449.0,240.0,0,6999.0
Honda CRF 50 F,2005,Enduro / offroad,0,0,0,49.0,0,0,1249.0
Honda CRF 70 F,2005,Enduro / offroad,0,0,0,72.0,0,0,1549.0
Honda CRF 80 F,2005,Enduro / offroad,0,0,0,80.0,0,0,1949.0
Honda FSC 600 S,2005,Scooter,0,193.1,0,582.0,240.0,0,7940.0
Honda GL 1800 Gold Wing,2005,Touring,118.0,0,167.0,1832.0,316.0,0,18199.0
Honda GL 1800 Gold Wing ABS,2005,Touring,118.0,0,167.0,1832.0,316.0,0,19299.0
Honda RC 51,2005,Sport,0,0,0,999.0,220.0,0,11599.0
Honda ST 1300,2005,Sport touring,118.0,0,117.0,1261.0,316.0,0,13699.0
Honda ST 1300 ABS,2005,Sport touring,118.0,0,117.0,1261.0,316.0,0,14799.0
Honda Shadow Aero,2005,Custom / cruiser,0,0,0,745.0,180.0,0,6299.0
Honda Shadow Sabre,2005,Custom / cruiser,0,0,0,1099.0,276.0,0,8299.0
Honda Shadow Spirit,2005,Custom / cruiser,0,0,0,1099.0,0,0,8299.0
Honda Shadow Spirit 750,2005,Custom / cruiser,0,0,0,745.0,296.0,0,6099.0
Honda Shadow VLX,2005,Custom / cruiser,0,0,0,583.0,0,0,5099.0
Honda Shadow VTX Deluxe,2005,Custom / cruiser,0,0,0,583.0,0,0,5399.0
Honda VFR 800 FI Interceptor,2005,Sport,0,0,0,781.0,256.0,0,10199.0
Honda VFR 800 FI Interceptor ABS,2005,Sport,0,0,0,781.0,256.0,0,11199.0
Honda VTR 1000 F Super Hawk,2005,Sport,0,0,0,996.0,220.0,0,8999.0
Honda VTX 1300 C,2005,Custom / cruiser,0,0,0,1312.0,296.0,0,9299.0
Honda VTX 1300 R,2005,Custom / cruiser,0,0,0,1312.0,296.0,0,9299.0
Honda VTX 1300 S,2005,Custom / cruiser,0,0,0,1312.0,296.0,0,9299.0
Honda VTX 1800,2005,Custom / cruiser,0,0,0,1795.0,316.0,0,12599.0
Honda XR 650 L,2005,Enduro / offroad,0,0,0,644.0,0,0,5599.0
Honda XR 650 R,2005,Enduro / offroad,0,0,0,649.0,240.0,0,6099.0
Hyosung GT 250 Comet,2005,Naked bike,0,0,0,249.0,0,0,5800.0
Jinlun JL 125 MARAUDER     (JL125 - 11),2005,Custom / cruiser,12.1,88.0,8.5,124.1,0,0,1992.0
Kawasaki Eliminator 125,2005,Allround,0,0,0,124.0,0,0,2599.0
Kawasaki KDX 200,2005,Enduro / offroad,0,0,0,198.0,0,0,4099.0
Kawasaki KDX 220 R,2005,Enduro / offroad,0,0,0,216.0,0,0,4499.0
Kawasaki KDX 50,2005,Minibike-sport,0,0,0,49.0,0,0,1099.0
Kawasaki KLR 250,2005,Enduro / offroad,0,0,0,249.0,0,0,4099.0
Kawasaki KLR 650,2005,Enduro / offroad,0,0,0,651.0,0,0,5099.0
Kawasaki KLX 110,2005,Enduro / offroad,0,0,0,111.0,0,0,1649.0
Kawasaki KLX 125,2005,Enduro / offroad,0,0,0,124.0,0,0,2299.0
Kawasaki KLX 125 L,2005,Enduro / offroad,0,0,0,124.0,0,0,2499.0
Kawasaki KLX 300 R,2005,Enduro / offroad,0,0,0,292.0,0,0,4799.0
Kawasaki KX 100,2005,Cross / motocross,0,0,0,99.0,0,0,3349.0
Kawasaki KX 125,2005,Cross / motocross,0,0,0,124.0,0,0,5099.0
Kawasaki KX 250,2005,Cross / motocross,0,0,0,249.0,0,0,5999.0
Kawasaki KX 250 F,2005,Cross / motocross,0,0,0,249.0,240.0,0,5599.0
Kawasaki KX 65,2005,Cross / motocross,0,0,0,64.7,0,0,2799.0
Kawasaki KX 85,2005,Cross / motocross,0,0,0,84.0,0,0,2999.0
Kawasaki Ninja 250 R,2005,Sport,0,0,0,248.0,0,0,2999.0
Kawasaki Ninja 500 R,2005,Sport,0,0,0,498.0,0,0,4899.0
Kawasaki Ninja ZX-10 R,2005,Sport,0,0,0,998.0,220.0,0,10999.0
Kawasaki Ninja ZX-12 R,2005,Sport,0,0,0,1200.0,230.0,0,10999.0
Kawasaki Ninja ZX-6 R,2005,Sport,0,0,0,636.0,220.0,0,8599.0
Kawasaki Ninja ZX-6 RR,2005,Sport,0,0,0,599.0,220.0,0,8799.0
Kawasaki Vulcan 1500 Classic,2005,Custom / cruiser,0,0,0,1470.0,270.0,0,9599.0
Kawasaki Vulcan 1500 Drifter,2005,Custom / cruiser,0,0,0,1470.0,270.0,0,11299.0
Kawasaki Vulcan 1600 Classic,2005,Custom / cruiser,0,0,0,1550.0,300.0,0,10599.0
Kawasaki Vulcan 1600 Mean Streak,2005,Custom / cruiser,0,0,0,1550.0,300.0,0,10999.0
Kawasaki Vulcan 1600 Nomad,2005,Custom / cruiser,0,0,0,1550.0,300.0,0,12999.0
Kawasaki Vulcan 2000,2005,Custom / cruiser,0,0,0,2050.0,320.0,0,14499.0
Kawasaki Vulcan 2000 Limited,2005,Custom / cruiser,0,0,0,2050.0,320.0,0,15999.0
Kawasaki Vulcan 500 Ltd - EN 500 C,2005,Custom / cruiser,0,0,0,498.0,0,0,4849.0
Kawasaki Vulcan 750,2005,Custom / cruiser,0,0,0,749.0,0,0,6199.0
Kawasaki Vulcan 800,2005,Custom / cruiser,0,0,0,805.0,0,0,6099.0
Kawasaki Vulcan 800 Classic,2005,Custom / cruiser,0,0,0,805.0,0,0,6549.0
Kawasaki Vulcan 800 Drifter,2005,Custom / cruiser,0,0,0,805.0,0,0,7199.0
Kawasaki Z 1000,2005,Naked bike,0,0,0,953.0,250.0,0,8499.0
Kawasaki Z 750 S,2005,Naked bike,0,0,0,748.0,220.0,0,6999.0
Kawasaki ZRX 1200 R,2005,Naked bike,0,0,0,1160.0,250.0,0,7999.0
Kawasaki ZZR 1200,2005,Sport touring,0,0,0,1160.0,250.0,0,10599.0
Kawasaki ZZR 600,2005,Sport touring,0,0,0,599.0,220.0,0,7199.0
Lem LX 2 Factory Racing,2005,Minibike-cross,0,0,0,49.8,0,0,2300.0
Lem LX 2 USA  Racing,2005,Minibike-cross,0,0,0,49.8,90.0,0,1399.0
Lem LX 3,2005,Minibike-cross,0,0,0,49.8,0,0,1615.0
Lem LX 3 Factory  Racing,2005,Minibike-cross,0,0,0,49.8,90.0,0,2795.0
Lem LX 4,2005,Minibike-cross,0,0,0,49.8,0,0,2129.0
Suzuki Bandit 1200 S,2005,Allround,0,0,0,1157.0,0,0,7399.0
Suzuki Boulevard C50,2005,Custom / cruiser,0,0,0,819.4,0,0,6799.0
Suzuki Boulevard C50 Black,2005,Custom / cruiser,0,0,0,819.4,0,0,6649.0
Suzuki Boulevard C50 T,2005,Custom / cruiser,0,0,0,819.4,0,0,7799.0
Suzuki Boulevard C90,2005,Custom / cruiser,0,0,0,1474.9,0,0,10399.0
Suzuki Boulevard C90 Black,2005,Custom / cruiser,0,0,0,1474.9,0,0,11299.0
Suzuki Boulevard C90 T,2005,Custom / cruiser,0,0,0,1474.9,0,0,11299.0
Suzuki Boulevard M50,2005,Custom / cruiser,0,0,0,819.4,0,0,6749.0
Suzuki Boulevard M95,2005,Custom / cruiser,0,0,0,1552.0,0,0,10999.0
Suzuki Boulevard S40,2005,Custom / cruiser,0,0,0,655.5,0,0,4399.0
Suzuki Boulevard S50,2005,Custom / cruiser,0,0,0,819.4,0,0,6499.0
Suzuki Boulevard S83,2005,Custom / cruiser,0,0,0,1360.2,0,0,8399.0
Suzuki DR 200 SE,2005,Sport,0,0,0,199.0,0,0,3899.0
Suzuki DR 650 SE,2005,Enduro / offroad,0,0,0,644.0,0,0,4999.0
Suzuki DR-Z 110,2005,Enduro / offroad,0,0,0,111.0,0,0,1699.0
Suzuki DR-Z 125,2005,Enduro / offroad,0,0,0,124.0,0,0,2299.0
Suzuki DR-Z 125 L,2005,Enduro / offroad,0,0,0,124.0,0,0,2499.0
Suzuki DR-Z 250,2005,Enduro / offroad,0,0,0,249.0,0,0,4699.0
Suzuki DR-Z 400 E,2005,Enduro / offroad,0,0,0,398.0,0,0,5499.0
Suzuki DR-Z 400 S,2005,Sport,0,0,0,398.0,0,0,5499.0
Suzuki DR-Z 400 SM,2005,Allround,0,0,0,398.0,0,0,6099.0
Suzuki GS 500 F,2005,Sport,0,0,0,487.0,0,0,5099.0
Suzuki GSX 1300 R Hayabusa,2005,Sport,0,0,0,1299.0,240.0,0,10899.0
Suzuki GSX-R 1000,2005,Sport,0,0,0,998.0,0,0,10849.0
Suzuki GSX-R 600,2005,Sport,0,0,0,599.0,0,0,8199.0
Suzuki GSX-R 750,2005,Sport,0,0,0,748.0,0,0,9649.0
Suzuki GZ 250,2005,Allround,0,0,0,249.0,0,0,3149.0
Suzuki JR 50,2005,Minibike-cross,0,0,0,50.0,0,0,1099.0
Suzuki Katana 600,2005,Sport,0,0,0,600.0,0,0,6299.0
Suzuki Katana 750,2005,Sport,0,0,0,750.0,0,0,6999.0
Suzuki RM 125,2005,Cross / motocross,0,0,0,124.0,0,0,5099.0
Suzuki RM 250,2005,Cross / motocross,0,0,0,249.0,0,0,5999.0
Suzuki RM 65,2005,Cross / motocross,0,0,0,64.7,0,0,2849.0
Suzuki RM 85,2005,Cross / motocross,0,0,0,84.7,0,0,3099.0
Suzuki RM 85 L,2005,Cross / motocross,0,0,0,84.7,0,0,3199.0
Suzuki RM-Z 250,2005,Cross / motocross,0,0,0,249.0,0,0,5599.0
Suzuki RM-Z 450,2005,Cross / motocross,0,0,0,449.0,0,0,6499.0
Suzuki SV 1000 S,2005,Sport,0,0,0,996.0,0,0,8599.0
Suzuki SV 650,2005,Allround,0,0,0,647.0,0,0,5899.0
Suzuki SV 650 S,2005,Sport,0,0,0,645.0,0,0,6399.0
Suzuki V-Strom 1000,2005,Allround,0,0,0,996.0,0,0,8999.0
Suzuki V-Strom 650,2005,Allround,0,0,0,645.0,0,0,6699.0
Victory Hammer,2005,Custom / cruiser,0,0,0,1638.8,300.0,0,16499.0
Victory Kingpin,2005,Custom / cruiser,0,0,0,1507.7,300.0,0,15299.0
Victory Ness Signature Series Kingpin,2005,Custom / cruiser,0,0,0,92.0,300.0,0,20249.0
Victory Ness Signature Series Vegas,2005,Custom / cruiser,0,0,0,1507.7,300.0,0,19999.0
Victory Touring Cruiser,2005,Touring,0,0,0,1507.7,300.0,0,15199.0
Victory Vegas,2005,Custom / cruiser,0,0,0,1507.7,300.0,0,14999.0
Victory Vegas 8-Ball,2005,Custom / cruiser,0,0,0,1507.7,300.0,0,12999.0
Yamaha FJR 1300,2005,Sport touring,0,0,0,1298.0,282.0,0,11799.0
Yamaha FZ1,2005,Naked bike,0,0,0,998.0,267.0,0,8599.0
Yamaha FZ6,2005,Sport,0,0,0,600.0,245.0,0,6599.0
Yamaha PW 50,2005,Minibike-cross,0,0,0,49.0,0,0,1079.0
Yamaha PW 80,2005,Minibike-cross,0,0,0,79.0,110.0,0,1249.0
Yamaha Road Star 1700,2005,Custom / cruiser,0,0,0,1670.0,320.0,0,11099.0
Yamaha Road Star Midnight,2005,Scooter,0,0,0,400.0,267.0,0,5799.0
Yamaha Road Star Midnight Silverado 1700,2005,Custom / cruiser,0,0,0,1670.0,320.0,0,13299.0
Yamaha Road Star Silverado 1700,2005,Custom / cruiser,0,0,0,1670.0,320.0,0,12699.0
Yamaha Road Star Warrior 1700,2005,Custom / cruiser,0,0,0,1670.0,282.0,0,12099.0
Yamaha Royal Star Midnight Venture 1300,2005,Touring,98.0,0,0,1294.0,320.0,0,16999.0
Yamaha Royal Star Tour Deluxe,2005,Sport touring,0,0,0,1294.0,320.0,0,13999.0
Yamaha Royal Star Venture 1300,2005,Touring,98.0,0,0,1294.0,320.0,0,16499.0
Yamaha TT-R 125 E,2005,Enduro / offroad,0,0,0,124.0,110.0,0,2399.0
Yamaha TT-R 125 L - LE,2005,Enduro / offroad,0,0,0,124.0,110.0,0,2499.0
Yamaha TT-R 225,2005,Enduro / offroad,0,0,0,223.0,220.0,0,2899.0
Yamaha TT-R 250,2005,Enduro / offroad,0,0,0,249.0,220.0,0,4399.0
Yamaha TT-R 90 E,2005,Enduro / offroad,0,0,0,89.0,110.0,0,1699.0
Yamaha TW 200,2005,Allround,0,0,0,196.0,110.0,0,3699.0
Yamaha V Max,2005,Custom / cruiser,0,0,0,649.0,282.0,0,10999.0
Yamaha V Star 1100 Classic,2005,Custom / cruiser,0,0,0,1063.0,282.0,0,8349.0
Yamaha V Star 1100 Custom,2005,Custom / cruiser,0,0,0,1063.0,282.0,0,7949.0
Yamaha V Star 1100 Silverado,2005,Custom / cruiser,0,0,0,1063.0,282.0,0,9499.0
Yamaha V Star Classic 650,2005,Custom / cruiser,0,0,0,649.0,200.0,0,5899.0
Yamaha V Star Custom 650,2005,Custom / cruiser,0,0,0,649.0,200.0,0,5599.0
Yamaha V Star Silverado,2005,Custom / cruiser,0,0,0,649.0,200.0,0,6799.0
Yamaha Vino,2005,Scooter,0,0,0,49.0,0,0,1699.0
Yamaha Vino 125,2005,Scooter,0,0,0,124.0,110.0,0,2299.0
Yamaha Vino Classic,2005,Scooter,0,0,0,124.0,0,0,1799.0
Yamaha Virago 250,2005,Custom / cruiser,0,0,0,249.0,130.0,0,3499.0
Yamaha WR 250 F,2005,Enduro / offroad,0,0,0,249.0,245.0,0,5899.0
Yamaha WR 450 F,2005,Enduro / offroad,0,0,0,449.0,245.0,0,6499.0
Yamaha XT 225,2005,Allround,0,0,0,223.0,110.0,0,4099.0
Yamaha YZ 125,2005,Cross / motocross,0,0,0,124.0,245.0,0,5099.0
Yamaha YZ 250,2005,Cross / motocross,0,0,0,249.0,245.0,0,5999.0
Yamaha YZ 250 F,2005,Cross / motocross,0,0,0,249.0,245.0,0,5599.0
Yamaha YZ 450 F,2005,Cross / motocross,0,0,0,449.0,245.0,0,6299.0
Yamaha YZ 85,2005,Cross / motocross,0,0,0,85.0,190.0,0,3059.0
Yamaha YZF 600 R,2005,Sport,0,0,0,599.0,245.0,0,7099.0
Yamaha YZF-R1,2005,Sport,180.0,0,0,998.0,220.0,0,10699.0
Yamaha YZF-R6,2005,Sport,0,0,0,600.0,220.0,0,8399.0
Yamaha Zuma,2005,Scooter,0,0,0,49.0,155.0,0,1799.0
BMW R 1150 RT,2004,Touring,93.9,200.0,100.0,1130.0,276.0,279.0,13690.0
Buell Blast,2004,Naked bike,34.0,0,43.0,492.0,220.0,0,4595.0
Hero Honda Karizma,2004,Sport,17.0,125.0,18.4,223.0,130.0,0,1600.0
Honda 599,2004,Naked bike,0,0,0,599.0,220.0,0,7099.0
Honda 919,2004,Sport,0,0,0,919.0,240.0,0,7999.0
Honda CB 250 Nighthawk,2004,Allround,0,0,0,234.0,0,0,3399.0
Honda CBR 1000 RR,2004,Sport,0,0,0,998.0,220.0,0,10999.0
Honda CBR 600 F4i,2004,Sport,0,0,0,599.0,220.0,0,8199.0
Honda CBR 600 RR,2004,Sport,0,0,0,599.0,220.0,0,8599.0
Honda CMX 250 Rebel,2004,Custom / cruiser,0,0,0,250.0,0,0,2999.0
Honda CR 250 F,2004,Cross / motocross,0,0,0,249.0,240.0,0,5999.0
Honda CR 250 R,2004,Cross / motocross,0,0,0,249.0,240.0,0,5099.0
Honda CR 85 R,2004,Cross / motocross,0,0,0,84.7,0,0,2899.0
Honda CR 85 R Expert,2004,Cross / motocross,0,0,0,84.7,0,0,2999.0
Honda CRF 100 F,2004,Enduro / offroad,0,0,0,99.0,0,0,2199.0
Honda CRF 150 F,2004,Enduro / offroad,0,0,0,156.8,240.0,0,2899.0
Honda CRF 230 F,2004,Enduro / offroad,0,0,0,223.0,240.0,0,3399.0
Honda CRF 250 F,2004,Cross / motocross,0,0,0,249.0,240.0,0,5799.0
Honda CRF 250 X,2004,Enduro / offroad,0,0,0,249.0,240.0,0,5999.0
Honda CRF 450 F,2004,Cross / motocross,0,0,0,449.0,240.0,0,6499.0
Honda CRF 50 F,2004,Enduro / offroad,0,0,0,49.0,0,0,1199.0
Honda CRF 70 F,2004,Enduro / offroad,0,0,0,70.0,0,0,1399.0
Honda CRF 80 F,2004,Enduro / offroad,0,0,0,80.0,0,0,1899.0
Honda Dream 50 R,2004,Sport,0,0,0,49.0,0,0,5499.0
Honda Elite 80,2004,Scooter,0,0,0,80.0,0,0,2199.0
Honda GL 1800 Gold Wing,2004,Touring,118.0,0,167.0,1832.0,316.0,0,17999.0
Honda GL 1800 Gold Wing ABS,2004,Touring,118.0,0,167.0,1832.0,316.0,0,18999.0
Honda Helix,2004,Scooter,0,0,0,244.0,0,0,4999.0
Honda Metropolitan,2004,Scooter,0,0,0,49.0,0,0,1749.0
Honda Metropolitan II,2004,Scooter,0,0,0,49.0,0,0,1749.0
Honda NSR 50 R,2004,Sport,0,0,0,49.0,0,0,3599.0
Honda RC 51 - RTV 1000 R,2004,Sport,0,0,0,999.0,220.0,0,11599.0
Honda Reflex,2004,Scooter,0,0,0,249.0,220.0,0,5199.0
Honda Reflex ABS,2004,Scooter,0,0,0,249.0,220.0,0,5699.0
Honda Ruckus,2004,Scooter,0,0,0,49.0,0,0,1899.0
Honda ST 1300,2004,Sport touring,118.0,0,117.0,1261.0,316.0,0,13499.0
Honda ST 1300 ABS,2004,Sport touring,118.0,0,117.0,1261.0,316.0,0,14499.0
Honda Shadow Sabre,2004,Custom / cruiser,0,0,0,1099.0,276.0,0,8299.0
Honda Shadow Spirit,2004,Custom / cruiser,0,0,0,1099.0,0,0,8099.0
Honda Silver Wing,2004,Scooter,0,0,0,582.0,240.0,0,7599.0
Honda Silver Wing ABS,2004,Scooter,0,0,0,582.0,240.0,0,8099.0
Honda VF 750 Magna,2004,Custom / cruiser,0,0,0,748.0,0,0,7499.0
Honda VFR 800 FI Interceptor,2004,Sport,0,0,0,781.0,256.0,0,9999.0
Honda VFR 800 FI Interceptor ABS,2004,Sport,0,0,0,781.0,256.0,0,9999.0
Honda VT 600 Shadow VLX,2004,Custom / cruiser,0,0,0,583.0,0,0,4999.0
Honda VT 600 Shadow VLX Deluxe,2004,Custom / cruiser,0,0,0,583.0,0,0,5299.0
Honda VT 750 Shadow Aero,2004,Custom / cruiser,0,0,0,745.0,180.0,0,6199.0
Honda VTR 1000 F Super Hawk,2004,Sport,0,0,0,996.0,220.0,0,8999.0
Honda VTX 1300,2004,Custom / cruiser,0,0,0,1312.0,296.0,0,9199.0
Honda VTX 1300 Retro,2004,Custom / cruiser,0,0,0,1312.0,296.0,0,9199.0
Honda VTX 1800,2004,Custom / cruiser,107.0,0,165.0,1832.0,316.0,0,12599.0
Honda VTX 1800 Retro Cast,2004,Custom / cruiser,0,0,0,1795.0,316.0,0,12999.0
Honda VTX 1800 Retro Spoke,2004,Custom / cruiser,0,0,0,1795.0,316.0,0,13199.0
Honda Valkyrie,2004,Custom / cruiser,0,0,0,1250.0,0,0,13099.0
Honda XR 100 R,2004,Enduro / offroad,0,0,0,99.0,0,0,2099.0
Honda XR 250 R,2004,Enduro / offroad,0,0,0,249.0,0,0,4699.0
Honda XR 400 R,2004,Enduro / offroad,0,0,0,397.0,0,0,5299.0
Honda XR 650 L,2004,Enduro / offroad,0,0,0,649.0,0,0,5499.0
Honda XR 650 R,2004,Enduro / offroad,0,0,0,649.0,240.0,0,5999.0
Suzuki Bandit 1200 S,2004,Sport,0,0,0,1157.0,0,0,7399.0
Suzuki Burgman 400,2004,Scooter,0,0,0,385.0,0,0,5599.0
Suzuki Burgman 650,2004,Scooter,0,0,0,638.0,0,0,7699.0
Suzuki DR 200 SE,2004,Enduro / offroad,0,0,0,199.0,0,0,3899.0
Suzuki DR-Z 250,2004,Enduro / offroad,0,0,0,249.0,0,0,4699.0
Suzuki DR-Z 400 E,2004,Enduro / offroad,0,0,0,398.0,0,0,5499.0
Suzuki GS 500 F,2004,Sport,0,0,0,487.0,0,0,4999.0
Suzuki GSX 1300 R Hayabusa,2004,Sport,0,0,0,1299.0,0,0,10899.0
Suzuki GSX 1300 R Hayabusa Limited,2004,Sport,0,0,0,1299.0,0,0,10999.0
Suzuki GSX-R 1000,2004,Sport,0,0,0,998.0,0,0,10599.0
Suzuki GSX-R 1000 Mladin Replica,2004,Sport,0,0,0,998.0,0,0,10799.0
Suzuki GSX-R 600,2004,Sport,0,0,0,599.0,0,0,8099.0
Suzuki GSX-R 750,2004,Sport,0,0,0,749.0,0,0,9599.0
Suzuki GZ 250,2004,Custom / cruiser,0,0,0,249.0,0,0,3049.0
Suzuki Intruder 1400,2004,Custom / cruiser,0,0,0,1360.0,0,0,8399.0
Suzuki Intruder 800,2004,Custom / cruiser,0,0,0,805.0,0,0,6449.0
Suzuki Intruder LC 1500,2004,Custom / cruiser,0,0,0,1462.0,0,0,9999.0
Suzuki JR 80,2004,Enduro / offroad,0,0,0,79.0,0,0,1699.0
Suzuki Katana 600,2004,Sport,0,0,0,600.0,0,0,6299.0
Suzuki Katana 750,2004,Sport,0,0,0,750.0,0,0,7299.0
Suzuki Marauder 1600 S,2004,Custom / cruiser,0,0,0,1552.0,0,0,10999.0
Suzuki Marauder 800,2004,Custom / cruiser,0,0,0,805.0,0,0,5999.0
Suzuki SV 1000 S,2004,Sport,0,0,0,996.0,0,0,8599.0
Suzuki SV 650 S,2004,Sport,0,0,0,645.0,0,0,6299.0
Suzuki Savage 650,2004,Custom / cruiser,0,0,0,652.0,0,0,4349.0
Suzuki V-Strom 1000,2004,Allround,0,0,0,996.0,0,0,8999.0
Suzuki V-Strom 650,2004,Allround,0,0,0,645.0,0,0,6599.0
Suzuki Volusia 800,2004,Custom / cruiser,0,0,0,805.0,0,0,6699.0
Suzuki Volusia 800 Limited,2004,Custom / cruiser,0,0,0,805.0,0,0,6899.0
Yamaha Road Star Midnight Silverado 1700,2004,Custom / cruiser,0,0,0,1670.0,320.0,0,13299.0
Yamaha TT-R 225,2004,Enduro / offroad,0,0,0,223.0,220.0,0,2899.0
Di Blasi F7,2003,Scooter,1.2,45.0,2.6,49.0,70.0,0,2475.0
Hero Honda CBZ,2003,Sport,16.0,113.0,0,150.0,457.0,0,2500.0
Honda NX-4 FALCON,2003,Custom / cruiser,0,0,0,400.0,0,0,5000.0
Honda VF 750 Magna,2003,Custom / cruiser,78.2,0,65.0,748.0,315.0,244.0,7499.0
Peugeot Speedfight 2 100 WRC,2003,Scooter,9.0,107.8,0,100.0,0,0,1999.0
Suzuki XF 650 Freewind,2003,Enduro / offroad,47.0,160.0,51.6,644.0,240.0,0,8600.0
Kawasaki KLR 250,2001,Enduro / offroad,0,0,0,249.0,120.0,0,4149.0
Kawasaki Voyager XII,2001,Touring,86.0,0,0,1196.0,0,362.4,12299.0
Atlas Honda CG 125 - Millenium Power,2000,Naked bike,0,125.0,0,125.0,0,0,1130.0
Honda VT 1100 C Shadow Spirit,2000,Custom / cruiser,0,0,0,1099.0,0,0,7995.0
Yamaha XVZ 13 TFL MM Limited,2000,Touring,98.0,193.1,0,1294.0,320.0,394.0,16499.0
Hyosung TN 125,1999,Touring,0,0,0,125.0,0,0,1950.0
Yamaha FZR 600,1999,Sport,0,0,0,599.0,245.0,0,7000.0
Chang-Jiang CJ750 M1M,1998,Classic,23.7,90.0,0,746.0,0,0,3500.0
Honda XL Degree 250,1998,Enduro / offroad,28.0,0,0,249.0,0,0,3100.0
Honda CR 250 R,1995,Cross / motocross,59.0,140.0,51.0,250.0,240.0,0,1600.0
Suzuki Tornado GX,1995,Scooter,0,120.0,0,100.0,0,0,1000.0
Yamaha TT 600 E,1994,Enduro / offroad,0,0,0,600.0,0,0,1500.0
Ducati 888 SP5,1993,Sport,118.0,260.0,88.0,888.0,245.0,0,28000.0
Gilera Nordwest,1993,Super motard,46.0,0,0,558.0,0,0,1700.0
Yamaha FZ 150 N,1992,Naked bike,17.4,130.0,0,149.0,0,148.0,3200.0
Yamaha TW 200 Electric,1992,Enduro / offroad,16.0,120.0,15.0,196.0,13.0,126.0,4150.0
Kawasaki ZXR 250c,1991,Sport,45.0,215.0,24.0,249.0,0,162.0,4000.0
Kawasaki ZXR250C Ninja,1991,Sport,45.0,0,24.0,249.0,0,0,4000.0
Kawasaki ZR 550B Zephyr,1990,Naked bike,50.0,220.5,0,553.0,0,206.0,4995.0
Yamaha FZR 400,1989,Sport,0,0,0,399.0,210.0,0,4895.0
Honda NT 650 Hawk,1988,Naked bike,0,185.1,0,647.0,240.0,186.9,3995.0
Honda VTR 250 Interceptor,1988,Sport touring,45.0,190.0,0,249.0,0,165.0,2998.0
Kawasaki KZ 1000 P7,1988,Custom / cruiser,102.0,210.8,9.3,998.0,300.0,320.0,8500.0
Yamaha YZ490,1987,Cross / motocross,55.0,0,0,490.0,0,0,3000.0
Suzuki GV1400 Cavalcade,1986,Touring,112.0,193.1,123.0,1360.0,381.0,373.3,8000.0
Yamaha XV 700 SS,1986,Custom / cruiser,56.0,170.0,58.8,699.0,267.0,238.0,3049.0
Yamaha YX 600 Radian,1986,Naked bike,52.4,125.0,35.6,599.0,0,197.8,2500.0
Honda CBX 650 E Nighthawk,1985,Custom / cruiser,60.0,200.0,0,656.0,0,230.0,2985.0
Yamaha XJ 700 N Maxim,1985,Custom / cruiser,86.0,0,61.8,696.0,270.0,228.0,2999.0
Yamaha XJ700XN,1985,Custom / cruiser,0,217.3,0,697.0,0,224.0,3499.0
Yamaha XJ700XNC,1985,Custom / cruiser,0,217.3,0,697.0,0,224.0,3499.0
Honda VF 1100 S Sabre V65,1984,Sport,121.0,0,101.7,1098.0,279.0,0,4548.0
Honda VF 1100 S Sabre V65,1984,Sport,121.0,0,101.7,1098.0,279.0,0,4548.0
Honda CB1000C,1983,Sport touring,89.0,196.3,60.7,973.0,295.0,276.7,3648.0
WSK 125 M06B3, engine model S01 Z3A Lux,1983,Classic,8.0,85.0,9.8,125.0,140.0,114.0
Yamaha XV750 Virago,1983,Custom / cruiser,52.0,169.0,5.4,748.0,180.0,228.0,2979.0
Honda CB450SC Nighthawk,1982,Classic,45.0,0,0,447.0,0,0,1998.0
Yamaha Seca,1982,Sport touring,73.0,196.3,0,653.0,0,0,2800.0
Triumph T140 ES Bonneville Royal Limited Edition,1981,Classic,0,180.0,0,750.0,254.0,199.6,4200.0
Yamaha IT465,1981,Cross / motocross,46.0,0,0,465.0,0,0,3000.0
Honda CB900 Custom,1980,Custom / cruiser,0,0,0,902.0,0,0,3295.0
Kawasaki KZ 440 B1,1980,Naked bike,40.0,180.0,3.6,443.0,30.0,180.0,995.0
Yamaha FS 1 DX Fizzy,1979,Classic,4.0,45.0,0,49.0,0,0,3000.0
Honda CB 750 A Hondamatic,1978,Sport touring,0,128.7,0,736.0,0,0,2438.0
Honda CD 185 TWIN,1978,Classic,15.0,125.0,0,180.0,0,0,1499.0
Kawasaki Z400,1978,Classic,0,0,0,400.0,0,0,3000.0
Kawasaki KZ1000 LTD,1977,Sport,85.0,257.5,8.3,1015.0,0,0,3200.0
Can-Am TnT 250cc,1975,Enduro / offroad,29.0,128.8,0,247.0,0,119.8,1500.0
Can-Am TnT 250cc,1975,Enduro / offroad,29.0,128.8,0,247.0,0,119.8,1500.0
AJS Stormer Y4 250 Mk 2,1974,Cross / motocross,25.0,0,0,247.0,127.0,0,1149.0
CZ 400 MX Type 981,1974,Cross / motocross,42.0,80.5,0,400.0,7.0,0,1200.0
Indian ME 100,1974,Enduro / offroad,8.0,88.5,1.0,97.0,127.0,86.2,750.0
Norton MK2A 850 Commando Roadster,1974,Sport,60.0,189.9,0,828.0,0,199.6,1900.0
Yamaha 125 MX,1974,Cross / motocross,0,0,0,125.0,0,0,800.0
Yamaha TX 500,1973,Classic,50.0,177.0,0,500.0,0,0,1295.0
Yamaha CS5,1972,Naked bike,22.0,135.0,21.3,195.0,0,0,649.0
Yamaha AG 175,1971,Enduro / offroad,0,0,0,175.0,0,0,2000.0
BSA Firebird Scrambler,1969,Sport,52.0,169.0,0,654.0,0,0,1440.0
BSA Firebird Scrambler,1968,Sport,52.0,169.0,0,654.0,0,0,1440.0
CZ 360,1968,Allround,0,48.3,0,360.0,0,0,1300.0
Harley-Davidson FLH Electra Glide,1968,Touring,60.0,160.0,94.9,1212.7,0,0,1600.0
Harley-Davidson FLH Electra Glide,1967,Touring,60.0,160.0,94.9,1212.7,0,0,1600.0
Harley-Davidson FLH Electra Glide,1967,Touring,60.0,160.0,94.9,1212.7,0,0,1600.0
Harley-Davidson FLH Electra Glide,1966,Touring,60.0,160.0,94.9,1212.7,0,0,1600.0
Harley-Davidson Sportster XLCH Ironhead,1958,Sport,55.0,0,0,883.0,0,0,1269.0
Harley-Davidson Sportster XL Ironhead,1957,Sport,40.0,152.9,0,883.0,0,0,1100.0
Harley-Davidson Sportster XL Ironhead,1957,Sport,40.0,152.9,0,883.0,0,0,1100.0
Harley-Davidson XL Sportster,1957,Sport,42.0,162.0,0,883.0,0,0,1103.0
Harley-Davidson XL Sportster,1957,Sport,42.0,162.0,0,883.0,0,0,1103.0
Harley-Davidson FL Hydra Glide,1954,Touring,55.0,160.9,0,1208.0,0,0,900.0
Harley-Davidson FL Hydra Glide,1953,Touring,55.0,160.9,0,1208.0,0,0,900.0
Harley-Davidson FL Hydra Glide,1952,Touring,55.0,160.9,0,1208.0,0,0,900.0
Harley-Davidson Model K,1952,Allround,30.0,129.0,0,743.0,0,0,865.0
Harley-Davidson FL Hydra Glide,1951,Touring,55.0,160.9,0,1208.0,0,0,900.0
Harley-Davidson FL Hydra Glide,1950,Touring,55.0,160.9,0,1208.0,0,0,900.0
Harley-Davidson FL Hydra Glide,1949,Touring,55.0,160.9,0,1208.0,0,0,900.0
Harley-Davidson Model FL,1948,Touring,50.0,160.9,0,1212.0,0,0,650.0
Harley-Davidson Model FL,1948,Touring,50.0,160.9,0,1212.0,0,0,650.0